# English abstractness lexicon, 0 (fully concrete) .. 100 (fully abstract).
# Derived from the human-rated concreteness norms of Brysbaert, Warriner &
# Kuperman (2014), "Concreteness ratings for 40 thousand generally known
# English word lemmas", Behavior Research Methods 46, 904-911.
# Transform: abstractness = round((5 - Conc.M) / 4 * 100). Single words only;
# words known to fewer than 85% of raters are excluded.
# Curated project-specific additions belong in abstractness_extra_en.tsv
# (same format, one "word<TAB>grade" per line); they override this file.
a	88
aardvark	8
aback	84
abacus	12
abandon	62
abandoned	62
abandonee	52
abandoner	62
abandonment	62
abasement	83
abatement	77
abbreviate	60
abbreviated	48
abbreviation	48
abdicate	73
abdomen	7
abdominal	18
abdominally	46
abduct	53
abductee	43
abduction	48
abductor	28
abhor	80
abhorrence	71
abhorrently	74
abhorring	83
abide	83
abiding	73
abidingly	80
ability	80
abject	83
ablaze	30
able	66
ably	80
abnormal	72
abnormality	63
abnormally	81
aboard	26
abode	27
abolish	70
abolishable	76
abolisher	68
abolishment	67
abolition	64
abolitionism	78
abolitionist	43
abominable	78
abominableness	86
abominably	72
abominate	83
abomination	69
aboriginal	47
abort	54
aborted	54
abortion	40
abortionist	45
abortive	78
abortively	76
abound	68
abounding	74
about	81
above	42
aboveboard	55
aboveground	24
abovementioned	51
abracadabra	74
abrasion	11
abrasive	49
abrasively	73
abrasiveness	57
abreast	69
abridge	56
abridged	81
abridgment	58
abroad	57
abrupt	68
abruptly	66
abruptness	74
abscess	13
abscessed	58
absence	67
absent	57
absentee	43
absenteeism	66
absently	82
absentminded	75
absentmindedly	81
absentmindedness	81
absentness	78
absinthe	18
absolute	80
absolutely	76
absoluteness	88
absolution	80
absolutism	88
absolutist	57
absolvable	80
absolve	79
absorb	47
absorbability	66
absorbable	63
absorbed	64
absorbency	51
absorbent	48
absorber	51
absorbing	42
absorbingly	74
absorption	44
absorptiveness	70
abstain	66
abstainer	60
abstention	71
abstinence	82
abstinent	81
abstinently	75
abstract	89
abstracted	88
abstractedly	86
abstractedness	85
abstraction	86
abstractionism	81
abstractionist	62
abstractive	85
abstractly	91
abstractness	88
absurd	84
absurdity	94
absurdly	86
absurdness	88
abundance	70
abundant	54
abundantly	70
abuse	57
abuser	29
abusive	61
abusively	70
abusiveness	79
abysmally	72
abyss	48
academia	72
academic	72
academically	78
academy	18
accelerant	40
accelerate	38
accelerated	45
acceleration	51
accelerative	58
accelerator	17
acceleratory	69
accelerometer	23
accent	44
accentually	73
accentuate	75
accentuation	73
accept	49
acceptability	82
acceptable	77
acceptableness	93
acceptably	88
acceptance	70
acceptant	73
accepted	68
acceptor	55
access	57
accessibility	68
accessible	80
accessibly	66
accessorize	52
accessory	23
accident	44
accidental	71
accidentally	82
accidently	78
acclaim	74
acclaimer	74
acclamation	69
acclimate	80
acclimation	78
acclimatization	79
acclimatize	72
accolade	64
accommodate	78
accommodating	81
accommodatingly	71
accommodation	51
accommodative	82
accommodator	56
accompanier	57
accompaniment	68
accompany	48
accomplice	42
accomplish	67
accomplishable	80
accomplished	82
accomplisher	62
accomplishment	62
accord	86
accordance	86
accordantly	86
according	84
accordingly	86
accordion	3
accordionist	10
accosted	62
account	48
accountability	86
accountable	70
accountableness	90
accountably	77
accountancy	83
accountant	15
accounting	43
accredit	71
accreditation	58
accredited	68
accrue	85
accruement	64
accumulate	50
accumulation	51
accumulative	61
accumulatively	66
accumulativeness	77
accumulator	59
accuracy	79
accurate	78
accurately	65
accurateness	67
accursed	77
accusable	77
accusation	66
accusative	85
accusatively	84
accusatorial	76
accusatory	71
accuse	69
accused	52
accuser	39
accusingly	86
accustom	88
accustomed	73
ace	27
acetaminophen	30
acetone	15
acetylene	36
ache	39
achievable	73
achieve	68
achievement	66
achiever	74
achiness	62
aching	57
achingly	71
achy	51
acid	19
acidic	36
acidification	56
acidify	60
acidity	40
acidly	70
acidometer	24
acknowledge	74
acknowledgeable	83
acknowledged	70
acknowledgement	60
acne	3
acorn	1
acoustic	43
acoustical	64
acoustically	62
acoustics	47
acquaint	87
acquaintance	40
acquainted	66
acquiesce	70
acquiescently	86
acquirable	74
acquire	52
acquired	62
acquirement	75
acquirer	62
acquisition	60
acquisitive	73
acquisitively	80
acquit	72
acquittal	66
acquitter	53
acre	21
acrid	58
acrimoniously	85
acrobat	14
acrobatic	46
acrobatically	51
acrobatics	16
acronym	59
acrophobia	67
across	48
acrostically	75
acrylic	17
act	64
acting	62
action	54
actionable	74
activate	51
activation	65
activator	46
active	42
actively	65
activeness	62
activism	80
activist	42
activity	57
actor	11
actress	12
acts	43
actual	70
actuality	76
actualization	85
actualize	84
actually	91
actuarial	67
acupressure	37
acupuncture	29
acupuncturist	11
acute	77
acutely	79
acuteness	65
ad	14
adage	78
adamant	84
adamantly	88
adapt	65
adaptability	90
adaptable	79
adaptation	74
adapter	30
adaption	65
adaptive	76
adaptively	68
adaptor	24
add	50
added	56
addendum	39
addict	46
addicted	72
addictedness	70
addiction	54
addictive	70
addictiveness	80
addition	53
additional	64
additionally	70
additive	36
additively	75
address	28
addressable	71
addressbook	4
addressee	46
addresser	45
addressor	47
adept	69
adeptly	86
adeptness	78
adequacy	78
adequate	76
adequately	82
adequateness	83
adhere	60
adherence	88
adherent	64
adherently	72
adhesion	42
adhesive	16
adhesively	53
adhesiveness	43
adjacent	34
adjacently	51
adjectivally	87
adjective	64
adjoin	57
adjoined	42
adjoining	52
adjourn	62
adjournment	55
adjudicate	72
adjudication	66
adjunct	70
adjust	52
adjustability	72
adjustable	43
adjustably	78
adjuster	44
adjustment	55
adjustor	39
admin	51
administer	62
administrable	84
administrate	53
administration	56
administrational	73
administrative	72
administratively	77
administrator	28
admirable	80
admirableness	82
admirably	88
admiral	22
admiralship	51
admiration	78
admire	74
admired	79
admirer	52
admiring	81
admiringly	78
admissibility	84
admissible	78
admissibleness	82
admissibly	82
admission	54
admissive	69
admit	67
admittance	68
admitted	79
admittedly	86
admitter	52
admonishingly	81
admonishment	70
adobe	20
adolescence	55
adolescent	38
adolescently	87
adopt	66
adoptability	68
adoptable	55
adopted	65
adoptee	35
adopter	42
adoption	49
adoptive	75
adoptively	84
adorability	90
adorable	78
adorableness	70
adorably	76
adoration	70
adore	66
adorer	56
adoring	66
adoringly	68
adorn	66
adorner	51
adornment	54
adrenal	43
adrenalin	46
adrenaline	49
adrift	57
adult	15
adulterate	56
adulteration	68
adulterer	51
adulteress	32
adulterous	66
adulterously	72
adultery	55
adulthood	62
adultlike	68
adultness	70
advance	61
advanced	79
advancement	72
advancer	63
advancing	60
advantage	75
advantageous	73
advantageously	94
advantageousness	84
advent	63
adventure	60
adventurer	32
adventuresome	80
adventuress	62
adventurist	66
adventurous	76
adventurously	82
adventurousness	84
adverb	69
adversarial	84
adversary	52
adverse	69
adversely	84
adverseness	76
adversity	89
advert	48
advertently	82
advertise	55
advertisement	31
advertiser	27
advertising	28
advertize	35
advice	57
advisability	88
advisable	77
advisably	86
advise	74
advised	64
advisedly	86
advisee	31
advisement	62
adviser	33
advisor	21
advisory	62
advocacy	75
advocate	57
advocator	52
aeration	56
aerator	27
aerial	49
aerialist	29
aerially	50
aerobatics	46
aerobic	46
aerobically	66
aerobics	32
aerodynamic	53
aerodynamics	51
aerographer	21
aeromechanics	51
aeronautic	62
aeronautical	51
aeronautics	48
aerosol	19
aerospace	45
aesthetic	67
aesthetical	82
aesthetically	88
aesthetician	42
aestheticism	80
aesthetics	70
afar	62
affability	86
affable	82
affair	64
affect	77
affectation	76
affected	77
affectedly	77
affectedness	75
affecting	81
affection	70
affectionate	68
affectionately	77
affective	87
affectively	82
affectivity	78
affidavit	25
affiliate	62
affiliation	77
affirm	76
affirmable	75
affirmation	72
affirmative	77
affirmatively	71
affirmer	56
affix	64
affixation	68
afflict	72
afflicted	64
afflicting	65
affliction	68
affluence	71
affluent	79
affluently	83
afford	79
affordability	77
affordable	72
affront	79
affronted	74
afghan	12
aficionado	61
aflame	31
afloat	42
aflutter	62
afoot	63
afore	80
aforementioned	77
afraid	57
afro	12
after	72
afterbirth	11
afterburner	34
aftercare	46
aftereffect	62
afterglow	48
afterhours	46
afterlife	78
aftermarket	36
aftermath	76
aftermost	81
afternoon	32
afternoons	54
afterparty	30
aftersale	57
afterschool	45
aftershave	11
aftershock	33
aftertaste	60
afterthought	74
aftertime	70
aftertimes	70
afterward	69
afterwards	72
afterword	49
afterworld	90
again	75
against	80
age	54
aged	46
agedness	43
ageism	78
ageless	74
agelessness	88
agency	28
agenda	58
agent	35
aggravate	68
aggravated	60
aggravating	78
aggravatingly	76
aggravation	87
aggravator	57
aggregate	72
aggregately	83
aggregation	71
aggregative	73
aggregator	68
aggression	58
aggressive	62
aggressively	69
aggressiveness	60
aggressor	43
aggrieve	82
aggrieved	72
aggrievedly	84
aghast	76
agile	67
agility	66
aging	53
agitate	52
agitated	61
agitatedly	78
agitation	67
agitator	43
aglow	68
agnostic	75
agnostically	95
agnosticism	82
ago	90
agonistic	80
agonize	76
agonizing	75
agonizingly	80
agony	66
agoraphobia	77
agoraphobic	62
agree	67
agreeability	81
agreeable	73
agreeableness	68
agreeably	74
agreed	77
agreeing	63
agreement	70
agricultural	43
agriculturalist	23
agriculturally	65
agriculture	33
agriculturist	49
aground	44
ahead	50
ahem	60
ahoy	75
aid	48
aide	35
aides	31
aidless	74
aids	39
ailing	55
ailment	52
aim	43
aiming	50
aimless	86
aimlessly	78
aimlessness	84
air	22
airbag	5
airbase	18
airbed	11
airboat	4
airborne	39
airbrush	14
aircraft	15
aircraftman	26
aircraftsman	25
aircrew	24
airfare	27
airfield	7
airflow	35
airforce	30
airfreight	24
airhead	63
airiness	69
airing	60
airless	50
airlift	34
airline	25
airliner	14
airmail	34
airman	19
airmanship	62
airpark	28
airplane	1
airplay	45
airport	3
airpower	44
airproof	61
airshaft	14
airship	2
airshow	14
airsick	38
airsickness	43
airspace	36
airspeed	49
airstream	27
airstrike	35
airstrip	8
airtight	40
airtime	62
airwave	47
airway	17
airworthiness	73
airy	74
aisle	16
ajar	43
akin	82
alabaster	30
alarm	13
alarmclock	1
alarmed	46
alarming	73
alarmingly	72
alarmist	60
alas	86
albacore	32
albatross	5
albeit	88
albino	15
album	8
alchemic	57
alchemically	73
alchemist	19
alchemy	72
alcohol	6
alcoholic	41
alcoholically	65
alcoholism	52
alcove	23
alderwoman	27
ale	9
alehouse	15
alert	60
alertly	73
alertness	71
alfalfa	8
algae	2
algebra	46
algebraic	60
algebraically	68
algorithm	48
alias	54
alibi	61
alien	37
alienability	79
alienable	80
alienate	79
alienation	82
alienator	73
aliens	29
alight	51
align	55
alignment	44
alike	66
alikeness	69
alimony	48
alive	46
aliveness	66
alkaline	38
alkalinity	54
alkalinize	65
alkalization	66
alkalize	54
alkaloid	40
all	68
allegation	80
allege	81
allegeable	77
alleged	80
allegedly	84
allegiance	81
allegoric	82
allegorical	87
allegorically	91
allegorist	68
allegory	73
allergen	27
allergenic	64
allergic	61
allergist	25
allergy	33
alleviate	63
alleviation	71
alleviative	74
alleviator	58
alley	4
alleyway	18
alliance	62
allied	66
allies	38
alligator	1
alliterate	64
alliteration	69
allocable	80
allocate	66
allocation	67
allocator	56
allotment	53
allow	65
allowable	71
allowableness	81
allowably	77
allowance	48
alloy	18
allspice	12
allude	80
allure	77
allurer	69
alluring	73
alluringly	78
allusion	86
allusively	82
allusiveness	79
ally	60
almanac	14
almightily	80
almightiness	92
almighty	78
almond	7
almost	84
aloe	4
aloft	59
aloha	60
alone	54
aloneness	81
along	72
alongside	55
aloof	88
aloofly	80
aloofness	71
aloud	48
alpaca	5
alpha	80
alphabet	17
alphabetic	49
alphabetical	48
alphabetically	31
alphabetization	67
alphabetize	47
alphanumeric	51
alphanumerical	42
alpine	32
already	84
alright	77
also	79
altar	4
altarpiece	12
alter	48
alterability	78
alterable	68
alteration	45
altercation	45
alternate	64
alternately	74
alternating	63
alternation	50
alternative	64
alternatively	77
alternativeness	79
alternator	18
although	98
altitude	51
alto	41
altogether	66
altruism	88
altruistic	76
altruistically	89
alum	26
aluminize	62
aluminum	3
alumni	45
always	82
alzheimer	62
am	76
amaretto	10
amass	68
amateur	67
amateurish	77
amateurishly	78
amateurishness	80
amateurism	83
amaze	75
amazed	87
amazedly	89
amazedness	84
amazement	78
amazing	86
amazingly	86
ambassador	18
ambassadorial	81
ambassadorship	58
amber	16
ambiance	67
ambidexterity	44
ambidexterous	42
ambidextrous	34
ambidextrously	46
ambidextrousness	52
ambience	82
ambient	74
ambiguity	92
ambiguous	88
ambiguously	86
ambiguousness	86
ambition	82
ambitionless	74
ambitious	80
ambitiously	80
ambitiousness	80
ambivalence	82
ambivalent	95
amble	46
ambling	64
ambulance	5
ambulatory	52
ambush	46
ambusher	51
amen	80
amenable	78
amend	67
amendable	79
amendatory	85
amendment	64
amends	77
amenity	54
americanize	80
amethyst	23
amiable	65
amicability	88
amicable	82
amicableness	86
amicably	72
amid	68
amidst	71
amigo	43
amino	56
amiss	87
ammo	4
ammonia	14
ammonium	24
ammunition	3
amnesia	35
amnesiac	53
amnesty	70
amoeba	31
amoebic	54
amok	75
among	66
amongst	55
amoral	88
amorality	84
amorously	80
amorousness	77
amorphous	71
amorphously	76
amount	56
amp	35
amperage	48
amphetamine	21
amphibian	31
amphibious	34
amphibiously	59
amphitheater	16
ample	62
ampleness	75
amplification	52
amplifier	5
amplify	51
amplitude	52
amply	75
amputate	28
amputation	31
amputee	5
amuck	83
amulet	25
amusable	72
amuse	61
amused	76
amusedly	75
amusement	73
amuser	37
amusing	72
amusingly	75
an	88
anaconda	2
anaerobic	59
anaesthetize	58
anagram	34
anagrams	46
anal	43
analgesic	36
anally	52
analog	58
analogical	80
analogous	86
analogue	48
analogy	85
analyses	74
analysis	61
analyst	19
analytic	80
analytical	78
analytically	80
analytics	64
analyzability	77
analyzable	78
analyze	68
analyzer	61
anamorphic	66
anaphylactic	50
anarchic	81
anarchical	81
anarchism	77
anarchist	54
anarchistic	78
anarchy	72
anatomic	64
anatomical	48
anatomically	50
anatomist	35
anatomization	66
anatomy	35
ancestor	44
ancestors	41
ancestral	76
ancestrally	67
ancestry	54
anchor	6
anchorage	38
anchored	32
anchorless	43
anchorman	7
anchorwoman	8
anchovy	1
ancient	74
anciently	65
and	87
androgyny	60
android	20
anecdotal	75
anecdote	59
anecdotic	70
anemia	44
anemic	56
anemone	19
anesthesia	40
anesthesiologist	18
anesthesiology	35
anesthetic	27
anesthetist	42
anesthetization	55
anesthetize	38
aneurism	36
aneurysm	30
anew	82
angel	30
angelfish	0
angelic	70
angelical	59
angelically	69
anger	65
angers	68
angioplasty	37
angle	38
angled	42
angler	22
angles	35
angleworm	13
angling	56
angrily	62
angriness	64
angry	62
angst	76
anguish	66
anguished	68
angular	48
angus	20
animal	10
animalistic	65
animalize	67
animate	49
animated	51
animatedly	70
animating	48
animation	40
animator	25
anime	34
animosity	72
ankle	5
anklebone	2
anklet	6
annex	25
annexation	67
annihilate	56
annihilation	58
annihilative	76
annihilator	54
anniversary	46
annotate	50
annotation	48
annotative	77
annotator	37
announce	42
announcement	55
announcer	12
annoy	77
annoyance	72
annoyed	53
annoyer	49
annoying	67
annoyingly	74
annoyingness	81
annual	80
annually	56
annuity	59
annul	68
annulment	69
annunciation	75
anoint	54
anointed	57
anointer	41
anointment	55
anomaly	80
anonymity	78
anonymous	74
anonymously	75
anonymousness	73
anorexia	40
anorexic	54
another	58
answer	53
answerability	94
answerable	77
answerably	84
answerer	36
answerless	73
ant	3
antacid	19
antagonism	67
antagonist	56
antagonistic	73
antagonistically	70
antagonize	64
antarctic	20
ante	50
anteater	3
antelope	0
antenna	6
antennae	4
anterior	38
anthem	41
anthill	3
anthologist	37
anthology	48
anthrax	14
anthropological	68
anthropologically	76
anthropologist	25
anthropology	65
anthropomorphic	62
anti	72
antiaircraft	38
antibacterial	46
antibiotic	14
antibiotics	14
antibody	38
antic	71
anticensorship	80
antichrist	52
antichristian	75
antichurch	62
anticipate	86
anticipation	77
anticipative	80
anticipator	62
anticipatory	83
anticlimactic	75
anticlimax	80
anticlockwise	51
anticoagulant	38
anticoagulation	56
anticommunism	84
anticommunist	64
anticonvulsive	56
anticorrosive	52
antics	60
antidemocratic	73
antidepressant	30
antidote	40
antiestablishment	68
antifeminism	75
antifeminist	72
antifoaming	42
antifreeze	12
antifundamentalist	82
antifungal	36
antigambling	80
antiglare	48
antigovernment	79
antigravity	66
antigrowth	66
antihero	57
antiheroic	86
antihistamine	33
antihuman	86
antimatter	81
antimilitarist	56
antimilitary	82
antimonarchical	79
antinationalist	71
antioxidant	35
antipasto	26
antipathy	86
antipatriotic	78
antipersonnel	67
antiperspirant	19
antipoetic	84
antipollution	70
antipoverty	78
antipsychotic	69
antiquate	80
antiquated	70
antiquation	77
antique	31
antiquely	74
antiques	20
antiquing	43
antiquity	72
antirealism	88
antireligious	84
antirevolutionary	86
antirust	76
antisemitic	70
antisemitism	79
antiseptic	29
antiseptically	70
antiseptics	26
antislavery	68
antismoking	54
antisocial	78
antisocialist	68
antitheft	61
antitheses	84
antithesis	68
antitoxic	46
antitoxin	46
antitrust	84
antiviral	46
antivirus	38
antiwar	68
antler	3
antlered	21
antlerless	30
antonym	55
antsy	62
anus	3
anvil	1
anxiety	70
anxious	83
anxiously	73
anxiousness	73
any	82
anybody	58
anyhow	88
anymore	74
anyone	57
anyplace	64
anything	90
anytime	86
anyway	83
anyways	85
anywhere	70
aorta	10
apache	28
apart	46
apartment	2
apartments	7
apartness	66
apathetic	84
apathetically	76
apathy	74
ape	5
apelike	54
apex	40
aphid	6
aphrodisiac	45
aphrodisiacal	67
aplenty	61
apnea	47
apocalypse	70
apocalyptic	79
apocalyptical	78
apocalyptically	76
apolitical	88
apologetic	78
apologetically	84
apologetics	81
apologist	51
apologize	59
apologizer	55
apology	54
apostle	44
apostolic	68
apostrophe	28
apothecary	31
app	29
appall	80
appalled	70
appalling	74
appallingly	72
apparatus	31
apparel	10
apparent	82
apparently	81
apparentness	74
apparition	64
apparitional	75
appeal	82
appealable	82
appealing	71
appealingly	72
appear	47
appearance	61
appeasable	78
appease	77
appeasement	82
appeaser	77
appeasing	80
append	74
appendage	19
appendectomy	15
appendices	38
appendicitis	38
appendix	19
appetite	56
appetizer	7
appetizing	72
appetizingly	79
applaud	30
applaudable	76
applauder	27
applause	18
apple	0
applecart	2
applesauce	1
appliance	11
applicability	83
applicable	68
applicableness	91
applicably	86
applicant	25
application	40
applicator	19
applicatory	77
applied	76
applier	47
apply	62
appoint	69
appointee	38
appointer	57
appointment	50
appraisable	67
appraisal	47
appraise	82
appraisement	70
appraiser	34
appraising	79
appraisingly	82
appreciable	86
appreciably	83
appreciate	69
appreciation	84
appreciative	77
appreciatively	78
appreciativeness	86
appreciator	50
appreciatory	82
apprehend	55
apprehender	43
apprehensibility	86
apprehensible	82
apprehension	83
apprehensive	76
apprehensively	82
apprehensiveness	81
apprentice	33
apprenticeship	57
apprise	80
approach	56
approachability	78
approachable	70
approachableness	76
approaching	59
appropriate	75
appropriately	80
appropriateness	73
appropriation	76
appropriator	58
approvable	78
approval	67
approve	79
approver	58
approvingly	78
approximate	74
approximately	62
approximation	79
approximatively	72
apricot	1
april	42
apron	3
apt	80
aptitude	86
aptly	84
aptness	85
aqua	34
aquaculture	59
aquamarine	14
aquarian	34
aquarium	6
aquarius	61
aquatic	39
aquatically	48
aquatics	39
aqueduct	9
aquifer	24
arabic	39
arachnid	9
arachnophobia	60
arbitrarily	90
arbitrariness	86
arbitrary	84
arbitrate	72
arbitration	75
arbitrational	86
arbitrative	83
arbitrator	45
arbor	25
arc	22
arcade	6
arch	10
archaeological	58
archaeologically	72
archaeologist	14
archaeology	48
archaic	69
archaically	92
archangel	52
archangelic	62
archbishop	22
archdeacon	25
archduchess	38
archduke	27
arched	30
archenemy	47
archer	28
archery	27
arches	18
archetypal	79
archetypical	91
arching	44
archipelago	26
architect	31
architectural	46
architecturally	53
architecture	35
archive	36
archives	27
archivist	36
archway	18
arcing	49
arctic	50
ardent	84
ardently	84
arduously	88
arduousness	82
are	76
area	32
arena	4
areola	5
argon	45
arguable	79
arguably	80
argue	56
arguer	49
argument	54
argumentation	75
argumentative	66
argumentatively	73
argumentativeness	79
arid	51
aridity	46
aridness	54
arise	46
arisen	71
aristocracy	51
aristocrat	31
aristocratic	64
aristocratically	85
aristocratism	70
arithmetic	56
arithmetically	68
arithmetician	38
ark	8
arm	1
armada	24
armadillo	2
armageddon	52
armband	8
armchair	0
armed	35
armful	39
armhole	19
arming	60
armless	32
armload	36
armoire	12
armor	6
armored	35
armory	16
armpit	5
armrest	6
arms	1
army	7
aroma	33
aromatherapy	45
aromatic	49
aromatically	62
aromatization	66
aromatize	55
arose	70
around	76
arousal	54
arouse	54
arouser	63
arraign	64
arraignment	60
arrange	55
arrangement	68
arranger	55
array	62
arrest	27
arrestee	24
arrester	43
arresting	54
arrestingly	78
arrhythmia	51
arrhythmic	62
arrival	48
arrive	44
arrogance	82
arrogant	73
arrogantly	77
arrow	1
arrowed	57
arrowhead	7
arrowless	52
arsenal	29
arsenic	18
arson	34
arsonist	26
art	21
artbook	15
arterially	47
arteriolosclerosis	41
artery	13
artesian	52
artful	64
artfully	80
artfulness	78
arthritic	41
arthritis	38
artichoke	9
article	17
articled	67
articulate	70
articulated	73
articulately	88
articulateness	73
articulation	59
artifact	12
artifice	57
artificial	52
artificiality	68
artificially	80
artificialness	74
artillery	17
artilleryman	18
artisan	49
artisanship	82
artist	19
artistic	72
artistically	72
artistry	75
artless	78
artlessly	82
artlessness	80
arts	31
artsy	69
artwork	15
arugula	23
as	92
asbestos	12
ascend	58
ascendable	67
ascendant	69
ascendency	77
ascender	59
ascending	58
ascension	66
ascent	60
ascertain	72
ascertainable	84
ascertainably	86
ascot	17
ascribe	64
aseptic	73
asexual	64
asexuality	58
asexualize	80
asexually	73
ash	1
ashamed	82
ashamedly	86
ashamedness	73
ashcan	5
ashen	47
ashes	2
ashore	40
ashtray	1
ashy	42
aside	70
asinine	83
ask	62
asker	47
askew	49
asleep	32
asocial	76
asparagus	1
aspartame	12
aspect	80
aspen	10
asphalt	4
asphyxia	37
asphyxiate	31
asphyxiation	34
aspirate	43
aspiration	80
aspirator	41
aspire	87
aspirer	75
aspirin	6
aspiring	78
ass	8
assail	58
assailant	26
assailer	44
assassin	14
assassinate	50
assassination	30
assassinator	42
assault	40
assaulter	36
assaying	65
assemblage	50
assemble	33
assembler	34
assembly	30
assemblyman	31
assent	59
assenting	71
assert	74
asserter	68
assertion	70
assertive	73
assertively	81
assertiveness	72
assess	68
assessed	75
assessment	72
assessor	51
asset	52
assets	37
asshole	23
assign	54
assignable	74
assigned	81
assigner	48
assignment	29
assimilate	71
assimilation	74
assimilative	85
assimilator	54
assist	62
assistance	69
assistant	23
assistantship	60
assister	63
assistive	74
associability	83
associate	40
associated	72
association	68
associational	86
associative	77
associatively	78
assort	67
assorted	46
assortment	62
assumable	82
assume	81
assumed	78
assumer	58
assuming	88
assumingly	83
assumption	79
assumptive	90
assurable	82
assurance	81
assure	64
assured	70
assuredly	80
assuredness	85
assurer	62
assuring	84
asterisk	25
asteroid	3
asthma	32
asthmatic	51
asthmatically	63
astigmatism	46
astonish	82
astonished	71
astonisher	60
astonishing	83
astonishingly	86
astonishment	52
astound	77
astounded	82
astounding	83
astoundingly	85
astral	68
astride	60
astringency	75
astringent	45
astrobiology	67
astrologer	31
astrologic	68
astrological	63
astrologically	73
astrologist	28
astrology	63
astronaut	6
astronautics	62
astronomer	18
astronomic	62
astronomical	52
astronomically	78
astronomy	49
astrophotography	32
astrophysical	81
astrophysicist	23
astrophysics	50
astute	79
astutely	84
asylum	15
asymmetric	38
asymmetrical	45
asymmetrically	68
asymmetry	53
asymptomatic	72
at	73
ate	31
atheism	69
atheist	52
atheistic	83
athlete	18
athletic	58
athletically	68
athleticism	76
athletics	34
atlantic	44
atlas	5
atmosphere	49
atmospheric	52
atmospherically	70
atmospherics	63
atom	42
atomic	52
atomically	77
atomics	67
atomization	55
atomize	69
atomizer	24
atonable	86
atone	78
atonement	89
atop	44
atrium	7
atrocious	83
atrociously	84
atrociousness	71
atrocity	71
atrophy	54
attach	42
attachable	52
attached	44
attachment	49
attack	32
attackable	70
attacker	24
attain	70
attainability	73
attainable	70
attainment	72
attempt	70
attemptable	73
attempted	75
attempter	55
attend	46
attendance	48
attendant	14
attendee	30
attention	68
attentive	80
attentively	76
attentiveness	69
attest	78
attestable	76
attic	12
attire	13
attitude	76
attorney	12
attract	57
attraction	69
attractive	59
attractively	77
attractiveness	72
attractor	55
attributable	80
attribute	67
attributer	73
attribution	74
attributive	82
attributively	74
attunement	81
atypical	77
auburn	32
auction	27
auctioneer	11
audacious	84
audaciously	88
audaciousness	83
audacity	84
audibility	76
audible	44
audibleness	49
audibly	52
audience	18
audio	38
audiogram	31
audiologist	25
audiology	71
audiometric	68
audiotape	5
audiovisual	51
audit	46
audition	34
auditor	40
auditorium	7
auditory	48
augment	55
augmentable	65
augmentation	56
augmentative	75
augmented	64
augmenter	71
august	49
aunt	21
auntie	13
aura	58
aural	62
aurora	38
auspices	78
auspicious	76
auspiciously	85
auspiciousness	83
austere	76
austerity	90
authentic	67
authentically	78
authenticate	68
authentication	75
authenticator	47
authenticity	82
author	19
authoritarian	73
authoritarianism	83
authoritative	83
authoritatively	86
authoritativeness	69
authority	66
authorization	64
authorize	70
authorized	70
authorizer	63
authorless	70
authorship	62
autism	58
autistic	53
auto	25
autobiographer	23
autobiographical	56
autobiographically	55
autobiography	31
autocracy	69
autocratic	82
autoeroticism	56
autograph	19
autographed	29
autographic	59
autoimmune	59
autoimmunization	57
automaker	23
automate	57
automated	56
automatic	55
automatically	74
automaticity	64
automation	63
automaton	38
automobile	1
automotive	20
autonomous	75
autonomously	66
autonomy	74
autopilot	48
autopsy	18
autoregulation	77
autoworker	8
autumn	43
auxiliary	59
avail	92
availability	67
available	72
availableness	74
availably	84
avalanche	17
avatar	45
avenge	73
avengement	82
avenger	48
avenging	73
avenue	25
average	65
averagely	73
aversely	75
averseness	87
aversion	79
avert	65
averted	74
avertedly	85
aviation	40
aviator	11
avid	82
avidly	78
avocado	3
avoid	65
avoidable	80
avoidably	86
avoidance	78
avoider	72
avowed	79
await	86
awake	42
awaken	39
awakening	48
award	22
awardable	81
awardee	28
awarder	38
aware	75
awareness	79
awash	73
away	69
awe	78
awed	80
awesome	79
awesomely	83
awesomeness	86
awestruck	74
awful	77
awfully	83
awfulness	70
awhile	86
awkward	75
awkwardly	79
awkwardness	66
awl	30
awning	10
awoke	31
awry	72
ax	2
axe	0
axed	60
axel	12
axes	8
axially	59
axiom	75
axis	36
axle	12
aye	73
azalea	15
babble	42
babbler	35
babbling	35
babe	33
babied	67
baboon	2
baboonish	63
baby	0
babycarriage	10
babyface	38
babyhood	56
babyish	58
babyishly	72
babysit	39
babysitter	11
babytalk	34
bachelor	17
bachelordom	63
bachelorette	28
bachelorhood	58
bachelorism	82
bachelorship	61
back	17
backache	25
backbend	27
backboard	2
backbone	20
backboned	46
backboneless	76
backbreaker	53
backbreaking	50
backburner	50
backcountry	43
backcourt	40
backdate	61
backdoor	12
backdrop	13
backed	64
backer	55
backfield	22
backfill	41
backfire	54
backfiring	46
backflow	49
backgammon	13
background	44
backhand	28
backhanded	56
backhandedly	82
backhandedness	64
backing	54
backlands	30
backlash	79
backless	31
backlight	15
backlit	36
backlog	43
backpack	1
backpacker	3
backpedal	30
backrest	12
backroom	12
backscratcher	10
backseat	10
backshift	54
backside	23
backslap	27
backslapping	41
backslash	29
backslid	56
backslide	52
backslider	57
backspace	23
backspin	43
backstab	54
backstabber	46
backstage	17
backstairs	17
backstop	21
backstreet	20
backstretch	40
backstroke	14
backswept	60
backswing	28
backtalk	47
backtrack	60
backtracker	47
backup	45
backward	40
backwardly	70
backwardness	75
backwards	46
backwash	31
backwashing	32
backwater	49
backwoods	44
backwoodsman	21
backyard	11
bacon	2
bacteria	22
bacterial	36
bacterially	64
bactericide	34
bacteriologic	68
bacteriologist	31
bacteriology	53
bacterium	33
bad	83
badass	62
badge	2
badger	16
badland	31
badlands	49
badly	77
badminton	7
badmouth	66
badness	68
baffle	66
baffled	71
bafflement	73
baffler	71
baffling	82
bafflingly	82
bag	2
bagel	0
bagful	34
baggage	14
bagged	31
baggie	10
bagginess	45
bagging	46
baggy	35
baglike	46
bagpipe	1
bagpiper	8
bagpipes	2
baguette	9
bail	29
bailiff	12
bailsman	21
bait	14
baits	34
bake	20
baked	20
baker	7
bakery	4
bakeshop	2
baking	23
baklava	17
balance	53
balanceable	54
balanced	55
balancer	53
balancing	46
balcony	8
bald	8
balder	43
baldhead	14
balding	27
baldish	61
baldly	54
baldness	26
bale	18
balk	56
ball	0
ballad	28
ballast	46
balled	52
ballerina	10
ballet	24
ballgame	15
ballistic	60
ballistics	47
balloon	2
ballooner	25
ballooning	53
balloonist	12
ballot	7
balloting	39
ballpark	14
ballplayer	8
ballpoint	15
ballroom	7
ballsy	74
balm	33
balminess	48
balmy	55
baloney	38
balsam	20
balsamic	36
balsawood	10
bambino	20
bamboo	3
bamboozle	69
bamboozled	66
bamboozlement	79
bamboozler	42
ban	66
banana	0
band	8
bandage	4
bandaid	9
bandanna	0
banded	47
banding	46
bandit	16
bandleader	8
bandmaster	19
bandsman	26
bandstand	20
bandwagon	43
bandwidth	45
baneful	79
bang	31
banger	44
banging	40
bangle	16
banish	65
banisher	48
banishment	71
banister	6
banjo	2
banjoist	24
bank	5
bankable	72
bankbook	5
banked	43
banker	14
banking	36
banknote	3
bankroll	31
bankrupt	44
bankruptcy	58
banner	5
bannered	36
banning	68
bannister	17
banquet	25
banquette	23
banshee	47
banter	54
baptism	40
baptismal	49
baptize	29
baptizer	26
bar	8
barb	12
barbarian	37
barbarianism	68
barbaric	62
barbarically	80
barbarism	65
barbarous	84
barbarously	82
barbecue	12
barbed	30
barbedwire	0
barbell	5
barber	10
barbershop	4
barbless	48
barbwire	8
barcode	6
bare	45
bareback	26
barebacked	37
barebone	47
barefaced	45
barefoot	9
barefooted	17
barehanded	23
bareheaded	31
barelegged	23
barely	82
bareness	46
barf	10
barfly	21
bargain	60
bargainer	43
bargaining	56
barge	8
bargraph	17
barista	8
baritone	33
bark	12
barkeep	20
barkeeper	10
barker	22
barking	20
barley	10
barmaid	21
barman	14
barn	5
barnacle	2
barnyard	5
barometer	11
barometric	56
barometrically	56
baron	22
baroness	27
baroque	60
barrack	5
barracuda	0
barred	47
barrel	3
barreled	54
barrelful	40
barrelhead	55
barren	45
barrenness	63
barrette	22
barricade	11
barricader	35
barrier	15
barring	66
barstool	9
bartend	27
bartender	4
bartending	31
barter	51
barterer	40
base	29
baseball	3
baseboard	2
basecamp	22
based	79
baseless	72
baseline	54
baseman	22
basement	3
baseness	72
bases	34
bash	37
basher	41
bashful	70
bashfully	72
bashfulness	73
basic	68
basically	92
basics	68
basil	6
basin	9
basinet	15
basis	79
bask	49
basket	0
basketball	1
basketful	30
basketry	32
basketwork	13
bass	17
bassinet	7
bassist	21
bassoon	8
bassoonist	10
bastard	46
bastardization	80
bastardize	77
bastardly	79
baste	23
basting	23
bat	0
batboy	8
batch	30
bath	4
bathe	20
bathhouse	8
bathing	23
bathmat	5
bathrobe	0
bathroom	12
bathtub	2
bathwater	4
bating	27
batman	12
baton	9
bats	6
battalion	31
batter	15
battered	49
battering	55
battery	8
batting	22
battle	25
battleaxe	19
battled	46
battlefield	12
battlefront	25
battleground	24
battleship	5
battlewagon	25
batty	75
batwing	15
bauble	44
bawl	37
bawler	31
bay	5
bayberry	16
bayonet	6
bayoneted	33
bayou	12
bazaar	34
bazooka	8
be	79
beach	5
beachball	1
beachcombing	49
beached	39
beachfront	14
beachside	24
beachwear	9
beacon	16
bead	2
beaded	15
beading	12
beadlike	44
beadwork	14
beady	38
beagle	5
beak	1
beaker	7
beaklike	47
beam	26
beamed	62
beaming	62
beamingly	68
beamlike	59
bean	0
beanbag	1
beanbags	5
beanie	6
beanpole	5
beanstalk	7
bear	3
bearable	69
bearably	75
beard	1
bearded	9
beardless	16
bearer	36
bearing	55
bearings	50
bearish	63
bearishly	72
bearishness	68
bearlike	64
bearskin	7
beast	9
beastlike	47
beastliness	71
beastly	68
beat	26
beatable	81
beaten	45
beater	34
beating	31
beau	32
beautician	8
beautification	70
beautifier	63
beautiful	71
beautifully	82
beautifulness	78
beautify	62
beauty	52
beaver	8
bebop	62
because	94
beckon	50
beckoning	51
become	86
becomes	85
becoming	83
becomingly	83
bed	0
bedazzle	62
bedazzlement	72
bedazzling	66
bedbug	12
bedchamber	14
bedclothes	9
bedcover	9
bedded	57
bedding	10
bedfellow	31
bedmate	18
bedpan	0
bedpost	5
bedrail	8
bedridden	40
bedrock	14
bedroll	15
bedroom	2
bedsheet	0
bedside	27
bedsore	10
bedspread	4
bedspring	7
bedtime	52
bee	3
beech	26
beechnut	14
beef	6
beefburger	1
beefcake	28
beefiness	58
beefsteak	6
beefy	45
beehive	2
beekeeper	8
beekeeping	23
beelike	66
beeline	48
been	77
beep	25
beeper	6
beer	3
beerhouse	18
bees	7
beestings	16
beeswax	3
beet	5
beetle	4
befall	82
befitting	74
befittingly	88
before	76
beforehand	76
beforetime	83
befoul	73
befriend	66
befuddle	69
befuddled	68
befuddlement	79
beg	51
beget	69
beggar	10
begging	44
begin	61
beginner	57
beginning	62
begone	79
begrudge	78
begrudgingly	78
beguile	81
beguilement	88
beguiling	84
begun	83
behalf	87
behave	80
behavior	70
behavioral	88
behaviorism	79
behaviorist	54
behead	19
beheld	73
behemoth	46
behind	38
behold	83
beholden	83
beholder	49
beholding	80
behoove	86
behooves	86
beige	40
being	77
bejewel	47
belated	78
belatedly	84
belatedness	82
belch	22
belief	95
believability	80
believable	88
believe	86
believer	57
believing	83
believingly	88
belittle	72
belittlement	78
bell	1
bellboy	15
belle	48
bellflower	19
bellhop	15
belligerence	67
belligerency	67
belligerent	68
bellman	3
bellow	40
belly	5
bellyache	32
bellybutton	0
bellyful	46
belong	89
belonging	77
belongings	28
beloved	72
below	39
belowground	24
belt	2
belted	24
belting	48
beltless	42
beltline	31
beltway	32
beluga	15
bemuse	76
bemusedly	83
bench	3
benching	32
benchmark	63
benchmarking	59
benchwarmer	29
bend	28
bendable	44
bended	42
bender	60
bending	45
bendy	40
beneath	47
benediction	75
benefactor	41
beneficently	84
beneficial	81
beneficially	84
beneficiary	50
beneficiate	67
benefit	69
benefiter	45
benevolence	84
benevolent	89
benevolently	85
benign	78
benignly	84
bent	34
benzene	20
bequeath	75
berate	62
bereave	76
bereaved	75
bereavement	67
beret	5
berry	2
berryless	28
berrylike	44
berserk	66
beseeching	78
beseechingly	79
beside	60
besides	69
besiege	64
besieged	68
besiegement	69
bespectacled	40
bespoke	81
bespoken	80
best	85
bestiality	56
bestow	73
bestowal	69
bestowing	62
bestseller	60
bestselling	62
bet	48
beta	54
betray	71
betrayal	81
betrayer	52
betrothal	58
betrothed	66
better	77
bettering	79
betting	36
between	57
bevel	20
beverage	10
beware	75
bewilder	76
bewildered	80
bewilderedly	80
bewildering	81
bewilderingly	77
bewilderment	74
bewitch	72
bewitcher	59
bewitchery	82
bewitching	69
bewitchingly	86
bewitchment	66
beyond	82
biannual	68
biannually	62
bias	83
biased	87
bib	5
bible	10
biblical	76
biblically	76
bibliographer	26
bibliographic	65
bibliographical	56
bibliographically	67
bibliography	26
bicarbonate	32
bicentennial	55
bicep	8
biceps	2
bicker	46
bickerer	48
bicultural	66
bicuspid	23
bicycle	3
bicycler	9
bicyclist	10
bid	57
bidder	40
bidding	58
biddy	63
bide	82
biding	63
bidirectional	67
bifocal	23
bifocals	9
big	34
bigamist	54
bigamy	59
bigger	37
biggest	48
biggie	65
bigheaded	66
bighearted	81
bigheartedness	84
bigmouth	47
bigmouthed	60
bigness	54
bigot	47
bigoted	76
bigotry	66
bigwig	52
bihourly	56
bike	0
biker	7
bikini	1
bilateral	57
bilaterally	58
bile	14
bilinear	66
bilingual	43
bilingualism	70
bilingually	71
bill	8
billboard	4
billed	51
billfold	7
billiard	11
billiards	10
billing	36
billion	30
billionaire	44
billon	44
billowy	68
bimbo	49
bimolecular	45
bimonthly	44
bin	7
binary	50
bind	40
binder	3
binding	40
binge	48
bingo	25
binocular	12
binoculars	0
binomial	67
bio	61
bioactive	46
biochemical	54
biochemically	58
biochemist	30
biochemistry	40
biochip	17
biodegradable	47
biodiversity	70
bioelectricity	60
biofuel	39
biogenetic	64
biogenetically	77
biogenetics	60
biographer	15
biographic	72
biographical	72
biographically	72
biography	40
biohazard	49
biologic	51
biological	47
biologically	78
biologist	26
biology	38
bioluminescence	43
bioluminescent	24
biomathematics	65
biomechanical	50
biomechanics	50
biomedical	60
biometrical	72
biometrically	79
bionic	62
biopharmaceutical	66
biophysical	72
biophysicist	11
biophysics	54
biopsy	28
bioreactor	41
biorhythm	63
bios	52
biosensor	34
biosphere	44
biostatistics	52
biosynthesis	56
biosynthetic	51
biotech	50
biotechnology	52
bipartisan	75
bipartisanship	75
bipedal	25
bipolar	59
bipolarity	74
biracial	48
birch	22
bird	0
birdbath	1
birdbrain	73
birdcage	9
birdcall	31
birdhouse	1
birdie	30
birdlife	43
birdlike	45
birdseed	1
birdshot	24
birdsong	32
birdwatching	26
birth	14
birthday	45
birthing	40
birthmark	16
birthplace	38
birthrate	59
birthright	66
birthstone	19
birthweight	32
biscuit	2
bisect	38
bisection	43
bisectional	45
bisexual	59
bisexualism	55
bisexuality	58
bisexually	66
bishop	20
bison	8
bisque	23
bistro	14
bisymmetric	54
bit	43
bitch	32
bitchiness	58
bitchy	67
bite	14
biter	28
biting	27
bitmap	43
bitten	21
bitter	52
bitterly	80
bitterness	66
bitters	28
bittersweet	57
biweekly	48
biyearly	65
biz	66
bizarre	80
bizarrely	84
bizarreness	77
blab	62
blabber	52
blabbermouth	41
black	31
blackball	47
blackberry	1
blackbird	0
blackboard	7
blacken	39
blackened	35
blackener	49
blackening	45
blacker	73
blackface	26
blackfish	15
blackhead	7
blackheads	5
blackheart	45
blackish	56
blackjack	27
blacklist	51
blackly	68
blackmail	56
blackmailer	45
blackness	36
blackout	32
blacksmith	16
blacksmithing	27
blacksnake	17
blacktop	9
bladder	13
bladderless	45
blade	2
bladed	32
bladelike	37
blah	90
blamable	81
blame	74
blamed	83
blameful	74
blamefully	86
blamefulness	86
blameless	83
blamelessly	85
blamelessness	90
blamer	56
blameworthiness	68
blameworthy	77
blaming	70
blanching	40
bland	66
blandish	77
blandly	68
blandness	68
blank	47
blanked	70
blanket	0
blanketed	47
blanketing	54
blanking	72
blankly	82
blankness	56
blaspheme	67
blasphemer	60
blasphemous	87
blasphemously	81
blasphemousness	86
blasphemy	70
blast	28
blasted	62
blaster	33
blasting	49
blastoff	45
blatancy	82
blatant	73
blatantly	83
blather	69
blaze	18
blazer	5
blazing	34
blazingly	69
bleach	6
bleachable	53
bleached	32
bleacher	22
bleaching	28
bleak	62
bleakly	83
bleakness	86
bleary	75
bleat	29
bleating	37
bleed	15
bleeder	38
bleeding	18
bleep	48
blemish	23
blend	32
blended	42
blender	0
blending	39
bless	58
blessed	72
blessedly	77
blessedness	86
blessing	70
blessings	73
blight	55
blighted	67
blimp	6
blind	24
blinded	41
blinder	24
blindfold	11
blindfolded	11
blinding	46
blindingly	72
blindly	58
blindness	32
blindside	44
bling	25
blink	15
blinked	24
blinker	14
blinking	4
blinks	23
blip	45
bliss	91
blissful	71
blissfully	78
blissfulness	72
blister	7
blistered	25
blistering	52
blisteringly	70
blistery	37
blithely	86
blithering	70
blitz	54
blizzard	8
bloat	49
bloated	41
bloating	39
blob	24
block	13
blockade	19
blockader	28
blockage	27
blockbuster	57
blocked	39
blocker	33
blockhead	58
blockheaded	76
blockheadedness	77
blocking	49
blockish	68
blog	27
blogger	48
blogosphere	55
bloke	28
blond	15
blonde	12
blondeness	53
blondish	43
blondness	48
blood	3
bloodbath	36
bloodcurdling	76
blooded	55
bloodhound	6
bloodied	27
bloodily	45
bloodiness	37
bloodless	46
bloodlessly	65
bloodlessness	52
bloodline	52
bloodlust	67
bloodmobile	30
bloodshed	29
bloodshot	19
bloodstain	8
bloodstained	16
bloodstream	24
bloodsucker	30
bloodsucking	42
bloodthirstily	78
bloodthirstiness	74
bloodthirsty	64
bloodworm	16
bloody	23
bloom	25
bloomer	33
bloomers	19
blooming	23
bloomless	46
blooper	43
blossom	19
blossomed	44
blossomless	35
blot	39
blotch	29
blotched	46
blotchy	38
blotter	29
blotting	32
blouse	1
bloused	43
blow	31
blower	23
blowfish	8
blowgun	4
blowhard	67
blowhole	17
blowing	20
blowjob	17
blown	53
blowout	41
blowpipe	15
blowtorch	2
blowup	34
blubber	27
blubberer	41
blubbering	59
blubberingly	70
blubbery	40
bludgeon	30
bludgeoned	43
blue	31
bluebeard	41
blueberry	1
bluebird	1
blueblood	75
bluebonnet	15
bluebook	14
bluecoat	24
bluefin	1
bluefish	5
bluegrass	37
bluejay	1
blueness	44
blueprint	6
bluer	44
blueray	20
blues	67
bluesman	34
bluetooth	35
bluff	50
bluffer	70
bluish	58
bluishness	50
blunder	66
blunderer	47
blundering	69
blunderingly	70
blunt	48
blunted	52
bluntly	74
bluntness	72
blur	43
blurb	49
blurred	37
blurredness	62
blurriness	52
blurry	32
blurt	46
blush	15
blushing	32
blushingly	71
blushless	73
blustering	53
blusteringly	64
blusterous	73
blusterously	70
blustery	53
boa	2
boar	5
board	11
boarder	37
boarding	39
boardinghouse	12
boardroom	8
boardwalk	5
boast	67
boaster	64
boastful	63
boastfully	66
boastfulness	69
boasting	62
boat	2
boatbuilding	28
boater	17
boathouse	5
boating	29
boatload	39
boatman	7
boatmanship	67
boatwoman	17
boatyard	10
bob	33
bobbed	42
bobbing	36
bobble	44
bobcat	2
bobsled	2
bobsledder	18
bobsleigh	6
bobtail	10
bodacious	74
bode	78
bodice	5
bodied	62
bodiless	78
bodily	58
body	5
bodybuilder	14
bodybuilding	27
bodyguard	6
bodysurf	12
bodywork	39
bog	23
bogey	33
bogeyman	47
bogginess	69
boggle	75
boggy	56
bogus	70
bogusness	83
bohemia	59
bohemian	57
boil	20
boilable	56
boiled	28
boiler	12
boilermaker	20
boilerplate	21
boiling	15
boisterous	60
boisterousness	77
bold	64
boldface	51
boldfaced	60
boldly	83
boldness	75
bolero	11
bologna	2
bolster	78
bolsterer	50
bolt	8
bolting	45
boltlike	60
bomb	4
bombard	50
bombardier	30
bombardment	55
bombed	42
bomber	14
bombing	27
bombproof	38
bombshell	28
bombsite	22
bonanza	40
bonbon	10
bond	34
bondage	34
bonded	51
bondholder	40
bonding	63
bondless	75
bondman	30
bondsman	30
bondswoman	17
bondwoman	33
bone	2
boned	38
bonefish	14
bonehead	43
boneheaded	61
boneless	32
bonelike	31
boner	17
boney	43
bonfire	4
bong	18
bongo	6
boniness	30
bonk	52
bonkers	81
bonnet	2
bonsai	24
bonus	49
bony	33
boo	63
boob	16
booby	20
booger	12
boogeyman	44
boogie	44
boogieman	56
boohoo	59
book	2
bookbag	3
bookbinder	2
bookbinding	14
bookcase	2
booked	61
bookend	17
booker	30
bookie	27
booking	50
bookish	73
bookishness	72
bookkeeper	9
bookkeeping	39
bookless	57
booklet	7
booklist	12
booklover	46
bookmaker	26
bookmaking	34
bookman	34
bookmark	2
bookmarker	9
bookrack	6
bookroom	8
bookseller	14
bookselling	34
bookshelf	2
bookshop	4
bookstall	20
bookstand	10
bookstore	3
bookwork	27
bookworm	33
boom	34
boomerang	7
booming	66
boomingly	77
boon	63
boondocks	32
boorishly	83
boorishness	68
boost	53
booster	52
boot	1
booted	46
booth	15
bootie	10
booting	51
bootlace	12
bootleg	52
bootlegger	29
bootlegging	62
bootless	50
bootlicker	38
boots	0
bootstrap	17
booty	16
booze	13
boozer	41
booziness	69
boozy	64
bop	34
borax	21
bordello	24
border	18
bordered	32
bordering	54
borderland	51
borderless	56
borderline	50
bore	51
bored	72
boredom	76
borehole	25
boring	73
boringly	82
boringness	78
born	44
borough	30
borrow	48
borrowable	82
borrower	43
borrowing	52
bosom	9
boss	29
bossed	69
bossiness	71
bossing	65
bossy	70
botanic	66
botanical	36
botanically	69
botanist	23
botany	51
botch	56
botched	63
botchy	62
both	51
bother	75
bothersome	79
bottle	2
bottlebrush	9
bottled	17
bottlelike	44
bottleneck	26
bottlenose	17
bottler	25
bottling	44
bottom	19
bottomed	59
bottoming	71
bottomless	72
bottomline	67
bottommost	43
botulism	37
bought	51
bouillon	20
boulder	8
boulevard	7
bounce	29
bouncer	16
bounciness	56
bouncing	27
bouncingly	68
bouncy	45
bound	39
boundary	49
bounded	54
bounding	44
boundless	75
boundlessly	74
boundlessness	89
bounteous	64
bountiful	73
bountifully	80
bountifulness	79
bounty	40
bouquet	6
bourbon	2
bourgeois	76
bourgeoisie	64
bout	50
boutique	18
bovine	27
bow	10
bowed	43
bowel	12
bowels	17
bower	23
bowing	33
bowl	3
bowleg	22
bowlegged	20
bowler	14
bowlful	34
bowlike	48
bowling	11
bowls	7
bowstring	9
bowtie	3
box	2
boxcar	4
boxer	9
boxing	11
boxingglove	9
boxlike	36
boxy	45
boy	6
boycott	56
boycotter	31
boyfriend	10
boyhood	68
boyish	64
boyishly	72
boyishness	66
boysenberry	6
bra	12
brace	26
braced	50
bracelet	1
bracer	54
braces	0
bracing	46
bracket	14
bracketing	42
brag	65
braggart	46
bragger	50
bragging	48
braggingly	77
braid	16
braided	16
braiding	22
braille	14
brain	8
brainchild	61
braininess	78
brainless	70
brainlessly	78
brainlessness	73
brainpower	86
brains	26
brainsickness	64
brainstem	10
brainstorm	61
brainteaser	52
brainwash	70
brainwashed	74
brainwasher	51
brainwashing	64
brainwave	43
brainwork	72
brainy	78
braise	48
braised	47
brake	14
brakeless	39
braless	27
bramble	22
bran	13
branch	2
branched	46
branching	54
branchless	50
branchlike	53
branchy	36
brand	43
branded	37
brander	55
brandy	5
brash	64
brashness	85
brass	7
brassiere	9
brassiness	76
brasslike	43
brassware	8
brassy	41
brat	34
bratty	67
bratwurst	4
bravado	77
brave	68
bravely	77
braveness	77
braver	75
bravery	76
braving	72
bravo	78
brawl	34
brawler	24
brawling	41
brawn	55
brawniness	59
brawny	53
brazen	77
brazenfaced	57
brazenly	68
brazenness	80
brazier	28
brazil	20
breach	63
bread	2
breadbasket	25
breadbin	12
breadboard	7
breadbox	3
breadcrumb	3
breaded	23
breadfruit	5
breadstick	1
breadth	69
breadwinner	44
breadwinning	75
break	32
breakable	49
breakage	39
breakaway	56
breakdance	12
breakdown	56
breaker	29
breakeven	70
breakfast	14
breaking	27
breakneck	57
breakout	40
breakpoint	59
breakthrough	78
breakup	75
breakwater	21
breast	3
breastbone	17
breasted	38
breastfeed	24
breastfeeding	20
breastmilk	4
breastplate	8
breasts	0
breaststroke	18
breath	16
breathable	49
breathalyzer	9
breathe	23
breathed	36
breather	39
breathiness	52
breathing	23
breathless	33
breathlessly	58
breathlessness	56
breathtaking	79
breathy	44
bred	40
breech	51
breeched	53
breeches	23
breeching	45
breed	54
breeder	47
breeding	51
breeze	34
breezeless	48
breezeway	24
breeziness	56
breezy	32
brethren	44
brevity	69
brew	23
brewer	17
brewery	9
brewing	48
briar	14
bribable	77
bribe	39
briber	56
bribery	53
brick	4
bricklayer	15
bricklaying	27
bricklike	33
brickwork	13
brickyard	5
bridal	44
bride	9
bridegroom	15
bridesmaid	15
bridge	1
bridged	40
bridgeless	45
bridgework	17
bridging	55
bridle	18
bridled	39
brie	18
brief	66
briefcase	3
briefing	55
briefly	78
briefness	72
briefs	17
brig	13
brigade	18
bright	27
brighten	40
brightener	43
brightening	49
brightly	57
brightness	39
brilliance	65
brilliancy	74
brilliant	73
brilliantly	76
brim	19
brimless	38
brimmed	49
brimming	52
brimstone	29
brine	19
bring	61
brininess	71
brink	63
brisk	62
brisket	10
briskly	54
briskness	63
bristle	26
bristled	36
bristly	46
brittle	36
brittleness	54
bro	43
broach	31
broad	64
broadband	49
broadcast	38
broadcaster	16
broadcasting	37
broaden	68
broadleaf	32
broadly	83
broadminded	82
broadness	72
broadside	25
broadways	47
broccoli	3
brochure	6
broil	24
broiler	4
broiling	33
broke	43
broken	22
brokenhearted	61
brokenheartedly	84
brokenness	63
broker	24
brokerage	35
bronchia	19
bronchial	32
bronchitis	37
bronchopneumonia	38
bronchoscope	12
bronco	6
brontosaur	10
brontosaurus	12
bronze	13
bronzed	23
bronzer	14
bronzing	34
brooch	20
brood	51
brooder	39
brooding	77
broodingly	73
broody	88
brook	14
broom	3
broomstick	5
broth	8
brothel	19
brother	14
brotherhood	60
brotherliness	78
brotherly	77
brought	69
brow	15
browbeat	66
browbeater	59
browed	56
brown	13
brownie	4
browning	48
brownish	44
brownness	47
brownnose	69
brownnoser	57
brownstone	15
browse	48
browser	19
browsing	44
bruise	7
bruiser	53
bruising	35
brunch	15
brunette	11
brunt	70
brush	12
brushed	43
brusher	44
brushes	8
brushfire	13
brushing	30
brushless	52
brushstroke	18
brushwood	26
brushwork	43
brutal	75
brutalism	75
brutality	63
brutalization	67
brutalize	58
brutally	60
brute	42
brutish	64
brutishly	76
brutishness	66
bubble	10
bubblegum	9
bubbler	28
bubbling	39
bubbly	37
bubonic	59
buccaneer	31
buccaneering	64
buck	8
bucked	51
bucket	1
bucketful	14
buckeye	31
bucking	30
buckle	7
buckled	31
bucksaw	10
buckshot	5
buckskin	21
buckskinned	39
bucktooth	5
bucktoothed	21
buckwheat	12
bud	13
buddhism	68
buddhist	27
budding	51
buddy	38
budge	59
budget	46
budgetary	70
budgeter	34
budlike	41
buff	32
buffalo	4
buffed	42
buffer	53
buffet	8
buffing	43
buffoon	40
buffoonish	68
bug	0
buggy	21
bughouse	28
bugle	4
bugler	10
build	32
buildable	68
builder	26
building	9
buildup	48
built	38
bulb	2
bulblike	43
bulge	27
bulginess	35
bulimia	52
bulimic	51
bulk	44
bulked	66
bulkhead	21
bulkiness	57
bulky	50
bull	4
bulldog	7
bulldogged	62
bulldoze	29
bulldozer	2
bullet	4
bulleted	48
bulletin	7
bulletproof	28
bullfight	12
bullfighter	7
bullfighting	12
bullfrog	2
bullheaded	64
bullheadedness	83
bullhorn	7
bullion	19
bullish	68
bullishly	84
bullishness	68
bullpen	10
bullring	8
bullseye	15
bullshit	51
bullwhip	4
bully	27
bullying	52
bum	20
bumble	64
bumblebee	1
bummed	66
bummer	76
bumming	72
bump	23
bumper	1
bumpily	45
bumpiness	40
bumping	25
bumpkin	40
bumpy	31
bun	3
bunch	38
bunchy	56
bundle	20
bundler	38
bungalow	9
bungee	15
bunghole	26
bungle	79
bungler	58
bunion	9
bunk	18
bunkbed	2
bunker	5
bunkhouse	16
bunkmate	25
bunny	1
bunt	35
bunted	44
bunting	25
buoy	11
buoyancy	38
buoyant	41
buoyantly	64
bur	28
burden	59
burdensome	73
burdensomeness	82
bureau	24
bureaucracy	84
bureaucrat	29
bureaucratic	70
bureaucratically	74
bureaucratization	76
bureaucratize	79
burger	2
burglar	14
burglarize	30
burglarproof	58
burglary	34
burgundy	24
burial	27
buried	27
burlap	5
burlesque	47
burlesquer	40
burley	41
burliness	42
burly	49
burn	22
burnable	48
burned	32
burner	5
burning	29
burnout	64
burnt	27
burp	17
burr	27
burrito	0
burrow	33
burrower	40
burst	48
bury	30
burying	36
bus	2
busboy	6
bush	2
bushed	70
bushel	18
bushfire	6
bushiness	53
bushman	29
bushwhacking	46
bushy	31
busied	64
busily	70
business	43
businesslike	62
businessman	13
businesspeople	23
businessperson	21
businesswoman	16
busload	22
busman	27
bust	32
busted	54
buster	61
bustle	62
bustled	59
bustling	70
busty	36
busy	65
busybody	51
busying	72
busywork	54
but	74
butane	17
butch	48
butcher	9
butchering	41
butchery	46
butler	9
butt	6
butter	2
butterball	25
buttercream	4
buttercup	7
buttered	23
butterfat	13
butterfingered	63
butterfingers	43
butterfly	2
buttermilk	8
butternut	10
butterscotch	10
buttery	33
butting	54
buttock	5
buttocks	4
button	1
buttoned	22
buttonhole	7
buttonholer	32
buttonhook	24
buttons	5
buttress	19
buxom	38
buxomness	49
buy	41
buyable	72
buyer	16
buyout	64
buzz	32
buzzard	6
buzzer	8
buzzing	38
buzzword	55
by	86
bye	69
bygone	83
bylaw	50
bypass	38
byproduct	46
bystander	21
byte	58
byway	42
cab	3
cabana	5
cabbage	6
cabbie	15
cabby	27
cabdriver	5
cabin	2
cabinet	3
cabinetmaker	15
cabinetmaking	24
cabinetry	13
cabinetwork	19
cable	6
cabled	33
cableway	20
cabling	40
caboose	1
cache	30
cackle	34
cackler	32
cacti	12
cactus	0
cadaver	13
cadaverous	57
caddie	16
caddy	17
cadence	57
cadet	20
cadillac	2
cadmium	23
caesarean	48
caesarian	33
cafe	1
cafeteria	7
caffeine	24
cage	0
caged	20
cagey	74
cahoots	76
cajoling	60
cake	5
cakewalk	59
calamari	5
calamitously	88
calamity	75
calcification	52
calcium	23
calculability	62
calculable	68
calculate	56
calculated	58
calculatedly	87
calculating	74
calculatingly	72
calculation	50
calculative	72
calculator	3
calculus	68
calendar	9
calender	4
calf	13
calfskin	12
caliber	50
calibrate	44
calibration	50
calibrator	21
calico	24
calipers	5
call	25
callback	43
caller	26
calligrapher	18
calligraphic	33
calligraphist	35
calligraphy	17
calling	54
callous	64
callously	79
callousness	77
callus	43
calm	54
calmer	70
calmingly	75
calmly	68
calmness	79
caloric	61
calorie	39
calves	8
calzone	5
camaraderie	70
camcorder	0
came	79
camel	2
camelback	33
cameo	45
camera	0
cameraman	9
camerawork	42
camisole	5
camouflage	19
camp	16
campaign	50
campaigner	37
camper	9
campfire	5
campground	7
camping	25
campout	30
campsite	11
campus	9
campy	74
can	11
canal	8
canary	9
cancel	65
cancelable	68
cancelation	72
cancellation	72
cancer	29
cancerous	48
candelabra	3
candid	80
candidacy	65
candidate	30
candidateship	77
candidly	83
candidness	85
candied	34
candle	3
candleholder	4
candlelight	13
candlelit	35
candlepower	35
candlestick	2
candlewick	7
candlewood	29
candor	76
candy	4
cane	3
canine	7
canister	2
cannabis	8
canned	33
canner	19
cannery	28
cannibal	30
cannibalism	48
cannibalistic	62
cannibalistically	61
cannibalization	37
cannibalize	47
canning	31
cannon	5
cannonball	5
cannot	67
canoe	3
canoeing	20
canoeist	31
canola	22
canon	11
canonization	82
canopener	5
canopy	12
cant	74
cantaloupe	6
cantankerously	76
canteen	3
canter	40
cantina	28
canvas	5
canvass	23
canyon	5
cap	10
capability	77
capable	70
capableness	86
capably	74
capacitor	26
capacity	48
cape	6
caped	33
caper	31
capes	5
capful	29
capillary	18
capital	23
capitalism	76
capitalist	53
capitalistic	82
capitalistically	91
capitalization	44
capitalize	68
capitol	17
capitulation	80
capped	51
capping	51
cappuccino	5
capricorn	46
capsize	36
capsule	12
captain	20
caption	27
captivate	84
captivating	81
captivatingly	85
captivation	78
captivator	56
captive	49
captivity	56
captor	52
capture	45
capturer	38
car	3
carafe	10
caramel	7
caramelize	26
carat	27
caravan	16
carbohydrate	35
carbon	20
carbonate	39
carbonation	28
carbonator	30
carbonization	61
carbonize	54
carbonless	60
carburetor	8
carcass	14
carcinogen	42
carcinogenic	60
card	2
cardboard	2
carded	51
cardholder	23
cardiac	55
cardigan	1
cardinal	6
cardinalship	66
carding	39
cardiogram	26
cardiograph	21
cardiologist	13
cardiology	44
cardiopulmonary	43
cardiovascular	45
cardstock	14
care	67
career	62
careerist	63
carefree	78
careful	78
carefully	71
carefulness	83
caregiver	21
careless	80
carelessly	78
carelessness	81
caress	22
caresser	29
caressing	41
caressingly	67
caretaker	19
caretaking	66
careworn	68
cargo	9
caribou	2
caricature	28
caricaturist	30
caring	81
carjack	15
carjacker	12
carjacking	33
carless	55
carload	26
carmaker	16
carnage	38
carnal	57
carnality	75
carnation	27
carnival	8
carnivore	21
carnivorous	54
carnivorously	62
carnivorousness	59
carol	27
caroling	37
carotene	34
carouse	64
carousel	2
carousing	68
carp	9
carpal	42
carpenter	15
carpentering	38
carpentry	38
carpet	1
carpetbag	12
carpetbagger	33
carpetbaggery	70
carpeting	20
carpool	28
carport	5
carriage	3
carriageway	18
carried	38
carrier	20
carrot	0
carrousel	3
carry	24
carryall	31
carrying	33
carryover	64
carsick	31
carsickness	36
cart	3
cartel	43
cartilage	7
cartload	23
cartographer	30
cartographic	39
cartography	37
carton	0
cartoon	17
cartoonist	27
cartridge	5
cartwheel	9
carve	33
carver	18
carving	26
carwash	12
casanova	54
cascade	29
case	27
casebook	13
cased	60
caseload	46
casework	49
caseworker	16
cash	13
cashable	68
cashback	29
cashbook	19
cashbox	9
cashew	2
cashier	3
cashmere	7
casing	18
casino	6
casket	3
casserole	3
cassette	10
cast	27
castaway	38
caste	58
caster	26
casting	49
castle	1
castled	52
castoff	58
castrate	30
castration	37
castrator	34
casual	74
casually	84
casualness	70
casualty	54
cat	3
cataclysm	61
cataclysmal	65
cataclysmic	74
cataclysmically	76
catacomb	8
catalog	8
cataloger	26
catalogue	16
catalysis	60
catalyst	54
catalytic	60
catalyze	64
catapult	14
cataract	16
catastrophe	51
catastrophic	56
catastrophically	80
catatonic	52
catcall	26
catch	22
catchable	45
catchall	66
catcher	14
catchiness	70
catching	40
catchphrase	46
catchword	47
catchy	80
catechism	61
categorical	73
categorically	82
categoricalness	83
categorist	47
categorization	67
categorize	60
category	55
cater	48
caterer	16
catering	30
caterpillar	3
catfight	38
catfish	4
cathedral	3
catheter	13
catheterization	38
catheterize	40
catholic	52
catholicism	77
cathouse	13
catlike	66
catnap	32
catnip	8
catsup	4
cattail	2
cattiness	76
cattishly	67
cattle	9
cattleman	19
catty	78
catwalk	21
caucasian	22
caucus	47
caught	43
cauldron	10
cauliflower	0
caulk	8
causable	82
causal	72
causality	74
causally	73
causation	80
causative	86
cause	64
causelessly	75
causer	69
causeway	17
causing	86
caustic	60
caustically	70
cauterization	34
cauterize	34
caution	74
cautionary	75
cautioner	62
cautious	80
cautiously	59
cautiousness	72
cavalier	59
cavalierly	77
cavalry	23
cavalryman	14
cave	1
caveat	75
caveman	18
cavern	11
cavernous	41
caviar	7
caving	66
cavity	12
cayenne	20
cease	65
ceasefire	47
ceaseless	79
ceaselessly	78
cedar	4
ceiling	4
celeb	32
celebrate	52
celebrated	76
celebration	38
celebrative	77
celebrator	44
celebratory	78
celebrity	43
celery	5
celestial	54
celestially	66
celiac	42
celibacy	65
celibate	54
cell	14
cellar	8
cellblock	25
celled	47
cellist	17
cellmate	12
cello	1
cellophane	12
cellphone	0
cellular	47
cellulite	11
celluloid	31
cellulose	17
celtic	51
cement	1
cemetery	2
censor	50
censorable	73
censorship	80
censure	64
census	43
cent	20
centaur	32
centenarian	35
centennial	61
center	29
centered	42
centerfield	14
centerfold	21
centering	52
centerline	25
centermost	44
centerpiece	9
centerpieces	18
centerstage	17
centigrade	48
centimeter	22
centipede	5
central	57
centralism	67
centralist	64
centrality	66
centralization	72
centralize	71
centralized	68
centralizer	70
centrally	56
centric	74
centrifugal	56
centrifuge	16
centripetal	56
century	54
ceramic	24
ceramics	9
cereal	4
cereals	7
cerebellum	11
cerebral	70
cerebrally	82
cerebrum	20
ceremonial	69
ceremonialism	79
ceremonialist	56
ceremonially	72
ceremonious	72
ceremoniously	61
ceremoniousness	74
ceremony	36
certain	83
certainly	78
certainty	85
certifiable	73
certifiably	75
certificate	10
certification	32
certified	62
certifier	56
certify	61
cervical	35
cervix	9
cesspool	20
chafe	40
chaffing	40
chagrined	86
chain	11
chained	22
chainless	36
chainmail	20
chainsaw	2
chair	10
chairlady	17
chairlift	12
chairman	17
chairmanship	60
chairperson	10
chairwoman	15
chalet	16
chalice	4
chaliced	57
chalk	2
chalkboard	1
chalkiness	41
chalklike	60
chalkstone	20
chalky	22
challenge	72
challengeable	80
challenger	58
challengingly	83
chamber	10
chambered	62
chambermaid	15
chameleon	8
chamomile	7
champ	43
champagne	4
champion	30
championess	50
championship	44
chance	84
chancellery	49
chancellor	20
chancellorship	66
chandelier	5
change	53
changeability	76
changeable	70
changeableness	81
changeably	86
changeful	76
changeless	72
changelessly	88
changelessness	87
changeling	62
changer	40
channel	21
channeled	66
channeling	66
channelization	78
chant	25
chanter	26
chanting	31
chaos	55
chaotic	73
chaotically	67
chap	28
chapel	10
chaperon	25
chaperone	18
chaplain	17
chapped	29
chapping	41
chaps	9
chapter	39
character	52
characteristic	66
characteristically	88
characteristics	61
characterization	80
characterize	75
characterizer	56
characterless	82
charade	77
charbroil	18
charcoal	4
chardonnay	11
charge	51
chargeability	68
chargeable	62
charger	15
charging	42
chariot	3
charisma	73
charismatic	81
charitable	72
charitableness	76
charitably	76
charity	60
charlotte	51
charm	56
charmer	62
charming	72
charmingly	72
charmless	86
charred	34
chart	13
charter	46
chartered	66
charterer	47
charting	31
chartreuse	27
chartroom	29
chase	38
chaser	41
chasing	38
chasm	19
chaste	72
chasten	63
chastened	74
chastise	58
chastisement	72
chastiser	62
chastity	75
chat	34
chateau	15
chatroom	26
chatter	42
chatterbox	49
chatterer	46
chattering	55
chattiness	54
chatting	48
chatty	56
chauffer	15
chauffeur	14
chauvinism	78
chauvinist	56
chauvinistic	74
cheap	72
cheapen	77
cheapish	68
cheaply	72
cheapness	82
cheapo	71
cheapskate	44
cheat	69
cheater	72
cheating	62
cheatingly	60
check	22
checkable	55
checkbook	1
checkbox	5
checked	55
checker	24
checkerboard	1
checkered	33
checkers	3
checklist	10
checkmark	13
checkmate	41
checkout	26
checkpoint	34
checkroom	36
checkup	38
cheddar	14
cheek	4
cheekbone	7
cheekily	74
cheekiness	74
cheeky	74
cheer	56
cheered	55
cheerer	40
cheerful	66
cheerfully	70
cheerfulness	61
cheerily	72
cheeriness	66
cheering	34
cheeringly	67
cheerio	16
cheerleader	2
cheerless	71
cheerlessly	78
cheerlessness	74
cheers	38
cheery	59
cheese	7
cheeseboard	6
cheeseburger	2
cheesecake	1
cheesecloth	5
cheesiness	72
cheesy	53
cheetah	7
chef	18
chemical	29
chemically	55
chemicals	22
chemist	19
chemistry	34
chemo	45
chemotherapeutic	58
chemotherapist	30
chemotherapy	16
cherish	82
cherisher	64
cherishing	71
cherishingly	77
cherishment	82
cherry	9
cherub	29
chess	7
chessboard	8
chest	2
chestnut	7
chesty	41
chevron	18
chevy	13
chew	27
chewable	35
chewer	32
chewy	45
chic	68
chick	2
chickadee	12
chicken	5
chickenfeed	5
chickenhearted	79
chickenpox	11
chickpea	2
chicory	24
chiding	70
chidingly	83
chief	19
chiefly	78
chieftain	39
chieftainship	68
chiffon	14
chihuahua	16
child	5
childbearing	36
childbed	19
childbirth	24
childcare	32
childhood	62
childish	62
childishly	71
childishness	65
childless	48
childlessness	59
childlike	66
childlikeness	66
childproof	40
childrearing	60
children	3
chili	5
chill	53
chilled	44
chiller	45
chilliness	52
chilling	56
chillingly	70
chillness	56
chilly	36
chime	15
chimney	0
chimp	1
chimpanzee	1
chin	3
china	5
chinaware	4
chinchilla	7
chinless	40
chinstrap	6
chintzy	67
chip	7
chipboard	11
chipmaker	16
chipmunk	1
chipped	28
chipper	44
chipping	34
chips	2
chirographer	25
chiropractic	51
chiropractor	3
chirp	25
chirpiness	66
chirping	28
chirpy	50
chisel	9
chiseled	38
chitchat	47
chitlins	21
chivalrous	74
chivalrously	75
chivalrousness	78
chivalry	78
chive	5
chlamydia	40
chloride	31
chlorinate	48
chlorination	55
chlorine	12
chlorite	46
chloroform	31
chlorophyll	23
chloroplast	47
chocoholic	62
chocolate	7
chocolaty	39
choice	78
choir	17
choirboy	11
choirmaster	19
choke	26
chokehold	27
choker	17
choking	17
chokingly	62
cholera	44
cholesterol	40
chomp	31
choose	60
chooser	44
choosing	71
choosy	85
chop	13
chophouse	11
chopped	35
chopper	23
choppers	27
chopping	31
choppy	52
chopstick	2
chopsticks	0
choral	51
chord	18
chore	31
choreograph	46
choreographer	19
choreographic	67
choreography	44
chorographical	62
chorus	24
chose	63
chosen	67
chow	13
chowder	7
chowtime	34
christen	55
christened	58
christening	57
christianity	62
christmas	40
christmastree	4
chromatic	67
chromatically	79
chrome	12
chromium	17
chromosome	22
chronic	71
chronically	68
chronicle	51
chronicler	45
chronogram	35
chronograph	20
chronographer	37
chronographic	63
chronographically	70
chronologic	56
chronological	47
chronologically	71
chronologist	17
chronology	68
chronometer	22
chrysanthemum	11
chubbiness	40
chubby	31
chuck	30
chuckle	30
chuckler	31
chug	33
chum	30
chummy	77
chump	45
chunk	29
chunkily	58
chunkiness	48
chunky	33
church	2
churchgoer	36
churchgoing	68
churchless	61
churchlike	59
churchman	20
churchwoman	12
churchyard	2
churn	25
churning	48
chute	10
cider	1
cigar	2
cigarette	3
cilantro	14
cinch	48
cinder	12
cinema	8
cinematic	52
cinematically	76
cinematize	67
cinematographer	17
cinematographically	62
cinematography	37
cinnamon	4
cipher	36
circa	72
circle	14
circled	28
circler	48
circling	43
circuit	29
circuitous	68
circuitously	75
circuitry	29
circular	30
circularity	57
circularly	62
circulate	53
circulation	49
circulative	70
circulator	37
circulatory	39
circumcise	28
circumcised	17
circumciser	36
circumcision	22
circumference	26
circumferential	66
circumfluent	66
circumnavigator	46
circumscribe	60
circumscribed	82
circumscription	61
circumspect	80
circumspection	79
circumspectness	86
circumstance	81
circumstanced	89
circumstances	85
circumstantial	76
circumstantially	81
circumvent	69
circumventor	53
circus	14
citable	74
citadel	10
citation	34
cite	48
citied	70
citizen	14
citizenry	59
citizenship	51
citric	45
citronella	10
citrus	20
city	5
cityscape	8
citywide	55
civic	64
civically	77
civics	70
civil	73
civilian	19
civility	84
civilizable	78
civilization	42
civilize	78
civilized	77
civilizer	72
civilizing	75
civilly	82
clad	51
claim	51
claimable	80
claimant	41
claimer	52
claimless	77
clairvoyance	83
clairvoyant	67
clairvoyantly	79
clam	3
clambake	34
clammily	57
clamminess	48
clammy	49
clamor	55
clamorously	84
clamp	12
clampdown	47
clamshell	4
clan	38
clandestinely	83
clandestineness	82
clang	26
clank	54
clanking	31
clansman	37
clanswoman	36
clap	21
clapped	28
clapper	27
clapping	17
clarification	77
clarifier	61
clarify	73
clarinet	2
clarinetist	15
clarity	75
clash	59
clasher	58
clasp	15
clasping	34
class	29
classed	72
classes	31
classic	75
classical	70
classicalism	72
classicalist	64
classically	79
classics	62
classifiable	78
classification	62
classified	70
classifier	58
classify	65
classism	80
classless	80
classman	24
classmate	17
classroom	6
classwork	20
classy	72
clatter	45
clatteringly	66
clause	57
claustrophobia	62
claustrophobic	75
clavicle	12
claw	4
clawed	24
clawless	44
clay	2
claylike	38
clean	48
cleanable	52
cleaner	31
cleaning	32
cleanliness	59
cleanly	56
cleanness	35
cleanout	43
cleansable	54
cleanse	42
cleanser	10
cleansing	56
cleanup	49
clear	36
clearable	71
clearance	70
clearcut	49
clearer	41
clearheaded	85
clearheadedly	86
clearing	30
clearinghouse	44
clearly	74
clearness	63
cleat	12
cleavability	63
cleavage	9
cleave	42
cleaver	7
cleavers	11
clef	16
cleft	17
clementine	23
clench	19
clergy	24
clergyman	7
clergywoman	10
cleric	15
clerical	52
clerically	69
clerk	18
clerking	37
clerkship	65
clever	80
cleverly	72
cleverness	73
cliche	67
click	24
clicker	17
client	28
cliental	70
clientele	42
clientless	66
cliff	7
cliffhanger	52
cliffy	56
climactic	68
climactically	74
climate	38
climatic	52
climatically	67
climatologic	70
climatology	62
climax	54
climb	22
climbable	54
climber	12
climbing	23
clinch	52
clincher	71
cling	35
clinger	51
clinging	54
clingingly	68
clingy	64
clinic	19
clinical	62
clinically	70
clinician	22
clink	45
clinking	31
clip	16
clipart	9
clipboard	2
clipped	40
clipper	18
clipping	25
clips	18
clique	58
clitoral	42
clitoris	2
cloak	7
cloaked	32
cloaking	43
cloakroom	13
clobber	36
clock	0
clocked	50
clocklike	58
clockmaker	17
clockwise	22
clockwork	41
clog	38
cloistered	54
clone	17
cloning	58
closable	59
close	45
closed	41
closefisted	36
closely	64
closemouthed	51
closeness	65
closer	50
closet	4
closetful	45
closeup	40
closure	80
clot	20
cloth	2
clothe	38
clothes	6
clothesbasket	6
clothesline	3
clothespin	15
clothespress	9
clothier	33
clothing	14
cloud	12
cloudburst	31
clouded	46
cloudily	43
cloudiness	33
clouding	40
cloudless	37
cloudlessly	51
cloudlessness	41
cloudlike	58
cloudy	25
clove	15
clover	8
cloverleaf	3
clown	2
clownery	60
clownfish	2
clownish	62
clownishly	72
clownishness	70
club	31
clubbed	43
clubbing	47
clubfeet	7
clubfoot	14
clubfooted	18
clubhouse	10
clubroom	16
clubwoman	23
cluck	42
clue	52
clueless	76
clump	25
clumpy	34
clumsily	68
clumsiness	65
clumsy	56
clunk	44
clunker	39
clunky	39
cluster	24
clustered	42
clustering	45
clutch	32
clutter	33
coach	22
coachable	69
coaching	58
coachman	22
coachwork	59
coagulant	36
coagulate	43
coagulation	34
coagulator	54
coal	8
coalescent	74
coalfield	11
coalition	56
coalitional	78
coalitionist	56
coalmine	5
coarse	44
coarsely	55
coarseness	46
coast	20
coastal	28
coastally	58
coaster	8
coastguard	14
coasting	46
coastland	17
coastline	12
coastward	53
coat	1
coated	35
coathanger	1
coating	26
coatless	43
coatroom	4
coattail	15
coauthor	30
coax	57
coaxer	56
coaxial	31
coaxing	62
coaxingly	82
cob	5
cobalt	14
cobble	30
cobbler	12
cobblestone	5
cobbling	43
cobra	0
cobweb	2
cobwebby	34
cocaine	12
cochairman	28
cock	5
cockatiel	3
cockatoo	7
cocked	43
cockeye	41
cockeyed	31
cockfight	14
cockfighting	20
cockily	78
cockiness	74
cocking	34
cockish	59
cockpit	18
cockroach	1
cocksucker	60
cocktail	15
cocky	67
cocoa	3
coconspirator	50
coconut	5
cocoon	4
cod	10
coddle	56
code	50
codebook	28
codefendant	55
codeine	23
codeless	77
codename	42
codependency	78
codependent	75
coder	40
codeword	39
codex	31
codfish	7
coding	49
codpiece	20
coed	48
coeditor	34
coeducation	61
coeducational	72
coeducationally	80
coefficient	79
coequality	88
coerce	74
coercer	60
coercible	79
coercion	82
coercive	73
coercively	83
coerciveness	79
coexist	69
coexistence	66
coexistent	66
coffee	5
coffeecake	3
coffeehouse	2
coffeemaker	2
coffeepot	9
coffer	30
coffin	3
cofounder	41
cog	14
cognac	12
cognition	80
cognitive	84
cognitively	84
cognizable	81
cogwheel	8
cohabit	52
cohabitant	38
cohabitate	49
cohabitation	54
cohere	74
coherence	60
coherency	76
coherent	75
coherently	69
cohesion	71
cohesive	70
cohesively	68
cohesiveness	60
cohort	56
coil	11
coiled	29
coiler	27
coiling	39
coin	3
coinable	68
coinage	28
coincide	68
coincidence	86
coincident	77
coincidental	82
coincidentally	88
coincidently	76
coiner	36
coinheritance	60
coining	60
coital	52
coitus	23
coke	4
cola	5
colander	20
cold	29
coldblooded	67
colder	43
coldhearted	83
coldheartedly	76
coldish	59
coldly	61
coldness	42
coleslaw	8
colic	45
coliseum	2
collaborate	80
collaboration	60
collaborationist	61
collaborative	72
collaboratively	76
collaborator	38
collage	10
collagen	33
collapse	33
collapsibility	60
collapsible	48
collar	9
collarbone	4
collard	26
collared	32
collarless	26
collate	64
collateral	68
collaterally	77
collator	40
colleague	30
collect	42
collectability	72
collectable	54
collected	51
collectedly	73
collectedness	86
collectible	53
collection	24
collective	62
collectively	67
collectiveness	76
collectivism	87
collectivist	59
collectivity	71
collector	23
collectorship	71
college	9
collegial	59
collegiate	42
collide	25
collie	6
collision	35
colloquial	75
colloquialism	78
colloquially	81
cologne	6
colon	8
colonel	28
colonial	56
colonialism	79
colonialist	40
colonially	71
colonic	61
colonist	30
colonization	58
colonize	62
colonoscopy	21
colony	31
color	23
colorable	47
coloration	60
colorblind	36
colored	25
colorfast	59
colorful	31
colorfully	48
colorfulness	53
coloring	35
colorization	63
colorize	50
colorless	46
colorlessly	62
colorlessness	41
colors	21
colossal	58
colossally	71
colostomy	43
colt	1
columbine	33
column	13
columnist	22
coma	33
comatose	34
comatosely	60
comb	0
combat	33
combatable	84
combatant	32
combative	68
combatively	76
combativeness	71
combed	28
combinable	68
combination	54
combinational	71
combine	40
combined	55
combiner	45
combing	32
combining	47
combo	41
combust	37
combustibility	60
combustible	45
combustion	29
combustive	55
combustor	28
come	57
comeback	69
comedian	24
comedic	64
comedienne	27
comedy	48
comeliness	74
comes	68
comet	8
comeuppance	75
comfort	53
comfortable	67
comfortableness	76
comfortably	72
comforter	7
comforting	65
comfortingly	78
comfortless	92
comfortlessly	73
comfy	48
comic	25
comical	51
comically	62
comics	6
coming	73
comingle	48
comma	9
command	63
commandant	31
commandeer	32
commander	17
commanding	67
commandingly	79
commandment	62
commando	28
commemorate	70
commemoration	60
commemorative	74
commemoratively	83
commemorator	35
commence	54
commencement	45
commencer	44
commend	72
commendable	70
commendably	73
commendation	64
commensurable	82
commensurate	74
comment	43
commentary	51
commentate	65
commentator	21
commenter	33
commerce	56
commercial	44
commercialism	73
commercialistic	70
commerciality	79
commercialization	73
commercialize	65
commercially	61
commiserate	78
commissary	36
commission	49
commissioner	34
commit	71
commitment	82
committable	80
committal	81
committee	22
committeeman	21
committeewoman	17
commode	12
commodity	52
commodore	28
common	73
commonality	82
commonalty	83
commoner	30
commonly	82
commonness	82
commonplace	70
commons	52
commonsense	78
commonwealth	40
commotion	57
communal	58
communalism	71
communalization	82
communally	78
commune	53
communicability	78
communicable	68
communicably	63
communicant	62
communicate	39
communicating	40
communication	52
communicational	75
communicative	65
communicatively	83
communicativeness	79
communicator	45
communicatory	78
communion	40
communism	78
communist	38
communistic	77
community	37
communization	73
commutability	73
commutable	60
commute	30
commuter	49
commuting	48
compact	49
compacted	48
compacter	23
compactly	76
compactness	56
compactor	11
companion	31
companionability	82
companionable	71
companionably	73
companionless	59
companionship	64
company	22
comparability	72
comparable	67
comparableness	86
comparably	78
comparative	82
comparatively	76
comparativeness	86
compare	62
comparison	75
compartment	36
compartmental	52
compartmentalization	65
compartmentalize	70
compartmentally	52
compass	8
compasses	16
compassion	78
compassionate	80
compassionately	88
compassionateness	84
compassionless	80
compatibility	76
compatible	67
compatibly	84
compatriot	44
compel	79
compelling	80
compellingly	90
compensate	59
compensating	58
compensation	44
compensational	85
compensative	70
compensator	52
compensatory	70
compete	61
competence	80
competency	80
competent	77
competently	70
competition	29
competitive	78
competitively	61
competitiveness	72
competitor	44
compilation	55
compile	59
compiler	64
complacence	71
complacency	85
complacent	71
complacently	84
complain	60
complainer	55
complainingly	82
complaint	58
complement	75
complementary	59
complete	57
completely	70
completeness	70
completer	56
completion	67
complex	76
complexion	41
complexioned	57
complexity	78
complexness	84
compliable	70
compliance	76
compliancy	75
compliant	68
compliantly	75
complicate	84
complicated	70
complicatedly	74
complicatedness	75
complication	78
complicit	64
complicity	82
complier	46
compliment	55
complimentarily	72
complimentary	66
comply	70
component	49
compose	54
composed	61
composer	16
composite	43
compositely	71
composition	48
compositional	74
compositionally	76
compost	14
composure	64
compound	49
compoundable	76
compounder	42
compounding	77
comprehend	78
comprehendible	77
comprehendingly	81
comprehensibility	83
comprehensible	80
comprehensibleness	77
comprehensibly	84
comprehension	80
comprehensive	80
comprehensively	75
comprehensiveness	82
compress	26
compressed	53
compressibility	70
compressible	62
compression	48
compressive	68
compressively	76
compressor	15
comprise	78
comprised	68
compromise	80
compromiser	56
compromising	79
compromisingly	89
compulsion	80
compulsive	77
compulsively	70
compulsiveness	80
compulsivity	76
compulsorily	71
compulsory	76
computability	70
computable	74
computably	68
computation	52
computational	85
compute	65
computer	2
computerization	70
computerize	65
computerized	48
computing	44
comrade	33
comradeship	70
con	62
concave	37
concavely	56
concaveness	40
conceal	45
concealable	74
concealed	64
concealment	62
concede	76
conceded	70
conceit	72
conceited	84
conceitedly	82
conceitedness	74
conceivability	80
conceivable	83
conceivableness	77
conceivably	81
conceive	74
conceiver	64
concentrate	63
concentrated	66
concentration	72
concentrative	76
concentric	60
concentricity	74
concept	90
conception	69
conceptual	94
conceptualism	77
conceptualist	70
conceptualistic	96
conceptuality	82
conceptualization	84
conceptualize	79
conceptually	91
concern	82
concerned	78
concernedly	75
concernedness	74
concerning	86
concert	16
concerted	71
concertedly	66
concertmaster	35
concerto	31
concession	57
concessional	71
concessionary	71
concessioner	32
conch	12
concierge	28
conciliation	76
conciliatory	67
concise	78
concisely	80
conciseness	85
conclave	51
conclude	80
concluder	52
concluding	70
conclusion	72
conclusive	87
conclusively	78
conclusiveness	82
concoct	65
concoction	38
concord	56
concordance	86
concourse	26
concrete	10
concretely	74
concreteness	69
concubine	41
concur	73
concurrence	73
concurrency	78
concurrent	70
concurrently	85
concurring	68
concussion	45
condemn	76
condemnable	83
condemnation	74
condemned	68
condemner	65
condemning	74
condemningly	86
condensability	68
condensable	67
condensate	50
condensates	40
condensation	19
condense	44
condensed	52
condenser	26
condescend	88
condescendence	88
condescending	70
condescendingly	75
condescension	68
condiment	7
condition	71
conditional	74
conditionality	89
conditionally	80
conditioned	70
conditioner	20
conditioning	69
condo	6
condolence	70
condom	3
condominium	16
condonable	86
condone	80
condor	14
conducive	60
conduciveness	74
conduct	73
conductibility	70
conduction	59
conductive	59
conductively	80
conductivity	58
conductor	19
conductorship	56
conduit	36
cone	3
coned	50
cones	11
confection	29
confectionary	42
confectioner	23
confectionery	31
confederacy	55
confederate	43
confederation	54
confer	66
conference	29
conferencing	55
confess	61
confessable	88
confessing	62
confession	65
confessional	56
confessionary	56
confessor	49
confetti	2
confidant	49
confide	80
confidence	71
confident	60
confidential	73
confidentiality	63
confidentially	78
confidentialness	71
confidently	72
confider	55
confiding	73
configuration	62
configurative	78
configure	65
confinable	67
confine	48
confined	46
confinement	35
confining	55
confirm	71
confirmable	80
confirmation	65
confirmative	82
confirmatively	76
confirmatory	73
confirmed	76
confirmedly	80
confirmer	59
confirming	60
confiscate	47
confiscation	52
confiscator	40
conflict	70
conflicting	75
conflictingly	75
confliction	78
conflictive	74
confluence	70
conform	79
conformability	71
conformable	70
conformant	75
conformation	74
conformational	78
conformer	71
conformism	77
conformist	77
conformity	80
confound	70
confounded	80
confounding	86
confront	64
confrontation	62
confrontational	66
confronter	48
confusability	86
confusable	82
confuse	74
confused	67
confusedly	83
confusedness	66
confuser	83
confusing	79
confusingly	73
confusion	69
congeal	31
congealment	55
congenial	74
congeniality	75
congenially	80
congenital	67
congest	60
congested	44
congestible	69
congestion	35
congestive	57
conglomerate	62
conglomeration	62
congrats	72
congratulate	49
congratulation	68
congratulations	64
congratulator	39
congratulatory	68
congregate	58
congregation	21
congregational	62
congregationalism	75
congress	28
congressional	70
congressionalist	41
congressionally	74
congressman	10
congresswoman	13
congruence	74
congruent	56
congruently	80
congruity	83
congruously	81
conical	44
conically	64
conifer	22
coniferous	44
conjecturable	84
conjectural	89
conjecture	81
conjoin	48
conjoined	35
conjoiner	66
conjugal	67
conjugate	75
conjugated	52
conjugational	77
conjunction	71
conjunctive	86
conjunctively	83
conjunctivitis	31
conjuncture	80
conjure	68
conjurer	54
conjuror	50
conman	38
connect	53
connectable	62
connected	58
connectedly	84
connectedness	79
connectible	48
connection	50
connectional	71
connective	68
connectively	71
connectivity	67
connector	21
connoisseur	57
connotation	73
connotative	82
conquer	52
conquerable	67
conquerer	42
conquering	54
conqueror	36
conquest	62
conquistador	17
conscience	76
conscienceless	84
conscientious	78
conscientiously	86
conscientiousness	83
conscionable	86
conscionably	88
conscious	74
consciously	73
consciousness	67
conscription	71
consecrate	81
consecrated	73
consecration	73
consecutive	63
consecutively	56
consecutiveness	77
consecutives	65
consensual	60
consensually	78
consensus	67
consent	73
consenter	67
consenting	82
consentingly	88
consequence	59
consequent	79
consequential	78
consequentiality	74
consequentially	84
consequently	83
conservable	75
conservation	65
conservational	78
conservationist	46
conservatism	78
conservative	76
conservatively	84
conservativeness	86
conservator	39
conservatory	19
conserve	76
consider	83
considerable	72
considerably	84
considerate	77
considerately	80
considerateness	83
consideration	78
considered	76
considerer	66
considering	81
consign	75
consignment	59
consignor	39
consist	73
consistence	72
consistency	61
consistent	70
consistently	74
consolable	77
consolation	72
console	29
consoler	49
consolidate	57
consolidated	62
consolidation	55
consolidator	51
consoling	65
consolingly	77
consonance	70
consonant	45
consort	58
consortium	62
conspicuous	78
conspicuously	78
conspicuousness	73
conspiracy	81
conspirator	66
conspiratorial	81
conspiratorially	88
conspire	58
conspirer	52
conspiring	72
conspiringly	84
constable	12
constancy	79
constant	74
constantly	70
constellation	17
constestable	80
constipate	54
constipated	41
constipation	41
constituency	61
constituent	47
constitute	72
constitution	44
constitutional	77
constitutionalism	82
constitutionalist	42
constitutionality	82
constitutionally	78
constrain	61
constrainable	71
constrained	62
constraining	64
constraint	52
constrict	48
constricted	55
constriction	50
constrictive	68
constrictor	27
constringent	86
construct	60
constructer	33
constructible	49
construction	32
constructional	67
constructionist	55
constructive	78
constructively	75
constructiveness	79
constructivism	90
constructor	29
construe	78
consul	41
consulate	35
consult	49
consultable	76
consultancy	74
consultant	26
consultation	70
consultative	76
consulting	72
consumable	59
consume	40
consumer	36
consumerism	73
consuming	42
consummate	73
consummately	88
consummation	51
consumption	46
consumptive	74
consumptively	82
contact	29
contactor	41
contagion	55
contagious	57
contagiously	82
contagiousness	76
contain	56
containable	49
container	4
containment	42
contaminant	34
contaminate	48
contamination	57
contaminative	68
contaminator	45
contemplate	82
contemplation	79
contemplative	80
contemplatively	82
contemplativeness	84
contemplator	56
contemporarily	77
contemporariness	85
contemporary	76
contemporize	79
contempt	80
contemptibility	89
contemptibly	86
contemptuous	83
contemptuously	80
contemptuousness	84
contend	73
contender	50
contending	83
content	60
contented	71
contentedly	76
contentedness	79
contention	81
contentious	80
contentiously	77
contentiousness	83
contently	76
contentment	69
contents	34
contest	37
contestable	66
contestant	21
contestation	83
contester	52
context	71
contextual	70
contextually	78
contiguousness	70
continence	62
continent	17
continental	63
continentally	65
contingence	83
contingency	74
contingent	72
contingently	87
continual	68
continually	81
continuance	72
continuation	66
continuative	75
continue	66
continued	70
continuingly	74
continuity	74
continuous	72
continuously	62
continuousness	70
continuum	66
contort	41
contorted	53
contortion	50
contortionist	17
contour	44
contoured	51
contraband	42
contraception	43
contraceptive	28
contract	21
contracted	67
contractibility	70
contractible	76
contraction	37
contractor	20
contractual	75
contractually	70
contradict	69
contradictable	77
contradicter	68
contradiction	72
contradictious	79
contradictive	81
contradictor	67
contradictoriness	73
contradictory	67
contraption	34
contrarian	70
contrarily	80
contrary	86
contrast	59
contrastingly	76
contrastive	72
contributable	90
contribute	72
contribution	65
contributive	84
contributively	84
contributor	35
contributory	73
contrite	67
contritely	79
contrive	76
control	77
controllability	82
controllable	82
controllably	78
controller	17
controllership	65
controversial	87
controversialist	60
controversially	88
controversy	68
contusion	24
conundrum	77
convalesce	73
convalescent	64
convection	56
convectional	54
convene	55
convenience	74
convenient	79
conveniently	83
convent	26
convention	43
conventional	88
conventionalism	96
conventionalist	69
conventionality	76
conventionally	84
converge	59
convergence	70
convergent	73
converging	60
conversable	74
conversation	43
conversational	68
conversationalist	57
conversationally	81
converse	54
conversely	82
converser	62
conversion	64
convert	57
converted	70
converter	35
convertibility	70
convertible	14
convertibly	73
converting	70
convertor	29
convex	42
convey	82
conveyable	68
conveyance	54
conveyer	28
conveyor	20
convict	22
convictable	71
conviction	73
convictional	80
convince	79
convinced	73
convincer	65
convincible	80
convincing	79
convincingly	84
convolute	74
convoluted	80
convolution	80
convoy	36
convulse	31
convulsion	34
convulsive	52
convulsively	64
convulsiveness	60
cooing	30
cook	17
cookbook	2
cooker	20
cookhouse	9
cookie	0
cooking	20
cookout	19
cookware	4
cool	37
coolant	19
cooler	22
coolheaded	68
cooling	49
coolly	78
coolness	58
coonhound	18
coop	14
cooperate	78
cooperation	74
cooperative	62
cooperator	42
coordinate	66
coordination	54
coordinator	37
coot	48
cootie	57
cop	18
copartner	51
cope	80
copied	46
copier	7
copilot	10
coping	83
copious	66
copiously	86
copiousness	80
copout	82
copper	12
copperhead	7
copperplate	16
coppersmith	12
copperware	10
coppery	51
coproduce	55
copulate	47
copulation	43
copy	28
copybook	8
copycat	34
copyholder	33
copyist	31
copyreader	23
copyright	49
copyrightable	62
copyrighter	23
copywriter	23
coral	15
coralroot	16
cord	9
corded	22
cordial	73
cordiality	89
cordially	82
cordialness	84
cording	33
cordless	29
corduroy	11
core	26
coreless	55
cork	3
corkboard	2
corked	35
corking	28
corkscrew	4
corkwood	10
corn	1
cornball	24
cornbread	5
corncob	7
cornea	3
corneal	38
corner	10
cornered	58
cornerstone	24
cornfield	1
cornflake	6
cornflakes	4
cornflower	7
cornhusk	4
cornhusker	11
cornmeal	4
cornrow	12
cornstalk	7
cornstarch	11
cornucopia	22
corny	70
corona	38
coronary	50
coronation	44
coroner	17
corporal	55
corporality	69
corporate	68
corporately	71
corporation	55
corporeal	45
corps	39
corpse	3
corral	12
correct	60
correctable	71
corrected	65
correctible	67
correcting	53
correction	50
correctional	69
corrective	62
correctively	81
correctly	73
correctness	66
corrector	57
correlate	84
correlated	78
correlation	74
correlational	86
correlative	81
correlatively	86
correlativeness	80
correlativity	87
correspond	68
correspondence	41
correspondent	39
correspondently	78
corresponding	71
correspondingly	78
corridor	7
corroborate	81
corroboration	77
corroborative	75
corroboratively	72
corroborator	36
corroboratory	76
corrode	24
corrodible	60
corroding	48
corrosion	19
corrosive	43
corrosively	64
corrosiveness	59
corrugate	46
corrugated	31
corrugation	42
corrupt	74
corrupted	72
corrupter	51
corruptibility	88
corruptible	68
corruptibleness	87
corrupting	70
corruption	65
corruptive	80
corruptly	80
corruptness	78
corruptor	65
corsage	16
corset	13
corseted	31
cortex	30
cortisone	34
corvette	6
cosign	39
cosigner	35
cosmetic	51
cosmetically	62
cosmetician	21
cosmetics	7
cosmetologist	20
cosmetology	50
cosmic	56
cosmically	76
cosmological	81
cosmologically	72
cosmologist	21
cosmology	62
cosmonaut	14
cosmopolitan	59
cosmopolitanism	86
cosmos	45
cosponsor	59
cost	62
costar	31
costing	54
costless	75
costliness	67
costly	73
costume	11
costumed	35
costumer	24
costuming	48
cot	8
cottage	4
cotton	1
cottonmouth	31
cottonseed	7
cottontail	14
cottonweed	7
cottonwood	17
cottony	60
couch	7
couched	68
cougar	4
cough	16
could	92
council	57
councilman	19
councilor	31
councilwoman	10
counsel	63
counseling	54
counselor	19
count	50
countable	50
countdown	43
counter	21
counteraccusation	79
counteract	72
counteracting	69
counteraction	70
counteractive	74
counteragent	47
counterapproach	72
counterargument	71
counterattack	52
counterattraction	66
counterbalance	61
counterbid	64
counterblast	60
counterblow	43
countercheck	47
counterclaim	65
counterclockwise	33
counterculture	76
countercurrent	64
counterdemonstration	33
counterespionage	71
counterevidence	54
counterfeit	34
counterfeiter	26
counterforce	66
counterhypothesis	77
counterintelligence	66
counterintuitive	81
counterirritant	58
countermeasure	52
countermotion	73
countermove	60
countermovement	63
counteroffensive	65
counteroffer	54
counterpart	59
counterplea	46
counterplot	55
counterpoint	66
counterproductive	66
counterproposal	61
counterproposition	72
counterpunch	41
counterrevolution	70
counterrevolutionary	67
countersecurity	80
countersense	80
countersign	54
countersignal	56
countersignature	39
counterstatement	67
counterstrike	61
counterstroke	48
countersuit	72
countertendency	89
counterterrorism	73
counterterrorist	48
counterturn	50
countertype	77
counterweigh	48
counterweight	25
counterweighted	49
countess	33
counting	36
countless	82
country	21
countryman	34
countryside	13
countrywide	73
countrywoman	19
county	24
coup	50
coupe	46
couple	27
coupled	42
coupler	35
coupling	43
coupon	5
courage	87
courageous	75
courageously	81
courageousness	90
courier	10
course	30
coursed	75
coursework	26
coursing	76
court	17
courteous	76
courteously	66
courteousness	79
courtesy	81
courthouse	3
courtier	39
courtliness	80
courtly	84
courtroom	9
courtship	62
courtside	34
courtyard	11
cousin	32
cousinhood	69
cousinship	73
couture	59
cove	11
coven	33
covenant	58
cover	19
coverage	57
coverall	16
coveralls	7
covered	40
covering	38
coverless	55
covert	82
covertly	82
covertness	78
covet	77
covetable	80
coveted	78
coveting	66
cow	1
coward	52
cowardice	72
cowardliness	74
cowardly	76
cowbell	5
cowboy	7
cowcatcher	17
cower	53
cowfish	20
cowgirl	9
cowhand	18
cowhide	6
cowl	26
cowlick	24
cowlicks	12
coworker	18
cowpoke	9
cowpox	21
cowskin	5
coy	78
coyly	77
coyness	74
coyote	1
cozier	66
cozily	67
coziness	62
cozy	60
crab	2
crabber	48
crabbiness	74
crabbing	50
crabby	72
crabgrass	12
crablike	51
crabmeat	5
crack	12
crackbrained	70
crackdown	54
cracked	27
cracker	1
crackerjack	32
crackers	2
cracking	30
crackle	38
crackled	40
crackling	33
crackly	33
crackpot	44
crackup	51
cradle	2
cradler	46
cradling	28
craft	38
crafter	40
craftily	72
craftiness	64
craftsman	25
craftsmanship	59
craftsperson	21
craftswoman	29
craftwork	40
crafty	64
craggy	47
cram	57
crammer	47
cramp	23
cramped	50
cramping	28
cranberry	1
crane	8
cranial	38
craniologist	29
cranium	12
crank	12
cranked	48
crankily	76
crankiness	78
crankshaft	7
cranky	71
crap	33
crappy	83
craps	38
crapshoot	75
crash	30
crasher	43
crate	2
crateful	36
crater	10
cratered	44
craterless	49
craterlike	45
crave	62
craver	54
craving	73
cravingly	88
crawfish	0
crawl	18
crawler	25
crawlers	22
crawling	13
crawlspace	1
crawly	54
crayfish	2
crayon	3
craze	74
crazed	67
crazily	79
craziness	66
crazy	66
creak	35
creakily	63
creakiness	57
creaking	41
creakingly	74
creaky	23
cream	4
creamed	50
creamer	8
creamery	24
creamily	68
creaminess	45
creamlike	45
creamy	34
crease	14
creaseless	30
creaseproof	41
creasing	35
creatable	74
create	60
creation	71
creational	82
creationism	83
creationist	64
creationistic	86
creative	77
creatively	75
creativeness	74
creativity	80
creator	48
creatorship	60
creature	23
credence	77
credential	53
credentials	39
credibility	68
credible	82
credibleness	87
credibly	90
credit	57
creditability	83
creditable	64
creditably	74
creditcard	3
creditor	41
creditworthy	78
credulously	88
creed	72
creek	3
creep	40
creeper	38
creepers	45
creepiness	85
creeping	49
creepy	67
cremate	23
cremation	33
cremationist	40
cremator	20
crematorium	14
crematory	11
creole	32
crepe	12
crept	52
crescendo	49
crescent	24
crest	12
crested	46
crestfallen	68
cresting	49
crestless	56
cretaceous	62
cretin	39
crevasse	8
crevice	14
creviced	45
crew	16
crewless	54
crewman	15
crewmate	16
crewmember	12
crib	3
cribbage	36
cricket	6
cried	27
crier	36
crime	49
crimeless	76
crimelessness	76
criminal	38
criminalist	52
criminality	78
criminalize	70
criminally	78
criminological	75
criminologist	35
criminology	54
crimp	25
crimper	31
crimping	32
crimson	25
cringe	42
cringing	55
cringingly	69
crinkle	32
crinkly	44
cripple	31
crippled	35
crippling	56
crises	72
crisis	67
crisp	33
crisped	36
crisper	29
crispiness	41
crisping	54
crisply	52
crispness	36
crisps	24
crispy	24
crisscross	31
criteria	62
critic	36
critical	72
critically	77
criticalness	78
criticism	73
criticize	74
criticizer	49
critique	61
critter	20
croak	30
croaker	36
crochet	9
crocheting	17
crock	36
crockery	48
crocodile	4
croissant	1
crook	30
crooked	30
crookedly	52
crookedness	39
croon	45
crooner	38
crooning	47
crop	19
cropland	15
croquet	10
croquette	19
cross	14
crossable	61
crossbar	11
crossbeam	4
crossbones	23
crossbow	6
crossbowman	20
crossbred	70
crossbreed	49
crosscheck	53
crosscurrent	57
crosscut	34
crosscutting	31
crossed	39
crossfire	40
crosshair	18
crossing	40
crossly	77
crossness	80
crossover	59
crosspiece	33
crossroad	15
crossroads	8
crosstalk	52
crosswalk	9
crossway	31
crossways	33
crosswind	35
crossword	13
crotch	6
crotched	45
crotchet	22
crotchety	73
crouch	18
crouched	38
crouching	24
crouton	2
crow	2
crowbar	3
crowd	12
crowded	43
crowdedly	66
crowdedness	53
crowdsourcing	64
crowing	42
crown	5
crowned	33
crownless	54
crownwork	43
crucial	73
crucially	81
crucible	38
crucified	49
crucifier	46
crucifix	14
crucifixion	25
crucify	39
crud	38
cruddy	64
crude	76
crudely	64
crudeness	79
cruel	72
cruelly	82
cruelness	70
cruelty	74
cruise	24
cruisecontrol	30
cruiser	31
crumb	5
crumble	24
crumbliness	44
crumbly	45
crummier	73
crummiest	80
crummy	61
crumpet	5
crumple	28
crumpled	26
crumpling	26
crumply	41
crunch	41
crunchable	58
cruncher	42
crunchiness	51
crunching	25
crunchy	30
crusade	56
crusader	34
crush	28
crushability	63
crushable	57
crushed	20
crusher	25
crushing	32
crushingly	64
crust	10
crustacean	8
crustaceous	38
crusted	36
crustiness	29
crusty	22
crutch	12
crutched	63
crux	58
cry	25
crybaby	43
crying	13
cryogenic	67
cryogenics	32
crypt	6
cryptic	66
cryptically	83
cryptogenic	64
cryptogram	27
cryptograph	22
cryptographer	35
cryptographic	52
cryptographist	28
cryptography	36
cryptologist	22
cryptology	48
crystal	10
crystalline	46
crystallization	38
crystallize	34
crystallized	29
crystallizer	53
crystalloid	31
cub	8
cubby	31
cubbyhole	20
cube	9
cubic	51
cubical	20
cubically	52
cubicle	4
cubism	52
cubistic	65
cuckoo	15
cucumber	4
cuddle	29
cuddlesome	56
cuddly	52
cue	42
cuff	10
cufflink	3
cuisine	32
culinary	51
culminate	74
culmination	76
culpability	75
culpable	85
culpably	91
culprit	40
cult	57
cultish	82
cultism	81
cultist	53
cultivatable	61
cultivate	46
cultivated	59
cultivation	47
cultivator	30
cultural	72
culturally	80
culture	74
cultured	70
cultureless	84
culturist	59
culvert	33
cum	17
cumbersome	62
cumbersomely	82
cumbersomeness	68
cumin	2
cummerbund	24
cumulate	59
cumulative	68
cumulatively	77
cumulativeness	87
cumulus	36
cunnilingus	32
cunning	72
cunningly	82
cunningness	85
cunt	20
cup	0
cupbearer	23
cupboard	5
cupcake	0
cupful	24
cupid	36
cupped	38
cupping	31
curability	75
curable	62
curate	64
curative	82
curator	30
curb	8
curbing	56
curbside	21
curbstone	21
curd	20
curdle	34
curdled	29
cure	65
cureless	75
curer	58
curfew	57
curing	59
curiosity	85
curious	81
curiously	86
curiousness	80
curl	16
curled	33
curler	22
curliness	43
curling	24
curly	15
currant	31
currency	19
current	46
currently	72
curricular	56
curriculum	44
curried	45
curry	4
curse	65
cursed	76
cursedly	82
curser	20
cursive	26
cursor	17
cursory	72
curt	66
curtail	56
curtailed	59
curtailment	70
curtain	4
curtly	63
curtness	69
curtsy	21
curvaceous	41
curvature	52
curve	15
curveball	19
curved	41
curvedness	47
curvy	42
cushion	8
cushioned	30
cushiony	46
cushy	66
cusp	56
cuss	46
cussed	42
custard	4
custodial	72
custodian	9
custodianship	65
custody	49
custom	58
customarily	86
customariness	90
customary	79
customer	30
customize	52
customized	55
customizer	58
customs	55
cut	11
cutaway	53
cutback	53
cute	56
cutely	70
cuteness	60
cutesy	73
cuticle	1
cutie	53
cutlass	20
cutlery	6
cutlet	12
cutoff	34
cutout	30
cutter	23
cutthroat	61
cutting	22
cuttingly	80
cuttlefish	19
cyan	24
cyanide	17
cyberbullying	54
cybernetic	59
cybersex	45
cyberspace	62
cyborg	28
cycle	34
cyclic	57
cyclical	69
cyclically	60
cycling	19
cyclist	4
cyclone	13
cyclonic	55
cylinder	9
cylindrical	36
cylindrically	40
cymbal	2
cymbalist	18
cymbals	3
cynic	59
cynical	84
cynically	87
cynicism	80
cypress	6
cyst	19
cytoplasm	34
cytoplast	34
czar	22
dab	35
dabble	71
dabbler	58
dabbling	74
dachshund	8
dad	18
daddy	19
daffodil	1
daft	64
dagger	1
daggered	52
daggers	7
daily	46
daintily	56
daintiness	77
dainty	67
daiquiri	9
dairy	14
dairymaid	16
dairyman	7
dairywoman	16
daisy	0
dally	65
dallying	74
dalmatian	5
dam	3
damage	45
damageability	60
damageable	57
damages	47
damagingly	79
dame	32
damn	75
damnable	78
damnably	85
damnation	86
damned	80
damningly	75
damp	30
damped	46
dampen	44
damper	47
damping	52
damply	50
dampness	21
damsel	28
dance	17
danceable	65
dancefloor	1
dancehall	18
dancer	6
dancing	18
dancingly	58
dandelion	0
dander	25
dandily	80
dandruff	5
dandy	57
danger	58
dangerous	72
dangerously	69
dangerousness	73
dangle	41
dangler	44
dangling	37
dankness	54
dapper	58
dare	68
daredevil	31
daredevilry	65
darer	40
dares	71
daresay	77
daring	82
daringly	80
daringness	80
dark	18
darken	43
darkened	38
darkener	51
darkening	50
darkish	54
darkly	71
darkness	29
darkroom	14
darling	62
darlingness	75
darn	50
darned	57
darning	38
dart	2
dartboard	6
darting	57
dartingly	68
darts	4
darwinism	65
dash	40
dashboard	10
dashed	46
dashing	64
dashingly	77
dastardliness	71
dastardly	83
data	27
databank	44
database	25
datable	74
dataflow	67
dataset	31
datasheet	8
date	28
datebook	6
dateless	62
dateline	52
dating	67
daughter	5
daughterhood	64
daughterless	52
daughterly	68
daunt	79
daunting	72
dauntingly	74
dauntless	70
dauntlessly	70
dawdle	70
dawdler	48
dawdling	53
dawn	14
dawning	67
day	27
daybed	15
daybook	4
daybreak	20
daycare	27
daydream	55
daydreamer	48
daylight	23
daylong	55
dayroom	18
days	41
daytime	17
daytimes	43
daze	62
dazed	64
dazedly	70
dazedness	77
dazzle	62
dazzler	51
dazzling	72
dazzlingly	64
deacon	37
deaconship	58
deactivate	50
deactivation	41
deactivator	43
dead	23
deadbeat	64
deadbolt	12
deaden	65
deadening	64
deadfall	51
deadline	58
deadliness	62
deadlock	51
deadly	57
deadness	60
deadweight	59
deadwood	38
deaf	43
deafen	47
deafening	58
deafeningly	56
deafly	77
deafness	38
deal	48
dealer	31
dealership	24
dealing	66
dealmaker	45
dealt	51
dean	14
dear	69
dearly	85
dearness	87
death	32
deathbed	29
deathblow	38
deathless	75
deathlessness	75
deathlike	70
deathly	75
deathtrap	43
deathwatch	66
debacle	68
debark	61
debatable	74
debate	45
debater	33
debating	42
debauchery	70
debilitate	64
debilitated	72
debilitating	76
debilitation	63
debilitative	73
debit	34
debonair	72
debone	32
debrief	61
debriefing	45
debris	8
debt	57
debtless	75
debtor	41
debug	58
debugger	49
debunk	73
debut	79
debutant	36
debutante	36
decade	45
decadence	70
decadency	83
decadent	70
decadently	71
decaf	33
decaffeinate	68
decaffeinated	56
decal	6
decalcification	55
decalcify	55
decameter	31
decant	39
decapitate	29
decapitation	19
decapitator	38
decathlon	23
decay	28
decayed	34
decaying	43
decease	56
deceased	26
deceit	66
deceitful	72
deceitfully	90
deceitfulness	72
deceivable	83
deceivableness	84
deceive	83
deceiver	58
deceiving	73
deceivingly	90
decelerate	39
deceleration	54
december	50
decency	75
decent	74
decently	84
decentness	84
decentralism	85
decentralization	73
decentralize	79
deception	78
deceptive	80
deceptively	87
deceptiveness	78
decibel	52
decidable	83
decide	77
decided	79
decidedly	84
decidedness	76
decider	56
deciduously	65
decimal	18
decimally	69
decimate	59
decimeter	36
decipher	54
decipherability	73
decipherable	75
decipherer	62
decision	70
decisional	84
decisive	71
decisively	69
decisiveness	78
deck	6
deckchair	8
decked	50
deckhand	21
deckhouse	5
decking	24
declaim	68
declarable	75
declaration	62
declarative	78
declaratively	78
declaratory	77
declare	75
declared	66
declarer	58
declassify	78
declinable	78
declination	62
decline	56
declined	74
decliner	69
decodable	60
decode	50
decoder	36
decolonization	60
decommission	72
decommissioning	73
decomposability	61
decomposable	58
decompose	50
decomposed	31
decomposer	54
decomposition	48
decompress	60
decompressing	60
decompression	48
decongestant	42
decongestive	59
deconstruct	63
deconstruction	49
deconstructionist	66
decontaminate	52
decontamination	56
decor	31
decorate	40
decorated	39
decoration	37
decorative	60
decoratively	84
decorativeness	62
decorator	29
decorum	66
decoy	17
decrease	58
decreasing	55
decreasingly	70
decree	58
decrepit	46
decrepitly	64
decrescendo	45
decrypt	62
decryption	54
dedicate	58
dedicated	81
dedication	71
dedicative	89
dedicator	60
deduce	85
deducibility	75
deducible	74
deduct	67
deductible	56
deduction	70
deductive	92
deductively	85
deed	29
deejay	13
deem	72
deep	40
deepen	45
deepening	68
deepfreeze	32
deeply	75
deepness	56
deepwater	27
deer	3
deerhound	7
deerskin	2
deescalate	71
deface	49
defacement	44
defacer	55
defacing	67
defamation	69
defamatory	89
defame	80
defamed	71
default	75
defeat	51
defeated	60
defeater	60
defeatism	81
defeatist	73
defecate	20
defecation	21
defect	63
defection	67
defective	61
defectively	78
defectiveness	77
defend	67
defendable	86
defendant	30
defender	45
defense	64
defenseless	65
defenselessly	77
defenselessness	71
defenseman	24
defensibility	80
defensible	67
defensibly	68
defensive	73
defensively	68
defensiveness	82
defer	77
deference	77
deferential	68
deferentially	76
deferment	72
deferrable	78
deferral	55
deferred	75
defiance	71
defiant	73
defiantly	70
defibrillate	52
defibrillation	50
defibrillator	8
deficiency	73
deficient	78
deficiently	80
deficit	70
defile	64
defiled	70
defilement	76
defiler	54
defiling	67
definability	77
definable	78
definably	80
define	71
defined	73
definite	73
definitely	82
definiteness	75
definition	48
definitional	90
definitive	79
definitively	76
definitiveness	90
deflate	47
deflation	59
deflator	49
deflect	44
deflectable	58
deflected	59
deflection	48
deflective	60
deflector	38
deflower	70
defog	40
defoliated	46
defoliation	54
deforest	46
deforestation	40
deform	43
deformation	50
deformed	34
deformity	35
defrag	64
defraud	80
defrauder	61
defray	79
defreeze	44
defrost	28
defroster	19
deftly	76
defunct	71
defuse	62
defy	78
degeneracy	92
degenerate	74
degenerateness	77
degeneration	71
degenerative	71
degradable	60
degradation	69
degrade	84
degraded	66
degradedly	82
degrader	68
degrading	70
degradingly	75
degrease	33
degreaser	36
degree	50
dehorn	45
dehumanization	85
dehumanize	65
dehumidification	64
dehumidifier	8
dehumidify	55
dehydrate	42
dehydration	37
dehydrator	13
deign	84
deinstitutionalization	82
deity	67
deject	82
dejected	78
dejectedly	84
dejection	78
delay	55
delayed	73
delayer	66
delaying	75
delectability	81
delectable	64
delectableness	67
delectably	76
delegate	48
delegation	57
delegator	34
delete	38
deletion	55
deli	11
deliberate	80
deliberately	54
deliberateness	73
deliberation	70
deliberative	88
deliberatively	78
deliberator	58
delicacy	55
delicate	68
delicately	89
delicateness	75
delicatessen	18
delicious	64
deliciously	74
deliciousness	63
delight	68
delighted	54
delightedly	75
delightful	66
delightfully	76
delightfulness	77
delighting	70
delightsome	81
delineate	82
delinquency	67
delinquent	71
delinquently	80
delirious	72
deliriously	79
deliriousness	74
delirium	76
deliver	47
deliverable	53
deliverance	66
deliverer	32
delivery	33
deliveryman	19
dell	27
delocalize	79
delouse	50
delta	45
delude	72
deluding	80
deludingly	81
deluge	38
delusion	68
delusional	83
delusionary	75
delusively	82
delusory	73
deluxe	72
delve	67
demagnetization	64
demagnetize	54
demagnetizer	34
demand	70
demandable	74
demander	59
demanding	65
demandingly	67
demark	60
dematerialization	66
dematerialize	72
demean	75
demeaning	79
demeanor	64
demented	83
dementedly	86
dementedness	82
dementia	69
demerit	70
demigod	61
demilitarization	74
demilitarize	68
demilitarized	64
demineralization	72
demise	67
demo	34
demobilization	70
demobilize	64
democracy	80
democrat	26
democratic	82
democratically	77
democratization	91
democratize	80
demographer	47
demographic	63
demographical	67
demographically	61
demographics	68
demography	59
demolish	38
demolisher	52
demolishment	70
demolition	40
demolitionist	36
demon	42
demonetize	72
demonic	71
demonical	86
demonize	78
demonologist	34
demonstrability	72
demonstrable	68
demonstrably	75
demonstrate	62
demonstration	31
demonstrational	59
demonstrative	68
demonstratively	74
demonstrativeness	69
demonstrator	25
demoralization	72
demoralize	78
demoralizer	63
demos	45
demote	57
demotion	67
demotivate	84
demount	48
demureness	82
demystify	86
den	11
denationalization	83
denaturalization	75
denaturalize	68
denatured	58
deniability	83
deniable	88
denial	64
denier	63
denim	6
denims	16
denominate	66
denomination	56
denominational	82
denominator	41
denotation	66
denote	74
denounce	79
denouncement	66
denouncer	56
dense	46
densely	69
denseness	47
density	62
dent	9
dental	48
dentist	2
dentistry	34
denture	7
denunciate	74
denunciation	74
deny	70
deodorant	0
deodorization	64
deodorize	52
deodorizer	23
deoxidization	53
deoxidize	62
deoxidizer	54
deoxygenate	65
depart	54
departed	61
department	43
departmental	78
departmentalism	79
departmentalization	65
departmentalize	72
departmentally	72
departure	48
depend	78
dependability	76
dependable	78
dependableness	83
dependably	71
dependant	63
dependence	71
dependency	77
dependent	67
dependently	74
depending	80
depersonalization	83
depersonalize	90
depict	72
depiction	67
depictive	77
deplete	53
depletion	66
depletive	82
deplorable	80
deplorableness	74
deplorably	79
deplore	77
deplored	76
deploringly	72
deploy	51
deployable	73
deployment	52
depolarize	80
depoliticize	82
depopulate	52
depopulation	64
deport	40
deportable	66
deportation	64
deportee	30
deportment	58
deposable	69
depose	62
deposer	59
deposit	27
deposition	52
depositional	85
depositor	26
depository	41
depot	22
depravation	67
deprave	84
depraved	80
depravedness	83
depravity	71
deprecate	68
deprecation	81
depreciable	85
depreciate	78
depreciatingly	76
depreciation	75
depreciative	75
depreciatively	83
depreciatory	79
depress	68
depressant	39
depressed	77
depressible	66
depressing	80
depressingly	78
depression	65
depressive	70
depressively	87
depressiveness	86
depressor	40
depressurization	51
depressurize	44
deprival	63
deprivation	76
deprive	70
deprived	74
depth	47
deputize	62
deputy	23
deputyship	44
derail	36
derailment	58
derange	76
deranged	70
derangement	72
derby	23
deregulate	72
deregulation	75
derelict	40
derisive	88
derisively	87
derisiveness	71
derivability	82
derivable	77
derivation	78
derivative	77
derivatively	85
derive	75
derived	75
derma	30
dermatitis	27
dermatologic	53
dermatological	64
dermatologist	20
dermatology	52
derogative	80
derogatively	80
derogatory	71
derriere	9
descend	45
descendant	37
descendent	60
descending	60
descent	50
describable	76
describe	70
describer	55
description	64
descriptive	70
descriptively	82
descriptiveness	83
descriptor	74
desecrate	61
desecration	64
desecrator	50
desegregation	75
deselect	60
desensitization	72
desensitize	78
desensitizer	72
desert	3
deserted	57
desertedness	76
deserter	42
desertion	77
deserve	83
deserved	90
deservedly	86
deservedness	84
deserver	66
deserving	84
deservingly	82
deservingness	91
desexualize	82
design	43
designable	70
designate	46
designated	64
designation	79
designative	74
designator	58
designed	52
designedly	78
designer	31
designing	52
desirability	78
desirable	77
desirableness	77
desirably	86
desire	82
desired	77
desirous	88
desirously	81
desk	3
deskbound	48
desktop	14
deskwork	24
desolate	71
desolateness	68
desolating	83
desolation	69
despair	70
despairing	74
despairingly	80
desperado	39
desperate	82
desperately	76
desperateness	83
desperation	78
despicable	89
despicableness	88
despicably	88
despise	72
despiser	79
despite	92
despond	85
despondency	90
despondent	68
despondently	82
despot	49
dessert	2
dessertspoon	14
destabilization	76
destabilize	74
destination	30
destiny	83
destitute	73
destituteness	77
destitution	73
destroy	48
destroyable	68
destroyer	35
destruct	51
destructibility	58
destructible	57
destruction	45
destructionist	70
destructive	71
destructively	67
destructiveness	71
destructivity	58
destructor	38
detach	52
detachability	48
detachable	49
detachably	76
detached	61
detachedly	88
detachedness	84
detacher	56
detachment	63
detail	62
detailed	68
detailer	36
detain	56
detainable	75
detainee	31
detainer	51
detainment	56
detect	70
detectable	66
detectably	73
detectible	65
detection	61
detective	20
detector	32
detention	44
deter	67
detergent	6
deteriorate	50
deteriorating	40
deterioration	66
deteriorative	68
determinability	89
determinable	77
determinably	86
determinate	82
determinately	84
determination	82
determinative	80
determinativeness	86
determine	72
determined	80
determinedly	77
determinedness	76
determiner	66
determinist	82
deterrence	73
deterrent	59
detest	66
detestability	81
detestable	75
detestably	87
detestation	77
dethrone	57
detonate	45
detonation	46
detonator	6
detour	34
detoured	56
detox	59
detoxification	62
detoxifier	56
detoxify	79
detract	82
detractingly	85
detraction	76
detractive	75
detractor	54
detriment	81
detrimental	71
detrimentally	86
deuce	49
devaluation	71
devalue	73
devastate	68
devastating	72
devastatingly	82
devastation	56
devastative	80
devastator	45
develop	78
developable	80
developer	36
development	65
developmental	73
developmentally	72
deviance	73
deviancy	88
deviant	74
deviate	72
deviation	51
deviator	56
device	26
devil	40
deviled	69
devilfish	18
devilish	80
devilishly	82
devilishness	82
devilry	73
devious	70
deviously	88
deviousness	88
devisable	73
devise	75
devitalized	79
devocalization	82
devoid	79
devolvement	69
devote	75
devoted	78
devotedly	70
devotedness	84
devotee	54
devotion	66
devotional	66
devotionally	83
devour	46
devourer	48
devouring	44
devout	64
devoutly	86
devoutness	77
dew	16
dewdrop	8
dewiness	52
dewy	20
dexterity	57
dexterous	64
dexterously	60
diabetes	29
diabetic	40
diabolic	78
diabolical	88
diabolically	84
diabolicalness	79
diabolism	79
diagnosable	55
diagnose	77
diagnoses	64
diagnosis	59
diagnostic	63
diagnostically	74
diagnostician	28
diagnostics	51
diagonal	26
diagonally	40
diagram	16
dial	12
dialect	58
dialectically	79
dialer	21
dialing	29
dialogue	50
dialysis	36
diameter	24
diametric	70
diametrically	74
diamond	3
diamondback	29
diaper	4
diapering	30
diaphragm	27
diarrhea	12
diary	12
diatribe	51
dibs	69
dice	3
dicer	36
dicey	78
dicing	45
dick	16
dickhead	43
dictate	46
dictation	56
dictator	18
dictatorial	72
dictatorially	77
dictatorship	56
diction	59
dictionary	9
did	64
diddle	60
die	48
diehard	74
diesel	28
diet	45
dietary	62
dieter	39
dietetics	58
dietician	22
dietitian	25
differ	85
difference	71
different	76
differential	66
differentially	77
differentiate	86
differentiation	71
differentiator	57
differently	78
differentness	71
differing	77
difficult	70
difficultly	74
difficultness	78
difficulty	78
diffuse	64
diffused	62
diffusedly	82
diffusely	88
diffuser	23
diffusible	66
diffusion	69
diffusive	87
dig	17
digest	48
digested	53
digester	61
digestibility	66
digestible	54
digestibly	73
digestion	34
digestive	58
digestively	64
digger	18
digging	27
diggings	38
digit	12
digital	34
digitalization	59
digitalize	69
digitally	51
digitization	60
digitize	55
digitizer	32
digits	20
dignified	86
dignifiedly	71
dignify	82
dignitary	48
dignity	74
digress	75
digression	80
digressively	84
digs	16
dike	12
dilapidate	45
dilapidated	57
dilapidation	57
dilate	38
dilated	46
dilation	36
dildo	7
dilemma	75
diligence	76
diligent	83
diligently	81
dill	23
dillydally	73
dilute	48
diluted	54
diluteness	65
diluter	44
dilution	69
dim	42
dime	4
dimension	62
dimensional	72
dimensionality	77
dimensionally	88
dimensioned	57
dimensionless	80
diminish	62
diminishable	72
diminishingly	69
diminishment	68
diminutive	61
diminutively	78
dimly	64
dimmed	44
dimmer	38
dimness	57
dimple	6
dimpled	28
dimwit	61
dimwitted	78
dimwittedness	69
dine	41
diner	4
dinette	12
ding	34
dingbat	58
dingdong	54
dinghy	20
dinginess	67
dingo	7
dingy	34
dining	31
dinky	58
dinner	12
dinnerless	48
dinnertime	34
dinnerware	5
dinosaur	3
diocese	49
diorama	12
dioxide	55
dip	20
diphtheria	38
diploma	2
diplomacy	74
diplomat	33
diplomatic	78
diplomatically	82
dipped	38
dipper	20
dipping	23
dipshit	52
dipstick	30
dire	80
direct	71
directed	65
direction	55
directional	73
directionality	79
directionally	72
directionless	84
directive	57
directivity	81
directly	66
directness	74
director	24
directorial	69
directorially	84
directorship	71
directory	19
direful	82
direfully	82
direness	80
dirt	3
dirtily	65
dirtiness	38
dirty	19
disability	38
disable	40
disabled	45
disablement	68
disaccord	76
disaccustomed	85
disadvantage	76
disadvantaged	79
disadvantageous	82
disadvantageously	82
disadvantageousness	83
disaffected	82
disaffection	83
disaffiliate	84
disaffiliation	88
disagree	56
disagreeability	82
disagreeable	78
disagreeableness	66
disagreeably	81
disagreed	60
disagreement	51
disallow	68
disallowable	87
disallowance	76
disappear	54
disappearance	65
disappearing	61
disappoint	78
disappointed	77
disappointedly	67
disappointer	64
disappointing	80
disappointingly	79
disappointment	77
disapproval	67
disapprove	78
disapprover	60
disapproving	74
disapprovingly	75
disarm	36
disarmament	62
disarmed	61
disarmer	47
disarming	79
disarmingly	77
disarrange	67
disarrangement	59
disarray	65
disarticulate	83
disassemble	47
disassembly	56
disassociate	80
disassociation	82
disaster	48
disastrous	67
disastrously	74
disband	60
disbandment	60
disbar	60
disbelief	78
disbelieve	70
disbeliever	65
disbelieving	92
disbelievingly	86
disbursable	76
disburse	58
disbursement	59
disc	4
discard	49
discarder	48
discern	76
discernable	83
discerner	78
discernible	80
discernibleness	78
discernibly	74
discerning	88
discerningly	90
discernment	86
discharge	29
dischargeable	57
discharger	56
discharging	64
disciple	43
disciplinable	77
disciplinal	71
disciplinarian	42
disciplinarily	78
disciplinary	75
discipline	69
disciplined	86
discipliner	53
disclaim	73
disclaimer	41
disclose	66
disclosed	81
discloser	62
disclosure	70
disco	34
discography	43
discolor	42
discoloration	45
discolorations	35
discolored	56
discombobulate	67
discomfort	68
discomforting	72
discomfortingly	66
disconcerted	72
disconcertedly	87
disconcertedness	90
disconcerting	87
disconcertingly	86
disconcertment	76
disconfirm	85
disconnect	56
disconnected	55
disconnectedly	80
disconnectedness	74
disconnection	70
discontent	77
discontented	75
discontentedly	77
discontentedness	68
discontenting	84
discontentment	77
discontinuance	72
discontinuation	76
discontinue	62
discontinuity	73
discontinuous	65
discontinuously	74
discord	68
discordance	88
discordant	67
discount	55
discountable	78
discounter	66
discourage	78
discouragement	77
discourager	66
discouraging	79
discouragingly	87
discourse	53
discourteous	79
discourteously	78
discourteousness	82
discourtesy	76
discover	66
discoverability	80
discoverable	69
discovered	66
discoverer	39
discovery	66
discredit	68
discreditable	78
discreet	72
discreetly	72
discreetness	71
discrepancy	62
discrepantly	84
discrete	65
discretely	85
discreteness	73
discretion	85
discretional	91
discretionally	89
discretionary	79
discriminate	62
discriminately	82
discriminating	86
discriminatingly	81
discrimination	68
discriminative	80
discriminatively	86
discriminator	69
discriminatory	81
discuss	46
discussable	81
discusser	59
discussible	85
discussion	48
disdain	79
disdainful	72
disdainfully	80
disdainfulness	79
disease	39
diseased	41
disembark	61
disembodied	60
disembodiment	67
disembody	58
disembowel	32
disembowelment	43
disenchant	81
disenchanted	90
disenchantment	86
disenfranchise	87
disenfranchised	84
disenfranchisement	84
disengage	58
disengaged	69
disengagement	67
disentangle	49
disentanglement	70
disestablish	78
disestablishment	83
disfavor	76
disfiguration	64
disfigure	56
disfigurement	37
disfigurer	48
disgrace	72
disgraceful	77
disgracefully	82
disgracefulness	84
disgracer	69
disgruntle	58
disgruntled	90
disgruntlement	78
disguisable	73
disguise	26
disguised	50
disguisedly	69
disguiser	64
disguising	61
disgust	70
disgusted	66
disgustedly	71
disgustful	75
disgustfully	82
disgusting	70
disgustingly	74
disgustingness	72
dish	2
disharmonic	76
disharmonize	78
disharmony	72
dishcloth	2
dishearten	83
disheartening	79
dishearteningly	77
disheartenment	83
dished	60
dishevel	64
disheveled	46
dishevelment	62
dishonest	78
dishonestly	72
dishonesty	78
dishonor	82
dishonorable	77
dishonorableness	88
dishonorably	89
dishpan	14
dishrag	5
dishtowel	3
dishware	4
dishwasher	3
dishwashing	19
dishwater	10
disillusion	89
disillusioned	80
disillusionment	83
disimpassioned	84
disincentive	73
disinclination	84
disincline	78
disinclined	83
disinfect	40
disinfectant	22
disinfection	58
disinfector	46
disinformation	78
disingenuous	84
disingenuously	89
disingenuousness	80
disinherit	82
disinheritance	66
disintegrate	58
disintegration	51
disintegrator	42
disinterest	70
disinterested	79
disinterestedly	78
disinterestedness	81
disinteresting	82
disintoxication	67
disjoin	51
disjoint	57
disjointed	63
disjointedly	76
disjointedness	69
disjunction	80
disk	5
diskette	24
diskless	48
dislikable	80
dislike	82
disliking	72
dislocate	54
dislocated	51
dislocation	45
dislodge	33
dislodgement	43
disloyal	84
disloyally	84
disloyalty	88
dismal	66
dismally	81
dismalness	84
dismantle	32
dismantler	46
dismay	68
dismayed	87
dismayingly	85
dismember	50
dismembered	29
dismemberment	35
dismiss	65
dismissal	75
dismissible	82
dismissingly	79
dismissive	65
dismissively	82
dismissiveness	79
dismount	32
dismountable	75
disobedience	62
disobedient	70
disobediently	72
disobey	64
disobeyer	69
disorder	48
disordered	68
disorderedly	68
disorderliness	64
disorderly	57
disorganization	59
disorganize	64
disorganized	69
disorganizer	60
disorient	72
disorientate	66
disorientated	62
disorientation	71
disoriented	70
disown	86
disownment	85
disparage	79
disparager	66
disparaging	79
disparagingly	82
disparate	78
disparity	80
dispassion	85
dispassionate	80
dispassionately	77
dispassionateness	81
dispatch	52
dispatcher	28
dispel	72
dispensable	68
dispensary	40
dispensation	75
dispensational	82
dispensatory	58
dispense	44
dispenser	29
dispersal	56
disperse	54
dispersed	59
disperser	41
dispersible	64
dispersion	70
dispersive	80
dispirited	66
dispiritedly	80
dispiritedness	86
dispiriting	86
dispiritingly	87
displace	61
displacement	57
display	29
displayable	58
displayed	48
displayer	42
displease	82
displeased	74
displeasing	78
displeasingly	79
displeasure	79
disposability	76
disposable	65
disposal	53
dispose	35
disposed	69
disposition	72
dispositional	78
dispossess	68
dispossession	74
dispraisingly	81
disproof	70
disproportion	56
disproportionable	78
disproportional	60
disproportionally	69
disproportionate	78
disproportionately	70
disprove	60
disproven	78
disputability	80
disputable	80
disputably	74
disputative	80
dispute	52
disputer	55
disqualification	78
disqualify	65
disquieted	85
disquieting	81
disregard	78
disregardful	78
disrepair	48
disreputability	81
disreputable	75
disreputableness	90
disreputably	86
disrepute	84
disrespect	77
disrespectable	82
disrespectful	78
disrespectfully	83
disrespectfulness	80
disrobe	27
disrobement	36
disrupt	64
disrupter	59
disruption	65
disruptive	80
disruptively	75
disruptiveness	64
disruptor	54
diss	62
dissatisfaction	76
dissatisfactory	72
dissatisfied	69
dissatisfiedly	80
dissatisfy	72
dissect	45
dissected	46
dissectible	48
dissecting	35
dissection	38
dissemble	59
dissembler	43
disseminate	70
dissemination	77
dissension	74
dissent	71
dissenter	63
dissenting	88
dissertation	55
disservice	81
disserviceable	78
dissident	62
dissimilar	75
dissimilarly	73
dissimilation	90
dissipate	48
dissipated	54
dissipation	62
dissociate	84
dissociation	76
dissociative	82
dissoluble	67
dissolute	77
dissolution	80
dissolvable	45
dissolve	46
dissolver	56
dissolving	44
dissonance	82
dissuade	69
distance	46
distant	56
distantly	70
distantness	68
distaste	74
distasteful	79
distastefully	80
distastefulness	75
distemper	66
distempered	66
distension	58
distill	38
distillable	56
distillation	47
distilled	52
distiller	21
distillery	15
distilling	60
distinct	72
distinction	73
distinctive	85
distinctively	80
distinctiveness	70
distinctly	77
distinctness	75
distinguish	70
distinguishable	63
distinguishableness	75
distinguishably	75
distinguished	72
distinguisher	78
distinguishing	81
distinguishingly	77
distort	58
distorted	61
distortedly	78
distortedness	80
distorter	50
distortion	68
distortional	76
distortive	82
distract	67
distracted	64
distractedly	86
distractedness	79
distractibility	76
distractible	68
distractingly	71
distraction	64
distractive	86
distractively	78
distractor	70
distraught	68
distress	58
distressed	70
distressful	67
distressfully	71
distressfulness	81
distressing	78
distressingly	88
distributable	75
distribute	56
distributed	60
distributer	44
distribution	42
distributional	84
distributive	72
distributiveness	72
distributor	28
distributorship	59
district	43
distrust	89
distrustful	86
distrustfully	77
distrustfulness	88
disturb	49
disturbance	57
disturbed	78
disturber	56
disturbing	63
disturbingly	79
disunion	77
disunite	74
ditch	12
ditcher	42
ditchwater	10
ditsy	80
ditto	60
ditz	58
ditzy	64
diuretic	51
diva	34
dive	24
diver	8
diverge	70
divergence	71
divergent	66
divergently	69
diverging	65
divers	7
diverse	69
diversely	77
diverseness	83
diversifiable	84
diversification	78
diversified	68
diversifier	72
diversify	76
diversion	58
diversionary	80
diversity	68
divert	54
diverting	67
dividable	50
divide	54
divided	43
dividedly	62
dividedness	79
dividend	56
divider	28
dividers	18
dividing	43
divinable	82
divination	79
divine	89
divinely	87
divineness	79
diving	22
divining	75
divinity	78
divisibility	80
divisible	66
divisibly	73
division	55
divisional	74
divisionally	79
divisionary	73
divisive	73
divisively	76
divisor	59
divorce	44
divorcee	30
divorcer	48
divulge	69
divulgement	82
divulgence	82
divulger	71
dizzily	64
dizziness	48
dizzy	60
dizzying	56
do	64
doable	74
doc	33
docile	70
docility	88
dock	9
docket	36
dockhand	18
docking	44
dockside	20
dockworker	11
dockyard	11
doctor	8
doctoral	63
doctorate	40
doctorial	79
doctrinal	67
doctrine	72
docudrama	49
document	15
documentarian	32
documentary	31
documentation	36
dodge	33
dodger	34
dodgy	74
doe	9
doer	56
does	69
dog	4
dogcatcher	16
dogface	46
dogfight	22
dogfood	2
dogged	68
doggedly	77
doggedness	74
doggish	76
doggishly	71
doggone	80
doggy	19
doghouse	5
doglike	48
dogma	80
dogmatic	78
dogmatism	78
dogmatist	63
dogs	0
dogsled	3
dogwood	4
doily	10
doing	58
doings	73
dojo	26
dole	61
doleful	69
dolefully	83
dolefulness	83
doll	0
dollar	2
dollarfish	9
dollhouse	3
dollop	23
dolly	7
dolphin	1
dolt	54
domain	40
dome	6
domelike	44
domestic	61
domestically	82
domesticate	70
domesticated	53
domestication	84
domesticator	54
dominance	62
dominancy	77
dominant	84
dominantly	73
dominate	72
dominated	70
dominatingly	75
domination	55
dominative	63
dominator	55
dominatrix	31
domineer	72
domineering	75
dominion	76
domino	10
dominoes	8
donate	53
donated	46
donation	42
donator	33
done	75
donkey	0
donor	36
donut	2
doodad	37
doodle	20
doodlebug	28
doodler	28
doohickey	58
doom	88
doomed	78
doomful	76
doomsayer	62
doomsday	66
door	5
doorbell	4
doorframe	5
doorhandle	4
doorjamb	12
doorkeeper	16
doorknob	1
doorknocker	7
doorman	5
doormat	4
doornail	2
doorplate	8
doorpost	7
doorsill	5
doorstep	0
doorstop	4
doorway	6
doozy	66
dopamine	33
dope	50
dopey	68
doppelganger	27
dork	48
dorky	56
dorm	15
dormancy	81
dormant	63
dormitory	9
dorsal	23
dosage	23
dose	29
dossier	20
dot	22
dote	73
doted	61
doting	72
dotingly	74
dotted	30
dotting	52
double	41
doubleclick	31
doubled	42
doubleheader	45
doublespeak	65
doubling	49
doubt	80
doubtable	79
doubter	65
doubtful	82
doubtfully	77
doubtfulness	80
doubting	73
doubtingly	76
doubtless	80
doubtlessly	86
doubtlessness	86
douche	22
dough	5
doughboy	27
doughnut	1
doughy	38
douse	43
dove	3
dovelike	73
dowel	18
down	37
downbeat	59
downcast	68
downdraft	30
downer	57
downfall	67
downfallen	69
downfield	32
downgrade	69
downhearted	70
downheartedly	78
downheartedness	72
downhill	26
download	47
downloadable	48
downplay	69
downpour	32
downrange	44
downright	82
downrightness	85
downriver	38
downshift	43
downside	75
downsize	58
downslide	42
downstage	23
downstairs	14
downstream	20
downswing	51
downtime	77
downtown	15
downtrodden	64
downturn	73
downward	46
downwardly	58
downwardness	54
downwind	40
dowry	43
dowse	45
doze	38
dozed	46
dozen	8
dozily	80
drab	67
drably	73
drabness	74
draconian	74
draft	46
draftee	38
drafter	45
draftiness	75
drafting	38
draftsman	21
draftsmanship	70
draftswoman	29
drafty	51
drag	21
dragged	22
dragging	32
dragon	15
dragonfly	4
dragonish	60
dragster	33
drain	10
drainable	57
drainage	26
drained	44
drainer	20
drainpipe	3
drake	19
drama	66
dramatic	72
dramatically	85
dramatics	73
dramatist	45
dramatization	63
dramatize	64
drank	36
drape	12
drapery	17
drastic	86
drastically	80
draught	38
draughts	55
draw	26
drawback	62
drawbridge	3
drawer	8
drawers	1
drawing	10
drawl	48
drawn	55
drawstring	6
dread	78
dreaded	72
dreadful	69
dreadfully	84
dreadfulness	85
dreadlock	10
dream	60
dreamboat	56
dreamer	70
dreamful	81
dreamily	84
dreaminess	85
dreamingly	73
dreamland	82
dreamless	75
dreamlessly	79
dreamlessness	76
dreamlike	68
dreamt	65
dreamtime	68
dreamworld	70
dreamy	70
drearily	80
dreariness	64
dreary	67
dredge	49
dredging	44
dregs	35
dreidel	3
drench	31
drencher	42
drenching	49
dress	2
dressed	40
dresser	1
dressiness	64
dressing	24
dressmaker	9
dressmaking	29
dressy	56
drew	46
dribble	29
dribbler	40
dried	36
drier	33
drift	48
drifter	36
drifting	52
driftwood	3
drifty	67
drill	15
driller	13
drillhole	12
drilling	22
drillmaster	33
drink	6
drinkability	52
drinkable	35
drinker	42
drinking	22
drip	22
dripper	38
dripping	28
drippy	41
drivable	58
drive	29
drivel	66
driven	68
driver	7
driverless	44
driveshaft	12
driveway	6
driving	26
drivingly	73
drizzle	20
drizzly	35
drollness	75
drone	27
droningly	77
drool	10
droop	33
drooping	41
droopingly	56
droopy	42
drop	20
dropbox	16
dropkick	15
droplet	14
dropout	37
dropper	30
dropping	33
droppings	13
drought	31
droughty	64
drove	32
drown	27
drowsily	62
drowsiness	49
drowsy	60
drudge	64
drudgery	72
drudgingly	76
drug	13
druggie	35
druggist	20
druggy	53
drugless	58
drugmaker	26
drugs	9
drugstore	4
drum	1
drumbeat	20
drumhead	16
drummer	14
drumming	20
drums	5
drumstick	1
drunk	38
drunkard	31
drunken	43
drunkenly	40
drunkenness	46
dry	31
dryclean	31
drycleaner	5
dryer	5
drying	44
dryly	62
dryness	57
drywall	7
dual	48
dualism	70
dualist	70
dualistic	75
duality	77
dually	71
dub	50
dubbed	61
dubbing	49
dubious	87
dubiously	83
dubiousness	86
duchess	14
duck	3
duckbill	6
ducking	28
duckling	2
ducktail	19
duckweed	18
ducky	49
duct	6
ducted	40
ductwork	5
dud	56
dude	27
due	45
duel	30
dueler	25
dueling	28
duelist	45
duet	31
duffel	22
dug	25
dugout	8
duh	86
duke	25
dull	66
duller	62
dullish	70
dullness	72
duly	83
dumb	66
dumbass	56
dumbbell	8
dumbfound	80
dumbly	70
dumbness	83
dumbstruck	72
dumbwaiter	11
dumdum	45
dumfound	82
dummy	26
dump	27
dumpcart	30
dumper	38
dumpily	80
dumpiness	71
dumping	39
dumpling	9
dumpster	8
dumpy	66
dunce	44
dune	14
dung	9
dungeon	17
dunghill	17
dunk	12
duo	32
dupe	69
duplex	21
duplicable	70
duplicate	38
duplication	43
duplicator	37
duplicitous	90
duplicity	72
durability	55
durable	49
durableness	66
durably	56
duration	73
durational	83
duress	68
during	88
dusk	19
duskily	60
duskiness	60
dust	15
dustbin	12
duster	9
dustily	69
dustiness	45
dusting	15
dustless	38
dustpan	0
dustproof	45
dusty	30
dutiful	80
dutifully	89
duty	70
duvet	4
dwarf	14
dwarfish	34
dwarfishly	56
dwarfishness	47
dwarfism	28
dweeb	56
dwell	60
dwelled	68
dweller	38
dwelling	22
dwelt	72
dwindle	69
dwindling	65
dye	10
dyeing	33
dyer	37
dying	46
dyke	19
dynamic	64
dynamically	78
dynamics	76
dynamistic	85
dynamite	8
dynamo	57
dynastically	86
dynasty	64
dysentery	39
dysfunction	78
dysfunctional	77
dyslexia	59
dyslexic	64
dysplasia	47
dystopia	77
each	74
eager	77
eagerly	85
eagerness	83
eagle	0
ear	0
earache	36
eardrum	10
earflap	7
earful	76
earl	54
earless	23
earlike	53
earlobe	1
early	69
earmark	48
earmuff	4
earn	65
earner	32
earnest	69
earnestly	82
earnestness	84
earning	52
earnings	15
earphone	6
earpiece	5
earplug	4
earplugs	2
earring	1
earshot	51
earsplitting	62
earth	5
earthborn	51
earthbound	57
earthed	59
earthen	55
earthiness	71
earthlike	43
earthliness	74
earthling	29
earthly	65
earthmover	40
earthquake	26
earthward	57
earthwards	52
earthwork	38
earthworm	3
earthy	71
earwax	3
earwig	5
ease	67
easeful	77
easefully	83
easel	1
easement	53
easier	84
easiest	74
easily	80
easiness	70
easing	68
east	49
eastbound	44
eastcoast	27
easter	54
easterly	62
eastern	47
easterner	45
easternmost	51
eastward	21
eastwardly	54
easy	73
easygoing	85
eat	14
eatable	47
eaten	35
eater	31
eatery	13
eating	22
eats	30
eave	8
eaves	9
eavesdrop	54
eavesdropper	34
eavesdropping	49
ebay	21
ebony	25
ebook	9
ecard	38
eccentric	80
eccentrically	80
eccentricity	79
echo	34
echocardiogram	18
echoer	39
echogram	36
echoless	46
eclair	6
eclectic	68
eclectically	71
eclipse	21
ecologic	69
ecological	60
ecologically	66
ecologist	33
ecology	59
econometrics	71
economic	70
economical	70
economically	72
economics	81
economist	44
economize	80
economy	61
ecospecies	54
ecosphere	40
ecosystem	22
ecotourism	68
ecstasy	74
ecstatic	65
ecstatically	70
ectoplasm	50
eczema	19
edema	27
edge	19
edged	51
edgeless	61
edgeways	42
edginess	73
edging	33
edgy	78
edibility	64
edible	36
edibleness	57
edibles	29
edict	59
edification	80
edifice	34
edit	43
editing	46
edition	45
editor	19
editorial	39
editorialize	68
editorially	69
editorship	72
educability	74
educate	72
educated	70
education	52
educational	72
educationalist	36
educationally	73
educator	25
educatory	69
eel	8
eelworm	14
eerie	84
eerily	79
eeriness	75
effect	80
effectible	84
effective	74
effectively	74
effectiveness	73
effects	54
effectual	82
effectually	80
effeminateness	69
effervescence	73
effervescent	58
efficiency	71
efficient	80
efficiently	80
effigy	30
efflorescent	55
effort	67
effortful	78
effortless	76
effortlessly	76
effusively	87
egg	1
eggbeater	3
egghead	46
egging	45
eggless	51
eggnog	0
eggplant	1
eggroll	1
eggshell	6
ego	82
egocentric	73
egocentricity	80
egocentrism	85
egoism	88
egoist	62
egoistic	82
egoistical	89
egoistically	84
egomania	87
egomaniac	65
egomaniacal	82
egotism	78
egotist	71
egotistic	78
egotistical	81
egotistically	87
egregiously	70
egregiousness	86
eh	99
eight	24
eighteen	26
eighteenth	34
eighth	34
eightieth	53
eighty	40
either	80
ejaculate	17
ejaculation	21
ejaculator	41
ejaculatory	60
eject	44
ejection	49
ejector	33
elaborate	58
elaborately	71
elaborateness	67
elaboration	72
elaborative	70
elaborator	59
elapse	74
elastic	32
elastically	51
elasticity	52
elasticize	65
elate	73
elated	68
elatedly	76
elatedness	65
elation	73
elbow	0
elbowed	39
elbowroom	45
elder	35
eldercare	36
elderly	33
eldest	39
elect	65
electability	78
electable	72
election	46
electioneer	30
elective	66
electively	76
electiveness	86
electoral	69
electorally	88
electorate	58
electric	36
electrical	40
electrically	50
electrician	20
electricity	28
electrics	42
electrifiable	68
electrify	51
electrocardiogram	21
electrocardiograph	23
electrocardiography	27
electrochemical	56
electrochemically	56
electrochemist	29
electrochemistry	44
electrocute	30
electrocution	30
electrode	38
electroluminescent	49
electrolysis	33
electrolyte	41
electrolytic	60
electromagnet	20
electromagnetic	52
electromagnetically	52
electromagnetism	50
electromechanical	54
electrometer	26
electromotive	64
electron	51
electronegative	73
electronic	43
electronically	64
electronics	16
electrophysiology	52
electroplate	24
electroscope	10
electroscopic	53
electroshock	28
electrostatic	41
electrostatics	54
electrosurgical	43
electrotherapeutic	66
electrotherapy	35
elegance	70
elegancy	77
elegant	67
elegantly	71
element	34
elemental	73
elementally	82
elementary	69
elephant	0
elevate	41
elevated	47
elevating	54
elevation	30
elevator	5
eleven	27
eleventh	31
elf	18
elfish	72
elfishly	81
elfishness	84
elflike	47
elicit	82
eligibility	78
eligible	64
eligibly	81
eliminate	56
elimination	75
eliminator	55
eliminatory	76
elite	70
elitism	81
elitist	64
elixir	23
elk	2
ellipse	25
ellipsis	39
elliptic	53
elliptical	38
elliptically	55
elm	8
elongate	40
elongated	39
elongation	58
elope	55
elopement	63
eloper	61
eloquence	78
eloquent	77
eloquently	82
else	84
elsewhere	78
elude	59
eluder	65
elusive	78
elusively	76
elusiveness	82
elves	30
emaciate	62
emaciation	48
email	8
emanate	62
emancipate	68
emancipation	66
emancipationist	54
emancipator	54
emasculate	66
emasculated	76
emasculation	76
emasculator	70
embalm	32
embalmer	27
embalmment	28
embankment	23
embargo	50
embark	63
embarrass	72
embarrassed	75
embarrassedly	79
embarrassing	72
embarrassingly	73
embarrassment	64
embassy	26
embattled	76
embattlement	52
embed	53
embellish	63
embellisher	53
embellishment	54
ember	16
embezzle	58
embezzlement	58
embezzler	43
embitter	84
emblaze	56
emblem	18
emblematic	72
embodiment	72
embody	81
embolism	53
emboss	36
embosser	32
embossing	36
embossment	40
embrace	40
embraceable	63
embracing	39
embroider	20
embroiderer	25
embroidery	9
embroil	74
embryo	10
embryological	59
embryology	69
embryonal	64
embryonic	54
emcee	14
emerald	2
emerge	68
emergence	61
emergency	65
emergent	73
emergently	82
emersion	54
emigrant	32
emigration	57
eminence	76
eminent	74
eminently	78
emissary	48
emission	42
emit	44
emitter	44
emote	60
emoticon	32
emotion	64
emotional	75
emotionalism	77
emotionalist	84
emotionality	76
emotionalize	86
emotionally	82
emotionless	78
emotively	90
emotiveness	84
empathetic	77
empathic	82
empathically	78
empathize	69
empathy	84
emperor	16
emperorship	51
emphases	76
emphasis	72
emphasize	75
emphatic	77
emphatically	82
emphysema	34
empire	50
empirical	76
empirically	83
employ	65
employability	79
employable	66
employed	55
employee	23
employer	30
employment	43
emporium	29
empower	75
empowerment	66
emptier	49
emptily	80
emptiness	67
empty	39
emu	5
emulate	66
emulation	72
emulator	48
emulsifier	36
emulsify	57
emulsion	39
enable	74
enablement	78
enabler	62
enact	70
enactment	64
enamel	20
enameling	40
enamor	74
enamored	84
encage	64
encamp	49
encampment	30
encapsulate	55
encapsulation	65
encase	60
encasement	42
encephalitis	47
enchant	81
enchanted	73
enchanter	58
enchanting	73
enchantingly	73
enchantment	84
enchantress	54
enchilada	8
encircle	54
encirclement	42
enclose	51
enclosure	24
encode	62
encoder	30
encompass	69
encompassment	67
encore	55
encounter	52
encourage	60
encouragement	76
encourager	57
encouraging	75
encouragingly	78
encroach	78
encroachment	67
encrust	44
encrypt	57
encryption	43
encumber	79
encumbrance	71
encyclopedia	5
encyclopedic	49
end	46
endanger	76
endangerment	78
endear	83
endeared	80
endearing	78
endearingly	80
endearment	86
endeavor	70
ended	73
ending	67
endless	80
endlessly	88
endlessness	88
endnote	34
endocrine	48
endocrinologist	29
endocrinology	56
endoplasmic	47
endorphin	34
endorsable	81
endorse	65
endorsed	77
endorsee	43
endorsement	62
endorser	44
endoscopic	46
endoscopy	21
endoskeleton	27
endow	58
endowment	53
endpoint	44
endurable	87
endurableness	84
endurance	75
endure	75
enduring	72
enduringly	86
enduringness	78
endways	77
enema	14
enemy	54
energetic	54
energetically	73
energize	64
energizer	70
energy	47
enforce	65
enforceability	78
enforceable	78
enforced	70
enforcement	63
enforcer	44
enframe	71
enfranchisement	76
engage	73
engaged	66
engagement	56
engager	41
engaging	82
engagingly	82
engagingness	85
engine	3
engineer	9
engineering	58
engineless	23
engorge	55
engorgement	57
engrain	72
engrained	73
engrave	25
engraved	20
engraver	14
engraving	18
engross	66
engrossed	60
engrossing	75
engrossingly	66
engrossment	66
engulf	53
engulfment	58
enhance	70
enhanced	70
enhancement	68
enhancer	71
enigma	80
enigmatic	84
enigmatically	87
enjoy	68
enjoyable	74
enjoyableness	80
enjoyably	57
enjoyer	71
enjoying	70
enjoyment	71
enlarge	46
enlargeable	49
enlarged	34
enlargement	40
enlarger	51
enlarging	48
enlighten	88
enlightened	87
enlightener	57
enlightening	95
enlightenment	88
enlist	57
enlisted	77
enlister	38
enlistment	69
enmesh	62
enormity	66
enormous	52
enormously	74
enormousness	57
enough	92
enquire	68
enquirer	54
enquiry	56
enrage	58
enraged	60
enragement	74
enrapture	73
enraptured	75
enrich	75
enriching	79
enrichment	79
enrobe	48
enroll	60
enrolled	64
enrollee	42
enrollment	51
ensemble	32
enshrine	57
enshroud	36
enslave	66
enslavement	62
enslaver	48
ensnare	52
ensnarement	64
ensnaring	66
ensnarl	63
ensue	66
ensuing	90
ensure	83
entail	79
entangle	38
entangled	42
entanglement	56
entangling	66
enter	47
entering	37
enterprise	74
enterpriser	42
enterprising	78
enterprisingly	74
entertain	61
entertainer	21
entertaining	74
entertainingly	79
entertainment	52
enthrall	80
enthralling	78
enthrallingly	78
enthrallment	70
enthralment	72
enthusiasm	66
enthusiast	69
enthusiastic	56
enthusiastically	62
entice	75
enticement	73
enticer	56
enticing	72
enticingly	81
entire	74
entirely	80
entireness	72
entirety	48
entitle	69
entitlement	80
entity	58
entomb	38
entombment	39
entomologist	28
entomology	53
entourage	38
entrails	10
entrance	19
entranced	77
entranceway	18
entrancing	71
entrancingly	84
entrap	61
entrapment	67
entree	18
entrench	59
entrenched	59
entrenchment	67
entrepreneur	48
entrepreneurial	72
entrepreneurship	75
entrust	71
entrustment	75
entry	34
entryway	14
entwine	65
entwinement	44
enumerate	75
enumeration	54
enumerative	77
enunciate	59
enunciation	60
enunciator	56
envelop	36
envelope	2
envelopment	54
enviable	74
enviably	89
envied	82
envious	81
enviously	78
enviousness	83
environment	31
environmental	59
environmentalism	66
environmentalist	32
environmentally	83
envision	66
envoy	38
envy	83
envying	80
enzyme	36
enzymologist	34
ephedrine	48
epic	70
epicenter	47
epidemic	44
epidemical	72
epidemically	68
epidemiologist	36
epidemiology	57
epidermal	36
epidermis	8
epidural	40
epigram	48
epilepsy	43
epileptic	48
epilogue	44
epinephrine	17
epiphany	85
episcopal	69
episcopalian	70
episode	44
episodic	68
episodically	79
epitaph	31
epitome	80
epitomize	84
equal	61
equaling	65
equalitarianism	73
equality	90
equalization	68
equalize	74
equalizer	62
equalizing	80
equally	85
equate	77
equation	34
equator	29
equatorial	60
equestrian	26
equidistance	48
equidistantly	68
equilateral	57
equilaterally	64
equilibrium	60
equinox	45
equip	55
equipment	4
equipper	43
equitable	78
equitably	73
equity	70
equivalence	77
equivalency	69
equivalent	61
equivalently	64
equivocal	80
equivocally	79
equivocate	77
equivocator	71
era	69
eradicate	50
eradication	68
eradicator	57
erasable	52
erase	30
erased	35
eraser	6
erasure	63
erect	31
erectable	50
erectile	64
erecting	45
erection	20
erectly	52
erectness	44
ergonomic	62
ergonomics	66
erode	44
eroded	42
eroding	41
erogenous	76
erosion	29
erosive	49
erotic	68
erotica	43
erotically	73
eroticism	62
eroticize	72
errand	41
errant	74
errantly	85
erratic	82
erratically	67
erring	69
erroneous	83
erroneously	79
erroneousness	76
error	58
errorless	73
erupt	32
eruption	36
eruptive	66
escalate	65
escalating	68
escalation	68
escalator	0
escapable	62
escapade	58
escape	42
escapee	31
escaper	49
escapism	86
escapist	38
escargot	0
escort	18
escrow	57
eskimo	3
esophageal	35
esophagi	31
esophagus	10
esoteric	85
esoterically	75
esotericism	84
especially	93
espionage	62
espresso	15
esquire	54
essay	26
essayist	42
essence	84
essential	87
essentialism	84
essentialist	74
essentiality	79
essentially	86
essentialness	99
establish	75
established	76
establisher	64
establishment	38
estate	22
esteem	79
esteemed	76
estimate	59
estimation	76
estimator	45
estrange	85
estranged	80
estrangement	79
estrogen	33
estuary	21
etcetera	85
etch	24
etching	22
eternal	81
eternalize	86
eternally	82
eternity	88
ethanol	10
ether	28
ethereally	81
etherealness	85
ethic	85
ethical	92
ethicality	83
ethically	85
ethicalness	80
ethicist	62
ethics	68
ethnic	63
ethnical	78
ethnically	80
ethnicity	60
ethnocentrism	84
ethnologically	87
ethnologist	38
ethnology	67
ethological	85
ethos	86
ethyl	24
etiquette	71
etymologist	36
eucalyptus	6
eugenic	86
eulogize	66
eulogy	38
euphemism	82
euphemistic	92
euphonic	85
euphonically	78
euphoria	88
euphoric	70
eureka	84
euro	18
euthanasia	48
euthanize	52
evacuate	43
evacuation	39
evacuator	41
evacuee	33
evade	58
evader	49
evaluate	79
evaluation	50
evaluative	75
evaluator	51
evangelical	69
evangelicalism	88
evangelically	75
evangelism	77
evangelist	39
evangelistic	74
evangelistically	75
evangelization	72
evangelize	73
evangelizer	42
evaporate	43
evaporation	49
evaporator	25
evasion	64
evasive	76
evasively	83
evasiveness	80
eve	57
even	55
evenhanded	75
evenhandedly	78
evenhandedness	66
evening	44
evenly	59
evenness	64
event	58
eventful	80
eventfully	82
eventfulness	66
eventless	66
eventual	80
eventuality	86
eventually	81
ever	88
everblooming	58
everglade	32
evergreen	25
everlasting	78
everlastingly	85
everlastingness	79
evermore	82
every	68
everybody	47
everyday	64
everydayness	78
everyone	52
everyplace	68
everything	68
everyway	77
everywhere	75
evict	45
eviction	47
evictor	47
evidence	34
evident	74
evidential	76
evidentially	89
evidently	90
evil	77
evildoer	55
evildoing	75
evilness	75
evocative	90
evoke	66
evoker	75
evolution	60
evolutional	75
evolutionally	77
evolutionary	80
evolutionism	72
evolutionist	55
evolvable	76
evolve	76
evolvement	77
ex	60
exacerbate	71
exacerbation	78
exact	62
exactable	70
exacting	74
exactitude	76
exactly	72
exactness	73
exaggerate	69
exaggerated	77
exaggeratedly	80
exaggerating	82
exaggeratingly	74
exaggeration	68
exaggerator	68
exaggeratory	82
exalt	72
exaltation	68
exalted	75
exaltedly	79
exaltedness	78
exam	13
examinable	65
examination	27
examine	54
examinee	41
examiner	36
examining	53
example	49
exasperate	72
exasperated	72
exasperatedly	80
exasperating	77
exasperatingly	85
exasperation	63
excavate	30
excavation	44
excavator	23
exceed	81
exceeding	80
exceedingly	77
excel	71
excellence	70
excellency	72
excellent	72
excellently	87
excentricity	72
except	88
excepting	89
exception	79
exceptionable	75
exceptional	66
exceptionality	85
exceptionally	86
exceptionalness	91
excerpt	39
excess	62
excessive	69
excessively	71
excessiveness	70
exchange	56
exchangeability	65
exchangeable	61
exchanger	54
excise	63
excitability	70
excitable	65
excitableness	79
excitation	70
excite	76
excited	67
excitedly	72
excitement	63
exciting	76
excitingly	73
exclaim	65
exclaimer	59
exclaiming	61
exclamation	63
exclamatory	70
excludable	73
exclude	60
excluder	52
excluding	65
exclusion	73
exclusionary	82
exclusionist	73
exclusive	72
exclusively	77
exclusiveness	77
exclusivity	84
excommunicable	79
excommunicate	88
excommunication	68
excommunicator	56
excrement	14
excrete	53
excretes	41
excretion	42
excretive	50
excretory	53
excruciate	71
excruciating	70
excruciatingly	68
excursion	52
excusable	75
excusably	86
excusatory	88
excuse	68
excuser	59
excusing	75
executable	77
execute	56
executed	56
executer	36
execution	27
executioner	21
executive	25
executively	89
executor	44
exemplarily	67
exemplary	84
exemplifier	69
exemplify	77
exempt	77
exemption	71
exercisable	70
exercise	28
exerciser	18
exert	64
exertion	64
exes	48
exfoliate	33
exfoliating	47
exfoliation	45
exhalable	66
exhalant	64
exhalation	36
exhale	28
exhaust	51
exhausted	53
exhaustedly	73
exhaustibility	77
exhaustible	79
exhausting	63
exhaustingly	64
exhaustion	49
exhaustive	68
exhaustively	77
exhaustiveness	80
exhaustless	75
exhaustlessness	78
exhibit	38
exhibiter	40
exhibition	37
exhibitioner	48
exhibitionism	56
exhibitionist	33
exhibitionistic	65
exhibitive	71
exhibitor	41
exhibitory	60
exhilarant	76
exhilarate	75
exhilarated	70
exhilarating	77
exhilaratingly	77
exhilaration	68
exhilarative	84
exhilarator	52
exhortation	74
exhumation	42
exhume	29
exile	71
exist	66
existence	86
existent	72
existential	82
existentialism	89
existentialist	70
existentialistic	92
existentially	90
existing	75
exit	27
exobiology	54
exocentric	78
exodus	60
exonerate	81
exoneration	78
exonerator	58
exorbitantly	75
exorcise	56
exorciser	57
exorcism	54
exorcist	39
exorcize	67
exoskeleton	2
exothermal	45
exotic	72
exotica	59
exotically	82
exoticism	73
exoticness	75
expand	41
expandable	56
expanded	65
expander	36
expanding	48
expanse	58
expansibility	74
expansible	78
expansion	50
expansionary	82
expansionism	62
expansionist	62
expansive	68
expansively	81
expansiveness	74
expatriate	56
expect	78
expectable	90
expectance	81
expectancy	79
expectant	56
expectantly	70
expectation	84
expectedly	84
expedience	76
expediency	70
expedient	75
expediential	68
expediently	81
expedite	49
expedited	66
expediter	55
expedition	51
expeditious	75
expeditiously	68
expeditiousness	77
expel	53
expellable	71
expeller	53
expend	82
expendability	88
expendable	90
expenditure	56
expense	61
expenses	35
expensive	47
expensively	77
expensiveness	75
experience	80
experienced	88
experiential	75
experiment	40
experimental	71
experimentalist	56
experimentally	85
experimentation	67
experimented	63
experimenter	30
expert	54
expertise	84
expertly	68
expertness	74
expiration	60
expire	57
expiree	51
expiring	66
explain	76
explainable	72
explainer	56
explaining	69
explanation	78
explanative	85
explanatively	86
explanatory	82
expletive	66
expletory	86
explicable	86
explicative	54
explicatory	79
explicit	78
explicitly	73
explicitness	78
explode	23
exploded	43
exploder	46
exploit	83
exploitable	75
exploitation	82
exploitative	70
exploiter	66
exploitive	76
exploration	54
explorative	79
exploratory	78
explore	52
explorer	24
exploring	54
explosion	12
explosive	31
explosively	60
explosiveness	59
expo	45
exponent	48
exponential	86
exponentially	75
export	56
exportability	73
exportable	69
exportation	50
exporter	38
exposable	60
expose	38
exposed	57
exposedness	66
exposition	64
expository	68
exposure	65
express	70
expressed	74
expresser	51
expressible	77
expression	62
expressional	84
expressionism	82
expressionist	58
expressionless	56
expressionlessly	75
expressive	74
expressively	75
expressiveness	78
expressivity	86
expressly	81
expressway	24
expulsion	54
expulsive	72
exquisite	80
exquisitely	82
exquisiteness	83
extend	52
extendable	59
extended	66
extendedly	80
extendedness	71
extender	54
extendibility	78
extendible	57
extending	46
extensibility	84
extension	52
extensive	80
extensively	72
extensiveness	72
extent	89
extenuate	78
extenuating	78
extenuation	77
exterior	25
exterminate	54
extermination	66
exterminator	22
external	55
externalism	86
externalist	64
externality	73
externalization	74
externalize	78
externally	60
externals	59
extinct	62
extinction	64
extinguish	38
extinguishable	59
extinguished	52
extinguisher	7
extort	60
extortion	58
extortionately	83
extortionist	46
extortive	77
extra	64
extracellular	56
extract	36
extractable	64
extracted	59
extractible	70
extraction	46
extractive	74
extractor	33
extracurricular	73
extraditable	78
extradite	58
extradition	68
extrajudicial	83
extramarital	52
extraneous	72
extraneously	92
extraneousness	89
extraordinaire	75
extraordinarily	84
extraordinariness	77
extraordinary	72
extrapolate	76
extras	53
extrasensory	89
extraterrestrial	62
extraterritorially	82
extravagance	82
extravagancy	68
extravagant	68
extravagantly	71
extravaganza	60
extravert	71
extreme	76
extremely	79
extremeness	80
extremism	83
extremist	56
extremity	48
extricated	64
extrinsic	77
extrinsically	75
extrovert	69
extroverted	67
extrude	50
extruding	56
extrusion	60
extrusive	73
exuberance	84
exuberant	68
exuberantly	72
exuberate	86
exude	67
exultation	70
eye	2
eyeball	2
eyebath	30
eyeblink	9
eyebrow	4
eyed	55
eyedrop	5
eyedropper	0
eyeful	50
eyeglass	7
eyeglasses	2
eyehole	12
eyelash	0
eyeless	22
eyelet	14
eyelid	0
eyelike	51
eyeliner	4
eyepatch	6
eyepiece	6
eyes	4
eyeshade	19
eyeshadow	3
eyesight	35
eyesore	31
eyestrain	39
eyewash	7
eyewear	14
eyewink	6
eyewitness	35
fab	74
fable	48
fabled	72
fabric	9
fabricate	54
fabrication	54
fabricator	47
fabulous	72
fabulously	84
fabulousness	86
facade	45
face	3
facebook	16
facecloth	9
faced	60
facedown	32
faceless	50
facelift	32
faceplate	10
facet	53
faceted	52
facetious	77
facetiously	87
facetiousness	83
facial	34
facially	43
facilitate	88
facilitation	80
facilitative	81
facilitator	51
facilities	22
facility	36
facing	38
facsimile	45
fact	57
faction	54
factional	72
factionalism	88
factitiously	83
factoid	48
factor	55
factorability	75
factorable	77
factorial	69
factorization	75
factorize	77
factory	6
factsheet	13
factual	65
factuality	76
factually	85
factualness	81
faculty	26
fad	66
fade	63
faded	48
fader	57
fading	54
fag	52
faggot	36
fagot	39
fail	50
failing	62
failingly	74
failsafe	66
failure	73
faint	31
fainter	33
fainthearted	84
faintheartedly	79
faintheartedness	72
fainting	31
faintish	63
faintly	72
faintness	74
faints	36
fair	65
fairer	72
fairground	7
fairly	73
fairness	79
fairway	20
fairy	22
fairyland	52
fairylike	66
fairytale	52
faith	84
faithful	70
faithfully	81
faithfulness	82
faithless	82
faithlessly	87
faithlessness	78
fake	76
faker	53
fakery	85
falcon	2
falconer	22
falconry	46
fall	24
fallacious	82
fallacy	80
fallback	71
fallen	37
fallibility	86
fallible	76
falling	34
fallopian	36
fallout	60
false	66
falsehearted	80
falsehood	75
falsely	76
falseness	81
falsetto	46
falsifiable	74
falsification	73
falsify	67
falter	70
falterer	62
faltering	70
fame	76
famed	80
familiar	74
familiarity	72
familiarization	78
familiarize	78
familiarly	83
family	19
famine	36
famish	55
famished	68
famous	73
famously	75
famousness	71
fan	7
fanatic	69
fanatical	71
fanatically	82
fanaticism	84
fanaticize	83
fancied	82
fancier	66
fanciful	80
fancifully	84
fancifulness	87
fanciness	62
fancy	62
fancywork	56
fandom	64
fanfare	41
fang	19
fanged	38
fangless	23
fanlight	17
fanlike	59
fanning	34
fanny	17
fantail	33
fantasia	62
fantasist	75
fantasize	72
fantastic	80
fantastical	93
fantasticality	88
fantastically	78
fantasy	85
far	57
faraway	51
farce	67
fare	22
farewell	70
farfetched	88
farfetchedness	84
farm	10
farmable	52
farmer	12
farmhand	12
farmhouse	6
farming	38
farmland	3
farmost	68
farmworker	14
farmyard	13
farness	79
farseeing	68
farsighted	66
farsightedly	77
farsightedness	57
fart	21
farther	57
farthermost	60
farthest	74
fascinate	81
fascinated	81
fascinating	77
fascinatingly	89
fascination	78
fascism	79
fascist	68
fashion	39
fashionable	77
fashionably	66
fashioned	66
fashioner	42
fashionista	47
fashionmonger	59
fast	42
fastball	30
fasten	22
fastener	23
fastening	51
faster	56
fastidiously	81
fasting	57
fastness	56
fat	12
fatal	45
fatale	68
fatalism	84
fatalistic	74
fatalistically	77
fatality	38
fatally	42
fatalness	71
fate	87
fated	88
fateful	92
fatefully	84
fatefulness	78
fathead	47
fatheaded	67
father	12
fathered	45
fatherhood	56
fatherland	56
fatherless	58
fatherlessness	74
fatherliness	85
fatherly	61
fathom	73
fathomable	87
fathomless	72
fatigue	46
fatigueless	62
fatiguing	70
fatless	56
fatness	45
fatso	54
fatten	44
fattener	64
fatter	45
fattiness	43
fatty	28
faucet	13
fault	65
faultfinding	80
faultily	88
faultiness	78
faulting	67
faultless	65
faultlessly	74
faulty	72
fauna	26
faux	62
favor	73
favorable	67
favorableness	77
favorably	82
favored	69
favoring	75
favorite	57
favoritism	77
fawn	18
fawning	69
fawningly	74
fawnlike	56
fax	13
fear	61
feared	70
fearful	70
fearfully	61
fearfulness	77
fearless	78
fearlessly	74
fearlessness	74
fearsome	75
fearsomely	83
fearsomeness	70
feasibility	80
feasible	86
feasibleness	85
feasibly	81
feast	18
feat	64
feather	2
featherbed	8
featherbrain	68
featherbrained	77
feathered	26
featheriness	56
feathering	62
featherless	25
featherlike	64
featherweight	32
feathery	34
feature	51
featured	62
featureless	57
february	65
fecal	27
feces	1
fed	45
federacy	69
federal	65
federalism	84
federalist	51
federalization	82
federalize	72
federally	74
federate	70
federation	69
fedora	12
fee	28
feeble	60
feebleminded	70
feebleness	68
feebly	82
feed	21
feedback	63
feedbag	7
feedbox	34
feeder	16
feeding	21
feel	68
feeler	36
feeling	83
feelingly	79
feign	72
feigned	74
feigning	66
feisty	75
felicity	86
feline	16
felinely	74
fell	36
fellow	33
fellowman	34
fellowship	68
felon	29
felonious	77
feloniously	78
felony	38
felt	49
felted	40
female	11
femaleness	47
feminine	65
femininely	74
feminineness	62
femininity	71
feminism	71
feminist	64
feministic	69
feminization	73
feminize	75
femme	51
femur	3
fence	4
fenceless	38
fencepost	1
fencer	14
fencing	14
fend	66
fender	12
feral	55
ferment	52
fermentable	54
fermentation	45
fern	0
fernlike	46
ferocious	51
ferociously	74
ferociousness	60
ferocity	81
ferret	1
ferry	4
ferryboat	6
ferryman	8
fertile	51
fertileness	80
fertility	60
fertilizable	74
fertilization	45
fertilize	32
fertilizer	6
fervent	64
fervently	78
ferventness	81
fervor	60
fest	33
fester	46
festival	17
festive	56
festively	74
festiveness	66
festivity	57
fetal	34
fetch	40
fetched	52
fetching	55
fetchingly	78
fetish	63
fettuccine	7
fetus	9
feud	45
feudal	70
feudalism	73
feudalist	68
feudality	76
feudalization	79
fever	43
fevered	64
feverish	61
feverishly	73
feverishness	58
feverously	72
few	63
fiance	37
fiancee	29
fiasco	68
fiat	36
fib	63
fibber	64
fiber	12
fiberboard	18
fiberglass	2
fibrous	45
fibrousness	45
fibula	6
fickle	69
fickleness	81
fiction	72
fictional	72
fictionalize	72
fictionally	68
fictitious	64
fictitiously	82
fictitiousness	80
fiddle	5
fiddler	10
fiddlestick	29
fiddlesticks	58
fiddling	55
fidelity	78
fidget	48
fidgetiness	62
fidgeting	36
fidgety	52
fiduciary	66
field	19
fielded	55
fielder	28
fieldsman	12
fieldstone	29
fieldwork	35
fieldworker	5
fiend	52
fiendish	80
fiendishly	85
fiendishness	74
fiendlike	71
fierce	60
fiercely	77
fierceness	72
fiery	44
fiesta	22
fifteen	41
fifteenth	41
fifth	30
fiftieth	49
fifty	38
fiftyfold	74
fig	1
fight	20
fightable	64
fighter	26
fighting	31
figment	74
figurative	90
figuratively	95
figurativeness	93
figure	34
figured	64
figurehead	43
figureless	75
figurine	3
filament	18
file	15
filename	31
filer	28
filet	10
filetype	46
filibuster	65
filibusterer	43
filing	37
filings	20
fill	42
filled	49
filler	52
fillet	6
filleting	31
filling	29
film	7
filmable	51
filmgoer	25
filminess	55
filmmaker	16
filmstrip	13
filmy	51
filter	10
filterable	74
filterer	46
filtering	50
filth	22
filthily	62
filthiness	51
filthy	37
filtrate	50
filtration	38
fin	6
finagle	79
final	58
finale	56
finalist	30
finality	83
finalization	78
finalize	72
finally	83
finance	41
financial	62
financially	66
financier	38
finch	18
find	59
findable	74
finder	50
finding	53
fine	60
finely	73
fineness	65
finer	73
finery	47
finesse	78
finger	0
fingerboard	16
fingered	35
fingerer	27
fingering	31
fingerless	34
fingerlike	48
fingernail	2
fingerprint	1
fingerprinting	24
fingertip	2
finicky	74
finish	53
finished	56
finisher	55
finishing	66
finite	82
finitely	72
finless	29
finlike	54
fir	10
fire	8
firearm	9
fireball	17
firebird	11
fireboat	9
firebomb	5
firebox	14
firebrand	55
firebrick	22
firecracker	8
fired	63
firefight	36
firefighter	3
firefly	2
firehose	9
firehouse	8
firehydrant	0
fireless	52
firelight	14
fireman	5
fireplace	8
fireplug	9
firepower	33
fireproof	40
fireproofing	36
fireside	29
firestorm	36
firetrap	26
firetruck	0
firewall	30
firewater	30
firewood	2
firework	9
fireworks	3
firing	34
firm	36
firmer	49
firmly	67
firmness	27
firmware	42
first	56
firstborn	24
firsthand	78
firstly	79
fiscal	79
fiscally	77
fish	0
fishable	60
fishbone	11
fishbowl	3
fished	40
fisher	20
fisherman	7
fisherwoman	7
fishery	12
fisheye	23
fishhook	3
fishhooks	2
fishily	70
fishiness	61
fishing	18
fishinghook	3
fishingpole	1
fishingrod	13
fishlike	45
fishmeal	12
fishmonger	27
fishnet	7
fishpond	7
fishtail	10
fishtank	4
fishy	51
fissure	29
fist	2
fisted	46
fistfight	14
fistful	30
fisting	20
fit	57
fitful	61
fitfulness	64
fitness	47
fitted	57
fitting	56
fittingly	80
fittingness	74
five	28
fives	35
fix	52
fixable	60
fixate	67
fixation	83
fixed	53
fixedly	80
fixedness	84
fixer	36
fixing	52
fixture	21
fizz	9
fizzle	28
fizzy	33
fjord	16
flab	17
flabbergast	82
flabbergasted	76
flabbiness	48
flabby	43
flaccid	34
flaccidity	43
flaccidly	56
flaccidness	53
flag	5
flagging	46
flagless	54
flagman	11
flagpole	3
flagrance	75
flagrancy	83
flagrant	73
flagrantly	77
flagship	28
flagstaff	15
flagstick	11
flagstone	4
flail	30
flair	64
flake	16
flakily	61
flakiness	49
flaky	52
flamboyance	69
flamboyancy	69
flamboyant	70
flamboyantly	59
flame	8
flamed	46
flameless	55
flameproof	33
flamethrower	11
flaming	26
flamingly	71
flamingo	5
flammability	66
flammable	35
flan	24
flank	25
flanked	48
flanking	53
flannel	14
flannels	11
flap	22
flapjack	3
flapper	28
flare	12
flares	12
flaring	47
flash	33
flashback	66
flashbulb	6
flashcard	3
flasher	23
flashily	55
flashiness	62
flashing	23
flashlight	0
flashpoint	52
flashy	54
flask	5
flat	23
flatbed	16
flatboat	11
flatfoot	23
flathead	23
flatiron	19
flatland	23
flatly	71
flatness	43
flatscreen	8
flatten	29
flattener	42
flattening	41
flatter	72
flattered	71
flatterer	53
flattering	69
flatteringly	74
flattery	57
flattish	65
flattop	14
flatulence	28
flatulency	59
flatulent	30
flatulently	56
flatware	12
flatworm	5
flaunt	68
flaunter	64
flaunting	70
flauntingly	75
flaunty	72
flavor	36
flavored	40
flavorful	62
flavoring	34
flavorings	23
flavorless	60
flaw	54
flawed	68
flawless	62
flawlessly	80
flawlessness	71
flaxseed	14
flea	3
fleabag	43
fleabite	14
fleck	31
fled	46
fledgling	56
flee	33
fleece	6
fleeced	55
fleecy	36
fleet	30
fleeting	67
fleetingly	81
fleetingness	92
flesh	10
fleshed	62
fleshiness	43
fleshless	27
fleshly	65
fleshy	36
flew	46
flex	28
flexed	49
flexibility	51
flexible	59
flexibleness	48
flexibly	54
flick	32
flicker	35
flickering	41
flickeringly	73
flier	16
flight	28
flightiness	76
flightless	54
flighty	73
flimflam	85
flimsily	54
flimsiness	46
flimsy	45
flinch	35
flincher	55
flinching	35
flinchingly	67
fling	46
flint	9
flintstone	9
flip	26
flippantly	76
flipper	19
flipping	39
flipside	41
flirt	44
flirtation	70
flirtatious	57
flirtatiously	71
flirtatiousness	73
flirter	45
flirting	64
flirtingly	77
flirty	55
flittingly	74
float	23
floatability	54
floatable	48
floatation	29
floater	23
floating	28
floatingly	90
flock	8
flocking	26
flockless	67
flog	24
flogger	38
flogging	29
flood	9
floodable	61
flooded	24
flooder	65
floodgate	14
flooding	16
floodless	68
floodlight	8
floodlighting	20
floodplain	12
floodwater	14
floodway	26
floor	5
floorboard	3
flooring	14
floorless	38
floozy	40
flop	27
floppily	57
floppiness	47
floppy	30
floral	31
florally	54
florescence	47
florescent	29
florist	9
floristry	50
floss	15
flossing	23
flotation	30
flounder	27
floundering	64
flour	1
flourish	72
flourisher	72
flourishing	74
flourishingly	80
flourless	53
flourlike	35
floury	33
flow	32
flowchart	22
flower	0
flowerbed	7
flowered	30
floweriness	62
flowering	33
flowerless	41
flowerlike	54
flowerpot	5
flowery	58
flowing	64
flowingly	66
flown	38
flu	34
flub	62
fluctuant	64
fluctuate	64
fluctuating	60
fluctuation	66
fluency	70
fluent	77
fluently	75
fluff	30
fluffily	66
fluffiness	47
fluffy	29
fluid	7
fluidity	61
fluidization	63
fluidly	67
fluidness	64
fluke	66
flung	43
flunk	65
fluorescence	44
fluorescent	31
fluoride	16
fluorine	23
fluorite	27
fluoroscope	9
flurried	58
flurry	40
flush	32
flusher	41
flushing	27
flushness	44
fluster	56
flute	0
fluted	46
flutelike	55
fluting	36
flutist	15
flutter	40
fluttering	45
fluttery	59
flux	62
fly	9
flyable	49
flyaway	37
flyboy	30
flyby	55
flycatcher	10
flyer	20
flying	23
flyover	33
flypaper	6
flyswatter	0
flytrap	9
flyway	54
flywheel	9
foal	17
foam	4
foaminess	40
foaming	29
foamless	31
foamy	26
focal	73
focalization	74
focus	66
focusable	68
fodder	50
foe	51
fog	8
fogged	36
foggily	70
fogginess	42
foggy	30
foghorn	1
fogless	39
foil	13
fold	22
foldable	43
folded	22
folder	2
folding	28
foldout	32
foliage	8
foliaged	41
foliated	45
folio	31
folk	36
folklore	62
folklorist	43
folkloristic	82
folks	37
folksiness	73
folksong	22
folksy	77
folktale	44
follicle	14
follow	44
follower	46
following	54
folly	77
fond	83
fondle	40
fondling	36
fondly	64
fondness	84
fondue	5
font	27
fontsize	35
food	5
foodlessness	66
foodstuff	25
fool	45
foolery	72
foolhardily	74
foolhardiness	80
foolhardy	83
fooling	85
foolish	79
foolishly	75
foolishness	67
foolproof	80
foot	2
footage	40
football	7
footballer	12
footbath	14
footboard	6
footbridge	5
footcloth	15
footed	29
footer	33
footgear	11
foothill	16
foothold	24
footing	36
footings	39
footless	21
footlocker	10
footloose	71
footman	11
footnote	28
footnoted	32
footpad	16
footpath	5
footplate	10
footprint	16
footrace	25
footrest	8
footsie	30
footsore	20
footsoreness	55
footstep	21
footsteps	26
footstool	1
footsy	60
footwear	8
footwork	42
for	84
forage	47
forager	36
forbade	66
forbear	61
forbearance	77
forbearer	49
forbearing	82
forbearingly	86
forbid	76
forbiddance	75
forbidden	78
forbidding	70
forbiddingly	82
forbiddingness	86
force	50
forced	69
forceful	73
forcefully	58
forcefulness	68
forceless	83
forceps	5
forcer	65
forces	58
forcibility	74
forcible	64
forcibleness	82
forcibly	58
forcing	67
ford	20
fore	62
forearm	8
forebear	79
forebode	76
foreboder	60
foreboding	86
forebodingly	90
forebrain	29
forecast	56
forecaster	12
forecasting	60
foreclosable	70
foreclose	49
foreclosure	43
forefather	42
forefinger	9
forefront	50
forego	66
foregoing	77
foregone	87
foreground	52
forehand	21
forehanded	54
forehead	2
foreign	62
foreigner	42
foreignness	80
foreknowing	85
foreknowingly	82
foreknowledge	78
forelimb	20
forelock	43
foreman	16
foremanship	78
foremost	75
forename	60
forenoon	60
forensic	60
forensically	57
forensics	72
forepaw	13
foreplay	44
forequarter	49
forerunner	54
foresee	73
foreseeable	84
foreseer	56
foreshadow	76
foreshadower	72
foresight	80
foresighted	76
foresightedness	77
foreskin	3
forest	6
forestation	41
forestry	34
foretell	70
foreteller	60
forethought	72
forethoughtfully	81
forethoughtfulness	80
foretold	74
forever	92
forevermore	83
forewarn	70
forewarning	75
foreword	37
forfeit	59
forfeiter	53
forfeits	79
forfeiture	59
forge	24
forgeable	61
forged	44
forger	32
forgery	49
forget	74
forgetful	68
forgetfully	82
forgetfulness	80
forgettable	74
forgetting	76
forging	40
forgivable	85
forgivably	79
forgive	77
forgiveness	89
forgiver	46
forgiving	80
forgivingly	80
forgivingness	85
forgo	83
forgot	70
forgotten	82
fork	2
forked	40
forkful	27
forklift	5
forklike	42
forlorn	81
forlornness	79
form	47
formable	59
formal	57
formaldehyde	10
formality	83
formalization	79
formalize	74
formally	78
formalness	85
format	52
formation	44
formative	86
formatively	70
formativeness	76
formed	49
former	70
formerly	78
formfitting	48
formidability	82
formidable	81
formidableness	86
formidably	78
forming	72
formless	62
formlessly	72
formlessness	75
formula	22
formularization	75
formulary	75
formulate	60
formulation	77
formulator	47
formulization	67
formulize	79
fornicate	38
fornicated	43
fornication	34
fornicator	30
forsake	76
forsaken	85
forsakenly	88
forsakenness	84
fort	7
forte	65
forth	66
forthcoming	74
forthright	87
forthrightly	78
forthrightness	82
forthwith	81
forties	52
fortifiable	69
fortification	44
fortifier	54
fortify	66
fortifying	59
fortitude	74
fortnight	57
fortress	5
fortuitous	83
fortuitousness	88
fortunate	74
fortunately	89
fortunateness	77
fortune	52
fortuned	72
fortuneless	74
fortuneteller	21
fortunetelling	53
forty	22
forum	25
forward	58
forwarder	53
forwarding	65
forwardly	81
forwardness	80
forwards	48
fossil	2
fossilization	49
fossilize	45
fossilized	30
foster	67
fosterer	44
fostering	75
fought	53
foul	65
fouling	56
foulmouthed	57
foulness	79
found	62
foundation	31
foundational	73
foundationally	83
foundationless	66
founder	34
founding	68
fountain	6
fountainhead	28
fountainless	58
four	41
fourfold	58
fourscore	48
foursome	25
fourteen	49
fourteenth	20
fourth	40
fourthly	58
fowl	9
fox	1
foxhole	12
foxhound	13
foxhunt	21
foxhunting	21
foxily	78
foxiness	73
foxtail	10
foxtrot	19
foxy	70
foyer	12
fraction	48
fractional	66
fractionalize	65
fractionally	77
fractionize	75
fractious	83
fractiously	80
fracture	24
fragile	54
fragileness	60
fragility	72
fragment	23
fragmental	61
fragmentally	76
fragmentary	67
fragmentation	64
fragmented	40
fragmentize	58
fragrance	24
fragrant	41
fragrantly	56
frail	61
frailness	63
frailty	60
frame	18
framed	26
frameless	36
framer	32
framework	44
framing	24
franchise	48
franchisee	32
franchiser	44
frank	62
frankfurter	3
frankincense	7
frankly	85
frankness	78
frantic	72
frantically	63
franticly	80
frappe	23
frat	43
fraternal	77
fraternalism	77
fraternally	80
fraternity	64
fraternization	69
fraternize	70
fraternizer	52
fraud	83
fraudulence	66
fraudulency	74
fraudulent	77
fraudulently	66
fraught	70
fray	45
frayed	30
fraying	35
frays	33
frazzle	70
frazzling	79
freak	52
freakily	81
freakiness	81
freaking	76
freakish	71
freakishly	77
freakishness	66
freaky	75
freckle	11
freckled	29
freckles	9
freckly	25
free	74
freebase	47
freebee	36
freebie	58
freed	62
freedom	66
freedwoman	48
freefall	49
freehand	45
freehanded	64
freehandedly	68
freehandedness	65
freehearted	68
freehold	71
freeing	84
freelance	77
freelancer	48
freeload	69
freeloader	36
freely	68
freeman	42
freemason	29
freemasonic	73
freeness	72
freestanding	42
freestyle	57
freethinker	68
freethinking	85
freeware	53
freeway	7
freewheeler	53
freewill	79
freezable	33
freeze	26
freezer	3
freezing	24
freight	20
freighter	15
frenzied	64
frenziedly	82
frenzy	67
frequency	58
frequent	69
frequenter	55
frequently	78
fresh	76
freshen	71
freshener	30
freshly	72
freshman	30
freshness	72
freshwater	18
fret	59
fretful	77
fretfully	77
fretfulness	77
fretless	60
fretted	67
fretting	66
friar	28
friction	50
frictional	68
frictionless	61
friday	43
fridge	2
fried	22
friend	48
friendless	68
friendlessness	70
friendliness	66
friendly	67
friendship	65
fright	62
frighten	48
frightened	68
frightener	53
frightening	71
frighteningly	77
frightful	70
frightfully	80
frightfulness	77
frigid	43
frigidity	62
frigidly	76
frigidness	60
frill	47
frilled	51
frilliness	69
frilly	27
fringe	40
fringed	31
fringeless	49
fringy	40
frisbee	7
frisk	55
friskily	77
friskiness	66
frisking	43
frisky	65
fritter	22
frivolous	64
frivolously	70
frivolousness	74
frizz	30
frizzy	29
fro	63
frog	0
frogfish	7
froglike	54
frolic	49
frolicker	68
from	79
front	31
frontage	49
frontal	40
fronted	66
frontier	43
frontiersman	26
fronting	62
frontless	54
frontline	28
frontman	23
frontward	40
frost	11
frostbite	17
frosted	25
frostily	69
frostiness	34
frosting	3
frostless	34
frostlike	55
frosty	28
froth	22
frothily	44
frothiness	37
frothing	33
frothy	28
frown	23
frowner	37
frowning	29
froze	26
frozen	17
frozenness	43
fructose	19
frugal	77
frugality	70
frugally	71
frugalness	82
fruit	5
fruitcake	9
fruited	53
fruiter	36
fruitful	66
fruitfully	62
fruitiness	48
fruition	80
fruitless	73
fruitlessly	75
fruitlessness	75
fruitwood	10
fruity	58
frumpily	72
frumpiness	58
frumpishly	81
frumpy	56
frustrate	80
frustrated	63
frustrating	80
frustration	74
fry	16
fryer	12
fryingpan	3
fuchsia	21
fuck	45
fucker	60
fucking	39
fuckup	60
fudge	3
fuel	18
fugitive	27
fulcrum	29
fulfill	80
fulfillment	73
full	35
fullback	25
fuller	46
fullness	60
fullscreen	18
fulltime	46
fully	78
fumble	38
fumbler	45
fumbling	62
fume	36
fumeless	47
fumigant	43
fumigate	39
fumigation	50
fumigator	16
fuming	62
fun	76
function	77
functional	61
functionalism	88
functionalist	66
functionality	72
functionalize	75
functionally	76
functionary	70
functionless	80
fund	45
fundable	82
fundamental	86
fundamentalism	81
fundamentalist	73
fundamentality	86
fundamentally	77
funded	52
funding	46
fundraiser	20
fundraising	59
funds	21
funeral	29
funereal	38
fungal	33
fungi	10
fungicidal	40
fungicide	28
fungus	10
funk	77
funkiness	74
funky	74
funnel	12
funneled	48
funniness	76
funny	62
funnyman	36
fur	8
furies	56
furious	67
furiously	75
furiousness	78
furless	39
furlong	55
furlough	47
furnace	8
furnish	31
furnished	26
furnisher	31
furnishing	30
furnishings	17
furniture	3
furrier	21
furriness	32
furrowed	38
furry	26
further	78
furtherance	83
furthermore	85
furthermost	77
furthest	56
fury	53
fuse	11
fused	36
fuselage	5
fusibility	74
fusion	43
fusionist	54
fuss	64
fussily	64
fussiness	67
fussy	60
futile	87
futilely	86
futileness	86
futility	72
futon	5
future	78
futureless	93
futurism	76
futurist	78
futuristic	70
fuzz	16
fuzzily	76
fuzziness	49
fuzzy	26
gab	53
gadget	10
gadgetry	37
gaelic	53
gaffe	64
gag	16
gaggle	31
gaily	73
gain	69
gainer	40
gainful	81
gainfully	74
gainfulness	86
gaining	56
gains	58
gait	36
gal	12
gala	28
galactic	61
galaxy	34
gale	32
gall	60
gallant	77
gallantly	78
gallantness	84
gallantry	75
gallbladder	9
galled	71
galleria	23
gallery	14
galley	23
gallivant	66
gallon	27
gallop	21
galloper	40
galloping	23
gallows	16
gallstone	8
galore	80
galvanization	52
galvanize	42
galvanized	50
gamble	46
gambler	24
gambling	36
game	12
gameboy	8
gamekeeper	29
gamely	76
gameness	81
gamer	25
gamester	40
gamey	59
gaminess	82
gaming	38
gamma	44
gamut	59
gander	40
gang	14
gangbang	22
gangland	40
gangly	47
gangrene	21
gangrenous	37
gangster	27
gangway	28
ganja	10
gap	27
gape	43
gaping	56
gapingly	59
garage	1
garb	20
garbage	8
garbanzo	9
garble	50
garbled	76
garbling	66
garden	7
gardened	38
gardener	12
gardenia	3
gardening	29
gardenless	53
gargantuan	46
gargle	17
gargoyle	4
garish	66
garishly	74
garishness	66
garland	4
garlic	3
garlicky	45
garment	5
garmentless	52
garner	66
garnet	19
garnets	22
garnish	22
garnished	47
garnishment	33
garter	5
gartered	40
gas	18
gaseous	56
gaseousness	61
gash	15
gashes	15
gashouse	7
gasket	14
gasless	61
gaslight	9
gasmask	3
gasoline	7
gasp	21
gasping	46
gaspingly	66
gassiness	51
gassing	45
gassy	53
gastric	45
gastritis	42
gastro	67
gastroenterological	60
gastroenterology	62
gastrointestinal	45
gastronomical	66
gastronomically	80
gastronomy	53
gate	1
gated	28
gatehouse	13
gatekeeper	20
gateless	36
gateman	20
gatepost	13
gateway	23
gather	56
gatherable	73
gatherer	27
gathering	40
gating	38
gator	4
gaudily	63
gaudiness	60
gaudy	65
gauge	25
gauging	64
gaunt	49
gauntlet	14
gauntly	64
gauze	9
gave	66
gavel	3
gawk	43
gawkily	68
gawkiness	63
gawky	64
gay	62
gayness	80
gaze	39
gazebo	5
gazelle	7
gazer	43
gazette	21
gazing	52
gear	18
gearbox	7
geared	50
gearing	45
gearless	29
gearshift	9
gearwheel	12
gecko	6
geek	32
geeky	66
geezer	24
geisha	15
gel	7
gelatin	5
gelatinization	62
gelatinous	31
gem	3
gemini	48
gemlike	65
gemstone	8
gender	42
genderless	68
gene	35
genealogic	60
genealogical	69
genealogically	87
genealogist	34
genealogy	66
general	84
generalist	64
generality	88
generalization	77
generalize	81
generalized	82
generally	84
generalness	85
generalship	80
generate	69
generating	66
generation	76
generational	76
generative	59
generator	19
generic	59
generically	80
generosity	79
generous	69
generously	72
generousness	71
genesis	67
genetic	57
genetically	66
geneticist	33
genetics	45
genial	74
geniality	79
genialness	80
genie	44
genital	20
genitalia	8
genitals	1
genius	50
genocidal	81
genocide	66
genome	40
genotype	62
genre	66
gent	30
genteelness	83
gentile	58
gentility	78
gentle	62
gentlefolk	47
gentleman	36
gentlemanlike	62
gentlemanliness	78
gentlemanly	70
gentleness	68
gentlepeople	50
gentlewoman	26
gentlewomanly	78
gently	74
gents	42
genuine	74
genuinely	80
genuineness	79
genus	48
geo	55
geocentric	60
geocentrically	66
geochemical	57
geochemist	33
geochemistry	64
geode	24
geographer	22
geographic	45
geographical	52
geographically	73
geography	47
geologic	43
geological	58
geologically	71
geologist	15
geology	52
geometer	32
geometric	40
geometrical	50
geometrically	56
geometrics	51
geometry	50
geophysicist	15
geophysics	50
geopolitical	62
geopolitically	82
geopolitics	79
geothermal	60
geothermic	56
geranium	6
gerbil	7
geriatric	52
geriatrics	64
germ	28
germfree	58
germicide	39
germinate	54
germination	40
germinator	39
germless	64
germproof	60
germs	34
germy	64
gestate	44
gestation	39
gestational	61
gesticulation	56
gesture	50
gesturer	38
get	66
getaway	47
getting	73
getup	57
geyser	8
ghastliness	84
ghastly	75
ghetto	30
ghost	45
ghostlike	72
ghostliness	73
ghostly	76
ghostwrite	56
ghostwriter	31
ghoul	57
ghoulish	69
ghoulishly	70
ghoulishness	70
giant	18
giantess	44
gibberish	67
giblet	9
giblets	10
giddily	72
giddiness	64
giddy	71
gift	11
giftcard	10
gifted	79
giftedness	79
giftshop	12
gig	53
gigabit	57
gigabyte	54
gigahertz	51
gigantic	61
gigantically	68
giganticness	54
gigantism	33
giggle	32
giggler	35
giggling	32
giggly	54
gigolo	48
gilded	36
gilding	27
gill	17
gilled	38
gills	11
gimmick	66
gimmicky	84
gimp	28
gimpy	56
gin	14
ginger	2
gingerbread	3
gingerly	81
gingerroot	10
gingersnap	6
gingery	62
gingivitis	24
gingko	21
ginseng	12
giraffe	7
girdle	9
girl	4
girlfriend	19
girlhood	52
girlie	52
girlish	70
girlishly	68
girlishness	68
girly	64
girth	38
gist	80
give	54
giveaway	52
given	67
giver	40
giving	71
gizmo	35
gizzard	14
glacial	49
glacially	63
glacier	7
glaciered	29
glad	66
glade	26
gladiator	4
gladly	80
gladness	76
glam	64
glamorize	82
glamorous	62
glamorously	75
glamour	72
glance	38
glancing	48
gland	22
glandular	55
glare	29
glaring	51
glaringly	73
glass	4
glassblower	17
glasses	2
glassful	33
glasshouse	15
glassiness	44
glassless	53
glasslike	49
glassmaker	15
glassmaking	19
glassware	10
glasswork	21
glassworker	14
glassworks	14
glassy	32
glaucoma	19
glaze	25
glazed	24
glazing	36
gleam	43
gleaming	62
glean	62
gleaning	66
glee	68
gleeful	60
gleefully	70
gleefulness	77
gleesome	78
glen	36
glide	27
glider	17
gliding	34
glidingly	62
glimmer	44
glimmering	40
glimpse	48
glisten	37
glistening	36
glisteningly	47
glitch	49
glitter	14
glittering	27
glittery	43
glitz	50
glitzy	51
gloat	68
gloater	55
gloating	62
gloatingly	77
glob	23
global	52
globalist	68
globalization	72
globally	54
globe	10
globetrotter	34
globetrotting	49
globular	39
globularity	80
gloom	78
gloomily	73
gloominess	71
glooming	76
gloomy	62
glop	33
glorification	92
glorified	81
glorifier	73
glorify	72
glorious	79
gloriously	76
gloriousness	72
glory	89
glorying	63
gloss	30
glossary	20
glossed	39
glossily	53
glossiness	38
glossless	65
glossy	38
glove	1
gloved	29
gloveless	24
glow	34
glower	60
glowering	81
gloweringly	72
glowing	20
glowingly	78
glowworm	2
glucose	26
glue	9
glued	38
glum	72
glumly	71
glumness	88
gluten	34
glutinous	60
glutinously	76
glutton	46
gluttonous	71
gluttonously	77
gluttonousness	70
gluttony	51
glycemic	68
glycerin	15
glycerine	25
glycerol	16
gnarl	47
gnarled	41
gnarly	68
gnat	4
gnaw	29
gnawing	23
gnawingly	72
gnome	10
gnomish	67
go	46
goal	48
goalie	13
goalkeeper	12
goalkeeping	35
goalpost	1
goaltender	8
goaltending	32
goat	0
goatee	3
goatishness	76
goatskin	5
gobble	41
gobbler	28
goblet	9
goblin	16
god	73
godchild	34
goddamn	89
goddamned	89
goddaughter	32
goddess	59
godfather	22
godforsaken	85
godless	86
godlessly	86
godlessness	83
godlike	67
godliness	90
godly	83
godmother	32
godparent	25
godsend	86
godson	32
goes	70
gofer	30
goggle	15
goggled	40
goggles	2
going	58
gokart	4
gold	5
golden	47
goldenly	68
goldenness	56
goldenrod	14
goldfish	5
goldilocks	40
goldmine	30
goldsmith	7
golf	12
golfer	7
golfing	18
goliath	48
gonad	11
gondola	2
gone	74
goner	72
gong	7
gonorrhea	27
goo	36
good	84
goodbye	50
goodhearted	82
goodheartedly	83
goodie	59
goodliness	81
goodness	90
goodnight	68
goods	19
goodwife	51
goodwill	62
goody	74
gooey	34
goof	62
goofball	45
goofily	76
goofiness	75
goofy	60
google	38
goon	43
goop	17
goose	5
gooseberry	7
goosebumps	7
gooseneck	30
gopher	8
gore	40
gorge	21
gorged	51
gorgeous	69
gorgeously	72
gorgeousness	64
gorilla	1
goriness	45
goring	47
gory	55
gosh	91
gosling	19
gospel	30
gossip	50
gossiper	41
gossiping	58
gossipingly	75
gossipy	74
got	77
gothic	54
gotten	60
gouge	45
goulash	20
gourd	3
gourmet	48
gout	30
govern	70
governability	83
governable	75
governance	72
governess	28
governing	70
government	53
governmental	68
governmentally	72
governor	23
governorship	63
gown	10
grab	37
grabber	29
grace	80
graceful	66
gracefully	68
gracefulness	78
graceless	77
gracelessly	71
gracelessness	77
gracious	71
graciously	79
graciousness	82
grad	26
gradable	70
gradation	62
grade	50
graded	52
grader	41
gradient	39
grading	58
gradual	78
gradualism	82
gradualist	71
gradually	53
gradualness	73
graduate	48
graduated	56
graduating	62
graduation	30
graffiti	7
graft	40
grafted	43
grafting	49
grail	19
grain	5
grained	48
graininess	31
grainy	46
gram	25
grammar	45
grammarless	67
grammatical	67
grammatically	72
gramophone	5
grand	83
grandbaby	23
grandchild	19
granddad	17
granddaddy	6
granddaughter	16
grandeur	75
grandfather	3
grandfatherly	70
grandiose	66
grandiosely	62
grandiosity	88
grandkid	14
grandly	80
grandma	12
grandmamma	7
grandmaster	36
grandmother	9
grandmotherly	73
grandnephew	8
grandness	76
grandniece	12
grandpa	15
grandparent	24
grandparental	59
grandson	18
grandstand	24
granduncle	34
granite	0
graniteware	13
granny	19
granola	4
grant	37
grantable	80
granter	32
granular	41
granularity	65
granulated	32
granulation	49
granulator	28
grape	0
grapefruit	1
grapelike	45
grapevine	8
graph	8
graphic	45
graphical	51
graphically	64
graphics	10
graphite	10
graphologist	38
grapple	54
grappler	27
grappling	47
grasp	34
graspable	54
grasping	44
grass	2
grasshopper	2
grassiness	46
grassland	10
grassless	24
grassroots	59
grassy	17
grate	4
grateful	80
gratefully	86
gratefulness	71
grater	12
gratification	80
gratified	75
gratifier	60
gratify	68
gratifying	73
gratifyingly	74
grating	48
gratitude	61
gratuitous	72
gratuitously	80
gratuitousness	80
gratuity	43
grave	11
gravedigger	12
gravel	0
gravelly	74
gravely	74
graven	69
graveness	75
graves	3
graveside	17
gravestone	7
graveyard	4
gravitate	63
gravitation	62
gravitational	55
gravitationally	70
gravity	54
gravy	1
gray	38
grayfish	15
grayish	40
grayness	53
graze	37
grazer	38
grazing	36
grease	10
greased	27
greaseless	55
greaseproof	49
greasily	54
greasiness	32
greasy	30
great	80
greater	66
greathearted	81
greatly	78
greatness	83
greed	87
greedily	68
greediness	75
greedless	78
greedy	59
green	23
greenback	24
greenbelt	23
greener	38
greenery	17
greengrocery	12
greenhouse	6
greenish	48
greenness	51
greenroom	19
greens	23
greet	51
greeter	20
greeting	34
gregarious	80
gregariously	80
gregariousness	68
gremlin	24
grenade	2
grenadine	20
grew	37
grey	22
greyhound	0
grid	11
griddle	16
griddlecake	8
griddlecakes	3
gridiron	27
gridlock	45
grief	57
griefless	85
grievance	70
grieve	65
grieved	64
griever	28
grieving	68
grievingly	73
grievous	78
grievously	80
grievousness	73
griffin	32
grill	3
grille	24
grilled	19
griller	29
grillroom	12
grillwork	17
grim	80
grimace	38
grimacer	52
grimacing	34
grime	29
grimily	66
griminess	63
grimly	73
grimness	86
grimy	54
grin	21
grinch	64
grind	26
grinder	22
grinding	23
grindingly	44
grindstone	13
grinner	42
grinning	21
grinningly	56
grip	18
gripe	71
griper	57
griping	55
gripper	39
gripping	43
grippingly	74
grisliness	78
grisly	62
gristle	15
grit	42
gritless	67
grits	6
grittily	72
grittiness	50
gritty	51
grizzled	55
grizzly	46
groan	23
groaner	45
groaning	35
groaningly	73
grocer	18
groceries	6
grocery	17
groggily	72
grogginess	54
groggy	55
groin	10
groom	12
groomer	15
groomsman	14
groove	30
grooving	56
groovy	83
grope	31
groper	33
groping	20
gropingly	62
gross	51
grossly	72
grossness	66
grotesque	56
grotesquely	70
grotesqueness	64
grotto	20
grouch	57
grouchily	70
grouchiness	60
grouchy	62
ground	6
groundball	22
groundcover	17
grounded	73
groundhog	2
grounding	61
groundless	82
groundlessly	85
groundlessness	80
grounds	14
groundsheet	18
groundskeeper	16
groundsman	20
groundswell	52
groundwater	16
groundwork	55
group	22
grouped	53
groupie	27
grouping	46
grout	8
grouts	29
grove	6
grovel	50
groveling	53
grow	49
grower	25
growing	53
growingly	71
growl	18
growler	36
growling	30
growlingly	54
grown	45
grownup	55
growth	53
grub	29
grubbiness	56
grubby	49
grudge	72
grudging	69
grudgingly	84
gruel	27
grueling	81
gruesome	57
gruesomely	72
gruesomeness	67
gruff	65
gruffly	72
gruffness	71
grumble	51
grumbler	53
grumbling	36
grumblingly	70
grumbly	68
grump	57
grumpily	70
grumpiness	62
grumpy	65
grunge	44
grungy	58
grunt	36
grunter	43
grunting	45
gruntingly	75
guacamole	3
guarantee	76
guard	24
guardable	60
guarded	57
guardedly	76
guardedness	80
guarder	34
guardhouse	8
guardian	43
guardianship	58
guarding	48
guardrail	0
guardroom	20
guardsman	9
guava	3
guerrilla	19
guess	68
guessable	82
guesser	46
guessing	54
guesstimate	76
guesswork	74
guest	29
guestbook	8
guesthouse	12
guestless	53
guestlist	21
guestroom	14
guidable	72
guidance	64
guide	32
guidebook	4
guideless	68
guideline	27
guidepost	20
guider	40
guiding	62
guild	51
guildsman	45
guile	78
guileful	79
guilefulness	88
guileless	84
guilelessly	84
guillotine	9
guilt	77
guiltily	76
guiltiness	82
guiltless	84
guiltlessly	82
guiltlessness	90
guilty	66
guinea	32
guise	62
guitar	2
guitarist	10
gulf	23
gull	23
gullibility	88
gullible	80
gullibly	84
gully	17
gulp	20
gulping	23
gum	3
gumball	5
gumbo	15
gumdrop	2
gummed	34
gumminess	48
gumming	43
gummy	32
gumption	82
gumshoe	28
gun	4
gunboat	16
gunfight	12
gunfighter	17
gunfire	8
gunk	38
gunlock	21
gunman	13
gunmanship	57
gunmetal	18
gunner	16
gunnery	49
gunning	53
gunnysack	12
gunplay	40
gunpoint	38
gunpowder	5
gunshot	2
gunslinger	25
gunsmith	7
gunstock	10
guppy	3
gurgle	17
gurgling	18
gurney	8
guru	35
gush	40
gusher	36
gushiness	62
gushing	42
gushingly	74
gushy	62
gust	29
gustily	66
gusto	69
gusty	47
gut	21
gutless	81
gutlessness	82
guts	29
gutsy	83
gutter	4
guttural	64
guy	8
guzzle	41
guzzler	48
gym	4
gymnasium	5
gymnast	4
gymnastic	29
gymnastics	24
gynecologic	58
gynecological	52
gynecologist	15
gynecology	38
gypsy	14
gyrate	31
gyration	36
gyrator	39
gyro	14
gyroscope	19
habilitation	57
habit	56
habitability	70
habitable	70
habitant	35
habitat	28
habitation	48
habitual	75
habitually	71
habitualness	83
habituation	62
hacienda	19
hack	48
hacked	60
hacker	31
hacking	34
hacksaw	1
had	81
haemorrhage	20
hag	33
haggard	59
haggardly	75
haggardness	77
haggle	52
haggler	33
haiku	36
hail	17
hailstone	11
hailstorm	8
hair	1
hairball	5
hairbrush	6
haircut	6
haircutter	8
haircutting	18
hairdo	23
hairdress	27
hairdresser	5
hairdressing	23
hairdryer	1
haired	28
hairiness	20
hairless	12
hairlessness	32
hairline	14
hairnet	1
hairpiece	4
hairpin	4
hairsplitter	80
hairsplitting	73
hairspray	3
hairstyle	28
hairstylist	5
hairy	13
half	43
halfback	25
halfcocked	51
halfhearted	86
halfheartedly	76
halfpenny	27
halftime	60
halftone	53
halftrack	53
halfway	48
halfwit	49
halitosis	35
hall	8
hallelujah	83
hallmark	53
hallmarked	67
hallow	69
hallowed	78
hallowedness	93
halloween	45
hallucinate	62
hallucination	72
hallucinatory	78
hallucinogen	46
hallucinogenic	56
hallway	6
halo	24
halogen	23
halt	40
halter	38
halting	52
haltingly	72
haltingness	80
halve	30
halved	34
halves	27
ham	2
hamburger	0
hamlet	36
hammer	6
hammerer	21
hammerhead	18
hammering	29
hammock	3
hammy	65
hamper	20
hamster	3
hamstring	7
hand	7
handbag	2
handball	13
handbarrow	32
handbook	9
handbrake	8
handcart	8
handclap	18
handclasp	20
handcraft	39
handcrafted	43
handcuff	5
handed	44
handedness	60
handful	38
handgrenade	5
handgrip	18
handgun	0
handheld	27
handhold	27
handicap	48
handicapped	34
handicapping	56
handicraft	32
handily	73
handiness	68
handiwork	47
handkerchief	0
handle	11
handlebar	6
handled	47
handler	45
handless	32
handling	50
handmade	19
handmaid	25
handmaiden	9
handoff	49
handout	37
handover	50
handpainted	27
handpick	47
handprint	1
handrail	7
handsaw	0
handset	16
handsfree	34
handshake	12
handshaking	17
handsome	59
handsomely	73
handsomeness	68
handspring	31
handstand	11
handwash	22
handwork	34
handwoven	18
handwrite	29
handwriting	10
handwritten	23
handy	78
handyman	22
hang	32
hangar	12
hanger	5
hangglider	7
hanging	24
hangman	14
hangnail	7
hangout	27
hangover	36
hangup	69
hanker	65
hankering	70
hankie	6
hanky	6
haphazard	63
haphazardly	70
haphazardness	77
hapless	82
haplessly	83
happen	80
happening	72
happenstance	86
happier	72
happiest	74
happily	76
happiness	60
happy	61
harass	58
harasser	36
harassingly	79
harassment	60
harbor	11
harbormaster	12
hard	31
hardball	48
hardboiled	27
hardbound	24
hardcopy	10
hardcore	65
hardcover	8
harddisk	6
harden	41
hardened	59
hardener	50
hardening	51
harder	75
hardhat	6
hardhead	62
hardheaded	66
hardheadedly	78
hardheadedness	87
hardhearted	83
hardheartedly	81
hardheartedness	79
hardily	73
hardiness	70
hardline	62
hardly	84
hardness	42
hardship	80
hardtop	18
hardware	9
hardwired	34
hardwood	15
hardworking	63
hardy	70
hare	3
harebrain	74
harebrained	86
harem	16
hark	66
harlequin	38
harlot	34
harlotry	70
harm	60
harmful	70
harmfully	76
harmfulness	78
harmless	78
harmlessly	78
harmlessness	73
harmonic	48
harmonica	2
harmonically	61
harmonics	59
harmonious	74
harmoniously	79
harmoniousness	81
harmonist	33
harmonistically	70
harmonization	55
harmonize	48
harmonizer	54
harmony	64
harness	22
harp	4
harpist	23
harpoon	8
harpooner	15
harpsichord	8
harpsichordist	12
harrassment	59
harrowing	66
harrowingly	86
harsh	69
harshly	70
harshness	70
harvest	25
harvester	20
harvestless	62
harvestman	15
hash	23
hashish	17
hassle	70
haste	68
hasten	70
hastily	67
hastiness	75
hasty	57
hat	3
hatband	16
hatbox	3
hatch	14
hatchback	13
hatchery	20
hatchet	2
hatching	40
hatchling	12
hatchway	26
hate	76
hateful	73
hatefully	77
hatefulness	84
hater	70
hatless	36
hatred	75
haughtily	77
haughtiness	89
haughty	83
haul	30
hauler	17
haunch	44
haunt	74
haunter	51
hauntingly	78
have	70
haven	40
havoc	70
hawk	2
hawking	58
hay	3
hayfield	4
hayfork	3
hayloft	13
haymaker	20
hayride	27
hayseed	25
haystack	3
haywire	62
hazard	33
hazardless	68
hazardous	48
hazardously	67
hazardousness	60
haze	24
hazel	32
hazelnut	10
hazily	73
haziness	36
hazing	53
hazmat	30
hazy	46
he	27
head	6
headache	28
headachy	56
headband	0
headboard	9
headcheese	19
headcount	29
headdress	7
headed	58
header	27
headfirst	29
headgear	4
headhunter	19
headily	86
headiness	70
heading	48
headlamp	8
headless	15
headlight	1
headline	24
headliner	32
headlock	20
headlong	75
headman	31
headmaster	22
headmastership	60
headmistress	11
headphone	2
headphones	5
headpiece	5
headquarter	29
headquarters	22
headrest	5
headroom	36
heads	9
headscarf	4
headset	4
headshake	36
headship	56
headshot	25
headshrinker	50
headsman	34
headspace	54
headstand	6
headstone	15
headstrong	72
headstrongness	80
headteacher	33
headwaiter	14
headway	68
headwear	6
headwind	43
headwork	66
headworker	34
heady	85
heal	49
healable	70
healer	37
healing	56
health	68
healthcare	44
healthful	53
healthfully	90
healthily	65
healthiness	73
healthy	42
heap	28
heaps	40
hear	34
hearable	65
hearing	45
hearsay	80
hearse	4
heart	12
heartache	70
heartbeat	23
heartbreak	71
heartbreaker	72
heartbreaking	74
heartbreakingly	76
heartbroken	66
heartbrokenly	88
heartbrokenness	80
heartburn	40
heartburning	31
heartedly	86
hearten	74
heartening	73
heartfelt	78
hearth	16
hearthside	28
hearthstone	12
heartily	68
heartiness	69
heartland	67
heartless	80
heartlessly	84
heartlessness	77
hearts	13
heartsick	77
heartsickness	72
heartstring	67
heartthrob	42
heartwarming	87
heartworm	21
hearty	61
heat	30
heatedly	69
heater	5
heathen	49
heathenism	83
heather	32
heating	42
heatless	55
heatproof	51
heatstroke	43
heatwave	40
heave	33
heaven	80
heavenliness	82
heavenly	88
heavens	61
heavenwards	61
heavily	46
heaviness	53
heaving	42
heavy	41
heavyhearted	75
heavyheartedness	77
heavyset	38
heavyweight	37
heckle	44
heckler	30
hectic	76
hedge	12
hedgehog	2
hedging	57
hedgy	64
hedonistic	66
heed	77
heedful	90
heedfulness	76
heedless	78
heedlessly	88
heedlessness	72
heehaw	52
heel	3
heelless	53
heft	57
heftily	75
heftiness	54
hefty	48
heifer	20
height	29
heighten	62
heightened	66
heightener	60
heinous	82
heinously	78
heinousness	77
heir	45
heiress	28
heirless	50
heirloom	32
heist	43
helicopter	9
heliocentric	60
heliport	7
helium	26
hell	65
hellacious	85
hellfire	62
hellhole	50
hellhound	43
hellish	71
hellishly	71
hellishness	80
hello	55
helm	28
helmet	2
helmeted	10
helmless	52
helmsman	18
help	61
helpdesk	24
helper	40
helpful	81
helpfully	81
helpfulness	79
helping	62
helpingly	81
helpless	73
helplessly	77
helplessness	75
helpline	44
hem	14
hematologist	14
hematoma	42
hemisphere	36
hemispherical	50
hemline	14
hemlock	3
hemoglobin	23
hemophilia	44
hemophiliac	40
hemophilic	46
hemorrhage	35
hemorrhoid	8
hemp	4
hempseed	5
hemstitch	14
hen	2
hence	90
henceforth	80
henceforward	84
henchman	23
henhouse	7
henna	21
hepatitis	26
heptagon	19
her	50
herald	53
herb	11
herbal	36
herbalist	36
herbicidal	45
herbicide	23
herbivore	23
herbivorous	57
herbs	5
herculean	75
herd	22
herder	26
herding	32
herdsman	22
herdswoman	26
here	47
hereabout	72
hereafter	84
hereby	83
hereditarianism	75
hereditarily	66
hereditary	75
heredity	80
herein	78
hereinafter	83
heresy	74
heretic	44
heretical	79
heretically	80
hereupon	90
herewith	94
heritage	66
hermaphrodite	15
hermit	18
hernia	36
herniated	56
hero	48
heroic	79
heroically	79
heroics	66
heroin	11
heroine	20
heroism	58
heron	16
herpes	28
herring	8
herringbone	23
hers	60
herself	50
hertz	59
hesitance	83
hesitancy	73
hesitant	78
hesitantly	73
hesitate	64
hesitating	62
hesitatingly	74
hesitation	60
hesitative	71
hetero	62
heterogeneous	60
heterogenic	77
heterosexual	50
heterosexuality	59
hex	71
hexadecimal	41
hexagon	12
hexagonal	26
hexagonally	50
hexagram	23
hey	84
heyday	87
hi	58
hiatus	73
hibachi	22
hibernate	52
hibernation	44
hibernator	37
hibiscus	13
hiccup	17
hick	39
hickey	11
hickory	17
hidden	49
hide	45
hideaway	36
hideous	60
hideously	68
hideousness	81
hideout	29
hierarchal	72
hierarchical	70
hierarchically	80
hierarchism	68
hierarchy	60
hierocracy	75
hieroglyph	21
hieroglyphic	23
hieroglyphics	23
high	38
highball	23
highbred	60
highbrow	64
highchair	4
higher	52
highest	57
highfaluting	80
highflier	54
highflying	54
highhanded	75
highhandedly	78
highhandedness	82
highjack	37
highland	29
highlander	39
highlife	72
highlight	47
highlighter	6
highly	70
highness	64
highroad	60
highschool	7
hightail	68
highway	7
highwayman	34
hijack	42
hijacker	24
hijacking	39
hike	22
hiker	12
hilarious	65
hilariously	73
hilariousness	72
hilarity	83
hill	2
hillbilly	21
hilliness	47
hillside	5
hilltop	6
hilly	28
him	36
himself	38
hind	26
hinder	56
hinderer	44
hindquarter	16
hindrance	73
hindsight	73
hindu	38
hinge	11
hint	67
hip	20
hipbone	2
hipness	81
hippie	23
hippo	2
hippopotamus	2
hippy	41
hipshot	46
hipster	35
hire	47
hired	60
hirer	40
his	46
hiss	35
hissing	23
historian	28
historic	77
historical	77
historically	66
historicalness	72
historiographer	35
history	51
hit	22
hitch	27
hitcher	20
hitchhike	39
hitchhiker	4
hither	71
hitless	70
hitman	16
hitter	26
hive	4
hives	22
hoagie	9
hoard	42
hoarder	34
hoarding	48
hoardings	40
hoarse	48
hoarsely	52
hoarseness	55
hoax	58
hoaxer	52
hobbit	21
hobble	30
hobbling	42
hobby	52
hobbyhorse	20
hobbyist	40
hobgoblin	27
hobo	22
hock	43
hockey	17
hodgepodge	56
hoe	6
hoedown	28
hog	8
hogged	71
hoggish	63
hoggishly	75
hogtie	21
hogwash	66
hoist	25
hoisting	30
hokey	75
hold	33
holdback	67
holder	31
holding	32
holdout	58
holdup	49
hole	5
holey	47
holiday	54
holidaymaking	71
holidays	46
holiness	86
holistic	73
holistically	76
hollandaise	30
holler	36
hollow	35
hollowly	70
hollowness	51
holly	12
holocaust	30
hologram	16
holograph	18
holographic	47
holster	10
holstered	30
holy	83
holyday	65
homage	71
hombre	27
hombres	26
home	22
homebody	46
homebound	58
homeboy	34
homebred	66
homebrew	43
homebuilder	31
homebuilding	38
homebuyer	32
homecare	48
homecoming	48
homegrown	57
homeland	39
homeless	49
homelessness	67
homelike	66
homeliness	78
homely	67
homemade	52
homemaker	20
homemaking	60
homeopath	54
homeopathic	64
homeopathically	70
homeostasis	64
homeostatic	62
homeowner	27
homepage	25
homeroom	18
homesick	54
homesickness	71
homespun	64
homestead	23
homesteader	32
homestretch	63
hometown	42
homeward	72
homework	12
homeworker	26
homey	75
homicidal	81
homicidally	68
homicide	30
homing	75
homoeopath	56
homoeopathic	83
homoeopathist	49
homoeopathy	61
homoerotism	66
homogeneous	54
homogeneously	66
homogeneousness	64
homogenization	55
homogenize	59
homogenous	51
homonym	64
homophobia	74
homophobic	62
homophonic	62
homosexual	29
homosexuality	49
hone	62
honest	84
honestly	77
honesty	85
honey	3
honeybee	3
honeycomb	7
honeydew	3
honeymoon	35
honeymooner	44
honeypot	16
honeysuckle	13
honeysuckled	50
honeysweet	52
honk	12
honker	40
honky	66
honor	83
honorability	86
honorable	80
honorableness	78
honorably	83
honorary	81
honoree	40
hooch	20
hood	3
hooded	28
hoodie	5
hoodless	30
hoodlum	24
hoodwink	73
hoody	7
hoof	3
hoofed	20
hoofmark	16
hoofs	10
hook	5
hookah	4
hooked	39
hooker	12
hookers	9
hooknose	26
hookup	38
hookworm	10
hooky	68
hooligan	35
hooliganism	76
hoop	6
hooplike	46
hoopskirt	7
hooray	59
hoot	28
hooter	31
hoover	31
hop	30
hope	94
hoped	83
hopeful	82
hopefully	75
hopefulness	74
hopeless	85
hopelessly	88
hopelessness	83
hopingly	74
hopped	30
hopper	31
hoppy	44
hopscotch	13
horde	32
horizon	14
horizontal	38
horizontality	41
horizontally	28
horizontalness	59
hormonal	58
hormone	42
horn	0
hornbill	27
horned	25
hornet	1
horniness	70
hornless	34
hornlike	52
hornpipe	17
horny	53
horoscope	43
horrendous	73
horrendously	89
horrible	70
horribleness	82
horribly	86
horrid	72
horridly	78
horridness	65
horrific	62
horrifically	70
horrified	61
horrify	64
horrifying	62
horror	62
horse	0
horseback	15
horsefly	1
horsehair	6
horsehide	4
horseless	48
horseman	18
horsemeat	4
horseplay	29
horsepower	63
horserace	18
horseradish	5
horseshit	12
horseshoe	0
horsetail	5
horsetrading	35
horseweed	12
horsewhip	16
horsewoman	31
horsey	36
horsing	57
horticultural	51
horticulturalist	30
horticulture	40
horticulturist	25
hose	3
hosed	50
hosiery	12
hospice	27
hospitable	80
hospitableness	74
hospitably	78
hospital	9
hospitality	71
hospitalization	47
hospitalize	43
host	34
hostage	19
hostel	28
hostess	22
hostile	60
hostilely	64
hostility	69
hosting	57
hot	17
hotbed	40
hotbox	22
hotcake	2
hotdog	0
hotel	2
hotelkeeper	9
hothead	51
hotheaded	70
hotheadedly	83
hotheadedness	71
hothouse	22
hotline	50
hotly	68
hotness	48
hotplate	7
hotshot	62
hotspot	33
hotter	40
hound	13
hounding	59
hour	48
hourglass	2
hourly	62
house	0
houseboat	6
housebound	59
houseboy	19
housebreaking	66
housebroke	64
housebroken	49
housecleaner	13
housecleaning	23
housecoat	3
housedress	5
housefly	1
houseful	49
houseguest	20
household	29
householder	33
housekeeper	16
housekeeping	40
houseless	57
housemaid	12
houseman	32
housemaster	36
housemate	17
housemistress	30
housepainter	16
houseplant	4
houseroom	16
housesit	38
housetop	9
housetops	11
housewarming	61
housewife	14
housewifery	69
housework	23
housing	25
hover	46
hovercraft	10
hoverer	34
hovering	31
how	91
howdy	68
however	80
howl	29
howler	43
howling	20
howsoever	86
hub	35
hubbub	64
hubby	18
hubcap	0
huckleberry	19
huddle	20
huddling	33
hue	34
hued	57
huff	42
huffily	76
huffiness	66
huffy	68
hug	22
huge	36
hugely	69
hugeness	49
huggable	64
hugger	22
hugging	22
huh	83
hula	10
hulk	40
hulking	52
hulky	60
hull	18
hullabaloo	70
hum	9
human	2
humane	80
humanely	72
humaneness	75
humanism	80
humanist	62
humanistic	80
humanitarian	61
humanitarianism	82
humanities	79
humanity	66
humanization	80
humanize	83
humanizer	72
humanizing	88
humankind	42
humanlike	52
humanly	70
humanness	72
humanoid	33
humble	82
humbleness	81
humbler	72
humbling	82
humbly	85
humbug	86
humbuggery	76
humdinger	79
humerus	21
humid	38
humidification	52
humidifier	19
humidify	41
humidity	50
humidly	56
humidness	49
humiliate	73
humiliating	78
humiliatingly	75
humiliation	76
humility	81
hummer	22
humming	21
hummingbird	1
hummus	9
humongous	40
humor	68
humorist	43
humorless	82
humorlessness	86
humorous	69
humorously	70
humorousness	83
hump	16
humpback	8
humpbacked	26
humped	32
humpy	36
humungous	57
humvee	2
hunch	75
hunchback	17
hunchbacked	18
hundred	45
hundredfold	52
hundredth	35
hung	42
hunger	43
hungrily	56
hungriness	74
hungry	52
hunk	30
hunker	45
hunks	29
hunky	64
hunt	30
hunter	15
hunting	26
huntress	22
huntsman	34
huntswoman	36
hurdle	26
hurdler	30
hurl	23
hurled	37
hurler	33
hurling	30
hurrah	48
hurray	63
hurricane	10
hurried	56
hurriedly	77
hurriedness	77
hurry	59
hurryingly	57
hurt	35
hurtful	59
hurtfully	81
hurtfulness	78
hurting	49
hurtle	35
husband	22
husbandless	67
husbandly	84
husbandry	69
hush	49
hushed	65
hushing	51
husk	3
husked	34
huskily	66
huskiness	56
husky	35
hussy	62
hustle	51
hustler	33
hut	9
hutch	17
hyacinth	12
hybrid	45
hybridization	69
hydra	43
hydrant	6
hydrate	42
hydrated	34
hydration	36
hydraulic	34
hydraulically	62
hydraulics	32
hydro	41
hydrocarbon	31
hydrochemistry	62
hydrochloric	59
hydrochloride	21
hydrocortisone	10
hydroelectric	40
hydroelectricity	34
hydrogen	42
hydrogenate	56
hydrogenated	42
hydrogenous	66
hydrologist	40
hydrolysis	53
hydrometer	23
hydrophobia	55
hydrophobic	50
hydroplane	35
hydroponic	50
hydroponics	45
hydropower	48
hydroscopic	65
hydrosulfide	23
hydrotherapeutic	51
hydrotherapy	33
hydrothermal	60
hydroxide	36
hyena	11
hygiene	47
hygienic	61
hygienically	67
hygienist	19
hymen	8
hymn	24
hymnbook	4
hymnist	24
hype	81
hyper	75
hyperacidity	62
hyperactive	57
hyperactivity	61
hyperbola	62
hyperbole	66
hyperbolic	67
hyperbolically	82
hyperbolize	66
hypercompetitive	83
hyperconscious	83
hyperconsciousness	87
hypercritical	83
hypercritically	79
hypercriticism	74
hyperextend	39
hyperextension	48
hyperglycemia	61
hyperglycemic	67
hyperinflation	71
hyperinflationary	86
hyperirritability	77
hyperirritable	72
hyperkinetic	75
hyperlink	24
hypersensitive	75
hypersensitiveness	59
hypersensitivity	64
hypersexual	64
hypersonic	55
hyperspace	62
hypertension	53
hypertensive	60
hypertext	32
hyperthermia	37
hyperthyroid	65
hyperthyroidism	60
hyperventilate	29
hyperventilation	41
hyphen	22
hyphenate	44
hyphenated	36
hyphenation	46
hypnoses	51
hypnosis	56
hypnotherapist	35
hypnotherapy	56
hypnotic	76
hypnotically	80
hypnotism	55
hypnotist	23
hypnotizable	75
hypnotization	51
hypnotize	63
hypnotizer	34
hypo	78
hypoallergenic	53
hypochondria	57
hypochondriac	51
hypocrisy	75
hypocrite	61
hypocritical	68
hypocritically	77
hypodermal	69
hypodermic	36
hypoglycemia	51
hypoglycemic	68
hypotension	51
hypotenuse	33
hypothermal	49
hypothermia	36
hypothermic	47
hypotheses	78
hypothesis	72
hypothesize	79
hypothetical	92
hypothetically	85
hypothyroidism	60
hysterectomy	29
hysteria	54
hysteric	52
hysterical	59
hysterically	65
hysterics	67
i	27
ibuprofen	13
ice	3
iceberg	1
iceboat	5
icebound	41
icebox	7
icebreaker	46
icecap	12
icecream	7
iced	30
icehouse	12
iceless	30
icemaker	4
iceman	20
icepack	0
icepick	8
iceskate	6
icicle	1
iciness	43
icing	8
icky	75
icon	38
iconic	61
iconoclast	54
iconographer	27
iconographical	79
iconology	70
icy	20
id	65
idea	85
ideal	91
idealess	84
idealism	84
idealist	87
idealistic	95
idealistically	91
ideality	78
idealization	90
idealize	95
idealizer	79
ideally	92
idealness	87
identical	38
identically	54
identicalness	49
identifiable	68
identification	40
identifier	62
identify	59
identity	75
ideological	79
ideologically	88
ideologist	74
ideology	84
idiocy	81
idiom	64
idiomatic	84
idiosyncrasy	82
idiosyncratic	86
idiosyncratically	75
idiot	42
idiotic	78
idiotically	85
idle	55
idleness	78
idler	52
idly	71
idol	34
idolatrize	86
idolism	86
idolization	78
idolize	74
idolizer	56
idyllic	82
idyllically	88
if	95
iffy	83
igloo	7
ignite	24
igniter	16
ignition	41
ignorable	89
ignoramus	68
ignorance	85
ignorant	84
ignorantly	75
ignore	70
iguana	4
ill	45
illegal	66
illegality	76
illegalize	70
illegally	77
illegibility	79
illegible	52
illegibly	56
illegitimacy	83
illegitimate	80
illegitimately	74
illegitimatize	78
illicit	78
illicitly	66
illicitness	85
illiteracy	63
illiterate	52
illiterately	79
illiterateness	76
illness	36
illogic	90
illogical	90
illogically	88
illuminable	66
illuminate	36
illuminated	34
illuminati	59
illuminating	55
illuminatingly	80
illumination	43
illuminative	65
illuminator	37
illusion	63
illusionary	78
illusionist	43
illusive	80
illusively	88
illusiveness	71
illusory	77
illustratable	72
illustrate	42
illustration	16
illustrational	56
illustrative	66
illustratively	57
illustrator	31
illustrious	84
illustriously	83
illustriousness	70
image	29
imageability	88
imageless	67
imagery	63
imaginable	80
imaginably	85
imaginary	82
imagination	83
imaginative	80
imaginatively	88
imaginativeness	79
imagine	87
imagines	81
imaging	55
imbalance	70
imbecile	50
imbecilic	77
imbed	61
imitate	58
imitation	54
imitatively	70
imitator	52
immaculate	63
immaculately	75
immaculateness	80
immanent	80
immaterial	73
immaterialism	86
immateriality	83
immaterialize	82
immaterially	88
immature	66
immaturely	82
immatureness	76
immaturity	80
immeasurability	88
immeasurable	72
immeasurableness	83
immeasurably	78
immediacy	73
immediate	72
immediately	68
immediateness	77
immense	70
immensely	85
immenseness	82
immensity	75
immerse	55
immersion	59
immersive	85
immigrant	32
immigrate	61
immigration	49
imminence	62
imminent	78
imminently	84
immobile	54
immobility	37
immobilization	50
immobilize	45
immobilizer	58
immoderate	73
immoderately	82
immoderation	73
immodest	73
immodestly	83
immodesty	64
immoral	85
immorality	72
immorally	76
immortal	75
immortality	87
immortalization	86
immortalize	81
immortally	75
immovability	55
immovable	64
immovableness	64
immovably	71
immune	64
immunity	73
immunization	31
immunize	50
immunological	76
immunologist	32
immunology	63
immunosuppressive	63
immunotherapy	56
immutable	88
impact	60
impacted	57
impactful	77
impair	82
impaired	64
impairer	61
impairment	63
impale	29
impalement	50
impalpability	82
impalpable	76
impalpably	72
impart	75
impartial	80
impartiality	90
impartially	80
impartialness	88
impartibility	86
impassability	81
impassable	76
impassably	75
impassibility	64
impassible	71
impassion	84
impassioned	71
impassive	87
impassively	78
impassiveness	86
impassivity	92
impatience	77
impatient	66
impatiently	73
impeach	72
impeachability	78
impeachable	72
impeacher	60
impeachment	58
impeccable	72
impeccably	74
impedance	62
impede	57
impediment	61
impedimentary	76
impeding	72
impending	88
impenetrability	70
impenetrable	60
impenetrableness	56
impenetrably	77
imperative	91
imperatively	79
imperativeness	86
imperceptibility	84
imperceptible	82
imperceptive	88
imperceptiveness	88
imperfect	70
imperfection	73
imperfectly	73
imperfectness	78
imperial	62
imperialism	77
imperialist	66
imperialistic	90
imperialistically	86
imperially	86
imperiousness	81
imperishable	68
imperishableness	68
imperishably	79
impermanence	77
impermanent	83
impermeability	72
impermeable	53
impermeably	70
impermissible	83
impersonal	83
impersonalize	89
impersonally	85
impersonate	53
impersonation	64
impersonator	38
impertinence	68
impertinent	81
impervious	74
imperviously	87
imperviousness	80
impetuous	82
impetuousness	78
impious	86
impish	83
impishness	83
implacable	71
implacableness	78
implant	17
implantable	74
implantation	48
implausibility	74
implausible	88
implausibly	72
implement	67
implemental	64
implementation	79
implementer	56
implicate	83
implication	85
implicatively	92
implicit	75
implicitly	81
implicitness	86
implode	34
imploration	69
implore	85
implorer	64
imploring	84
imploringly	86
implosion	41
implosive	58
implosively	76
imply	78
impolite	76
impolitely	80
impoliteness	79
imponderable	88
import	62
importability	74
importance	81
important	72
importantly	78
importation	55
importer	39
impose	77
imposer	59
imposing	87
imposingly	68
imposingness	75
imposition	83
impossibility	87
impossible	84
impossibly	77
imposter	40
impostor	46
impotence	48
impotency	72
impotent	66
impotently	75
impound	28
impounder	43
impoundment	66
impoverish	69
impoverished	70
impoverishment	69
impracticability	91
impractical	85
impracticality	79
impracticalness	79
imprecise	77
imprecisely	82
imprecision	81
impregnability	76
impregnable	62
impregnate	43
impregnation	43
impregnator	50
impress	73
impressibility	78
impressible	68
impression	69
impressionability	85
impressionable	90
impressionableness	86
impressionably	81
impressionism	67
impressionist	58
impressionistic	78
impressionistically	81
impressive	73
impressively	88
impressiveness	81
imprint	26
imprinter	54
imprison	41
imprisonment	38
improbability	84
improbable	79
improbably	88
impromptu	74
improper	83
improperly	75
improperness	74
impropriety	66
improvable	93
improve	80
improvement	60
improving	66
improvingly	85
improvisation	75
improvisational	67
improvise	73
improviser	64
imprudence	85
imprudent	78
imprudently	81
impudence	86
impudently	81
impulse	62
impulsive	69
impulsively	82
impulsiveness	78
impulsivity	88
impunity	81
impure	75
impurely	82
impureness	86
impurity	77
imputable	86
in	50
inability	75
inacceptable	74
inaccessibility	69
inaccessible	68
inaccessibleness	76
inaccessibly	72
inaccuracy	58
inaccurate	67
inaccurately	82
inaccurateness	61
inaction	73
inactivate	68
inactivation	69
inactive	46
inactively	76
inactiveness	68
inactivity	54
inadaptability	82
inadaptable	84
inadequacy	82
inadequate	76
inadequately	83
inadequateness	84
inadmissibility	84
inadmissible	76
inadmissibly	80
inadvertence	88
inadvertent	72
inadvertently	93
inadvisability	77
inadvisable	93
inalienability	89
inalterable	72
inalterably	83
inanimate	44
inanimately	81
inapplicability	92
inapplicable	83
inapplicably	81
inappreciable	88
inappreciably	86
inappreciative	83
inapprehensible	84
inapprehension	80
inapprehensive	92
inapproachability	82
inapproachable	69
inappropriate	85
inappropriately	77
inappropriateness	88
inaptitude	74
inarguable	88
inarguably	84
inarticulate	67
inarticulately	86
inarticulateness	74
inartificiality	86
inartistic	78
inartistically	82
inasmuch	95
inattention	72
inattentive	79
inattentively	72
inattentiveness	81
inaudibility	54
inaudible	68
inaudibly	58
inaugural	70
inaugurate	59
inauguration	38
inauspicious	85
inauspiciously	80
inauthentic	75
inboard	51
inbound	49
inbox	23
inbred	68
inbreed	51
inbreeding	52
incalculability	80
incalculable	76
incalculably	81
incandescence	57
incandescent	50
incandescently	64
incantation	53
incapability	76
incapable	84
incapableness	78
incapably	86
incapacitate	64
incapacitation	65
incapacity	82
incarcerate	47
incarceration	43
incarcerator	44
incarnate	72
incarnation	83
incendiary	57
incense	24
incentive	68
inception	80
inceptive	90
inceptively	79
incessancy	80
incessant	64
incessantly	70
incest	69
incestuous	69
inch	16
inched	65
inchworm	5
incidence	70
incident	54
incidental	82
incidentally	84
incinerate	28
incineration	31
incinerator	5
incise	63
incision	23
incisive	78
incisiveness	79
incisor	28
incite	63
incitingly	79
incivility	73
inclement	64
inclemently	72
inclination	74
incline	26
inclined	59
incliner	52
include	63
included	72
including	64
inclusion	70
inclusive	84
inclusively	80
inclusiveness	82
incoercible	86
incognito	79
incoherence	74
incoherency	75
incoherent	65
incoherently	72
incohesion	68
incombustibility	72
incombustible	51
income	48
incoming	62
incommensurably	81
incommunicable	83
incommunicative	78
incommunicativeness	91
incomparability	84
incomparable	88
incomparableness	84
incomparably	86
incompatibility	80
incompatible	80
incompatibleness	80
incompatibly	70
incompetence	70
incompetency	78
incompetent	74
incompetently	69
incomplete	70
incompletely	62
incompleteness	72
incompletion	73
incompliance	76
incompliant	73
incomprehensibility	88
incomprehensible	92
incomprehensibleness	90
incomprehensibly	78
incomprehension	76
incomprehensive	82
incomprehensively	80
incomprehensiveness	82
incompressible	64
incomputable	77
inconceivability	84
inconceivable	90
inconceivableness	82
inconceivably	86
inconclusive	88
inconclusively	82
inconclusiveness	94
incongruence	68
incongruent	66
incongruently	72
incongruity	82
incongruous	76
incongruousness	79
inconquerable	77
inconsecutive	75
inconsecutively	78
inconsecutiveness	78
inconsequence	93
inconsequential	86
inconsequentiality	90
inconsequentially	88
inconsequently	88
inconsiderable	82
inconsiderably	88
inconsiderate	72
inconsiderately	76
inconsiderateness	84
inconsideration	86
inconsistence	70
inconsistency	70
inconsistent	71
inconsistently	85
inconsolability	78
inconsolable	72
inconsolableness	78
inconsolably	76
inconspicuous	73
inconspicuously	71
inconspicuousness	75
inconstant	73
inconstantly	88
inconsumable	66
incontestability	77
incontestable	80
incontestably	79
incontinence	34
incontinency	62
incontinent	61
incontrollable	68
incontrovertibility	84
incontrovertibly	79
inconvenience	82
inconvenient	88
inconveniently	88
inconvertibility	88
inconvertible	73
inconvertibly	88
inconvincible	88
incorporate	71
incorporated	79
incorporation	62
incorporator	82
incorporeal	82
incorrect	73
incorrectly	70
incorrectness	71
incorrigible	72
incorrigibleness	83
incorrigibly	74
incorruptibility	76
incorruptible	78
incorruptibly	80
incorruption	89
incorruptness	82
increasable	74
increase	60
increasing	64
increasingly	75
incredibility	82
incredible	77
incredibleness	82
incredibly	82
incredulous	74
incredulously	88
incredulousness	89
increment	48
incremental	59
incrementally	62
incriminate	73
incriminating	72
incrimination	77
incriminator	63
incriminatory	84
incubate	38
incubation	42
incubator	9
incubatory	61
incumbency	77
incumbent	45
incumbently	75
incur	75
incurability	85
incurable	78
incurableness	68
incurably	68
incursion	58
incursive	81
indebt	75
indebted	70
indebtedness	77
indecency	75
indecent	78
indecently	77
indecipherability	85
indecipherable	81
indecipherably	75
indecision	84
indecisive	75
indecisively	70
indecisiveness	80
indeclinable	70
indecomposable	58
indeed	82
indefensibility	77
indefensible	84
indefensibly	73
indefinable	86
indefinableness	82
indefinably	83
indefinite	91
indefinitely	73
indefiniteness	92
indelible	75
indelibly	80
indelicate	73
indelicately	86
indemnify	86
indent	48
indentation	27
indented	33
indention	33
indenture	58
indentured	74
independence	78
independency	85
independent	74
independently	78
indescribability	92
indescribable	88
indescribably	82
indestructibility	69
indestructible	64
indestructibleness	62
indestructibly	63
indetectable	70
indeterminable	86
indeterminably	82
indeterminacy	90
indeterminate	88
indeterminately	93
indetermination	88
index	39
indexed	52
indexing	62
indexless	82
indicate	65
indication	76
indicative	81
indicatively	87
indicator	57
indicatory	72
indices	56
indict	60
indictment	56
indie	66
indifference	79
indifferent	78
indifferently	74
indigenous	69
indigenously	70
indigenousness	80
indigent	80
indigently	75
indigested	62
indigestibility	64
indigestible	63
indigestibly	63
indigestion	36
indigestive	60
indignant	82
indignantly	78
indignation	66
indignity	86
indigo	16
indirect	61
indirectly	80
indirectness	78
indiscernible	85
indiscernibly	80
indiscipline	83
indiscoverable	83
indiscreet	80
indiscreetly	69
indiscreetness	85
indiscrete	74
indiscretion	85
indiscriminate	84
indiscriminately	78
indiscriminateness	82
indiscriminating	78
indiscriminatingly	78
indiscrimination	75
indiscriminative	90
indispensability	72
indispensable	73
indispensableness	85
indispensably	85
indispose	75
indisposed	81
indisposition	77
indisputability	86
indisputable	78
indisputableness	84
indisputably	86
indistinct	83
indistinctive	90
indistinctively	79
indistinctiveness	91
indistinctly	84
indistinctness	86
indistinguishable	62
indistinguishableness	75
indistinguishably	85
indivertible	88
individual	37
individualism	78
individualist	56
individualistic	79
individualistically	82
individuality	73
individualization	85
individualize	66
individually	63
individuation	76
indivisibility	70
indivisible	68
indivisibleness	84
indivisibly	68
indoctrinate	75
indoctrination	78
indoctrinator	54
indoor	34
indoors	21
indubitable	80
indubitableness	89
indubitably	83
induce	66
induced	71
inducement	66
inducer	65
induct	60
inductee	25
induction	60
inductive	74
inductively	84
inductiveness	80
inductor	50
indulge	61
indulgence	80
indulgenced	79
indulgency	83
indulgent	86
indulgently	76
indulger	76
indulging	73
industrial	50
industrialism	77
industrialist	50
industrialization	72
industrialize	72
industrially	76
industrious	75
industriously	72
industriousness	84
industry	43
inebriant	50
inebriate	62
inebriated	59
inebriation	41
inedibility	67
inedible	60
ineffective	86
ineffectively	81
ineffectiveness	76
ineffectual	72
ineffectually	84
ineffectualness	85
inefficacy	81
inefficiency	86
inefficient	75
inefficiently	77
inelasticity	61
inelegance	76
inelegant	75
inelegantly	76
ineligibility	83
ineligible	74
ineligibly	86
ineloquent	89
ineloquently	88
inept	82
ineptitude	80
ineptly	85
ineptness	72
inequality	68
inequitable	90
inequitably	90
inequity	83
inert	62
inertia	64
inertly	78
inertness	78
inescapable	70
inescapably	66
inessential	91
inestimable	86
inestimably	83
inevitability	87
inevitable	86
inevitableness	81
inevitably	87
inexact	87
inexactly	87
inexactness	88
inexcusability	84
inexcusable	86
inexcusableness	88
inexcusably	82
inexhaustibility	85
inexhaustible	77
inexhaustibleness	77
inexhaustibly	66
inexistence	90
inexistent	82
inexorability	82
inexorableness	91
inexorably	82
inexpensive	70
inexpensively	66
inexpensiveness	77
inexperience	79
inexperienced	78
inexpertly	81
inexplicability	86
inexplicable	95
inexplicableness	88
inexplicably	86
inexplicit	75
inexplicitly	86
inexplicitness	91
inexpressible	83
inexpressibleness	83
inexpressibly	89
inexpressive	70
inexpressively	78
inexpressiveness	82
inextinguishable	60
inextinguishably	74
inextricability	78
inextricably	88
inf	91
infallibility	88
infallible	78
infallibly	86
infamous	81
infamously	83
infamousness	80
infamy	81
infancy	45
infant	2
infanthood	48
infantile	62
infantilism	81
infantry	25
infantryman	16
infarction	71
infatuate	81
infatuated	82
infatuation	69
infeasibility	84
infeasible	71
infect	53
infected	44
infection	23
infectious	68
infectiously	70
infectiousness	74
infective	72
infectiveness	85
infector	46
infer	71
inference	84
inferior	82
inferiority	77
inferiorly	82
infernal	76
inferno	32
infertile	64
infertility	52
infest	57
infestation	36
infidel	74
infidelity	73
infield	25
infielder	12
infiltrate	57
infiltration	69
infiltrator	50
infinite	85
infinitely	94
infiniteness	91
infinitesimally	80
infinitive	93
infinitively	94
infirm	58
infirmary	11
infirmness	74
inflame	50
inflamed	46
inflamer	56
inflaming	55
inflammability	52
inflammable	47
inflammably	66
inflammation	41
inflammatorily	69
inflammatory	60
inflatable	48
inflate	42
inflated	27
inflatedness	68
inflation	62
inflationary	68
inflationist	53
inflect	63
inflected	78
inflection	80
inflectionless	66
inflexibility	78
inflexible	40
inflexibleness	68
inflexibly	72
inflict	56
infliction	72
inflictive	78
inflow	58
influence	72
influencer	59
influential	78
influentially	86
influenza	30
influx	50
info	65
infomercial	21
inform	69
informal	70
informality	77
informally	84
informant	43
information	53
informational	74
informative	86
informatively	79
informed	82
informer	46
informingly	84
infraction	62
infrared	42
infrastructure	40
infrequency	72
infrequent	82
infrequently	77
infringe	77
infringement	69
infuriate	73
infuriating	61
infuriatingly	82
infuriation	77
infuse	52
infuser	40
infusibility	83
infusible	70
infusion	51
ingenious	78
ingeniously	81
ingeniousness	77
ingenuity	83
ingenuous	92
ingenuously	83
ingenuousness	83
ingest	30
ingestible	54
ingestion	47
inglorious	87
ingloriously	88
ingrain	68
ingrained	77
ingrate	66
ingratiating	84
ingratitude	86
ingredient	29
ingredients	21
ingrown	46
inhabit	45
inhabitability	70
inhabitable	60
inhabitancy	68
inhabitant	42
inhabitation	52
inhabited	48
inhalant	38
inhalation	33
inhale	29
inhaler	7
inharmonic	76
inharmonious	69
inharmoniously	74
inharmoniousness	85
inherent	84
inherently	82
inherit	74
inheritability	79
inheritable	66
inheritance	48
inheritor	52
inhibit	72
inhibiter	55
inhibition	77
inhibitive	80
inhibitor	55
inhospitable	77
inhospitableness	75
inhospitably	82
inhospitality	83
inhouse	51
inhuman	72
inhumane	72
inhumanely	83
inhumanity	86
inhumanly	76
inhumanness	89
initial	49
initialization	67
initialize	60
initially	84
initials	22
initiate	57
initiation	71
initiative	74
initiator	50
inject	18
injection	29
injector	38
injudiciously	79
injunction	65
injunctive	93
injure	38
injured	29
injurer	50
injuriously	84
injury	25
injustice	90
ink	11
inkblot	5
inkless	66
inkling	69
inkpad	5
inks	14
inkstand	19
inkwell	12
inky	36
inland	23
inlay	40
inlet	23
inline	37
inmate	20
inmost	68
inn	9
innards	26
innate	82
innately	80
innateness	86
inner	54
innermost	77
inning	44
innings	40
innkeeper	25
innocence	78
innocent	86
innocently	88
innocuous	73
innocuously	88
innocuousness	84
innovate	68
innovating	72
innovation	76
innovational	82
innovationist	70
innovative	71
innovator	62
innuendo	78
innumerability	74
innumerable	70
innumerably	79
innumerate	73
innumerous	79
inobservance	79
inoculate	55
inoculation	42
inoffensive	70
inoffensively	86
inoffensiveness	86
inoperable	55
inoperative	65
inopportune	81
inopportunely	88
inopportunity	83
inordinate	80
inordinately	87
inorganic	64
inorganically	66
inpatient	63
input	62
inquire	66
inquirer	54
inquiring	78
inquiringly	76
inquiry	57
inquisition	71
inquisitive	79
inquisitively	85
inquisitiveness	80
inquisitor	45
inroad	62
insane	81
insanely	79
insaneness	91
insanity	66
insatiability	88
insatiable	80
insatiableness	83
insatiably	74
insatiate	85
inscribe	42
inscriber	24
inscription	21
inscriptional	74
inscrutability	85
inscrutable	82
inscrutableness	92
inseam	10
insect	3
insecticide	14
insectile	65
insecure	79
insecurely	84
insecurity	87
inseminate	58
insemination	34
insensibility	75
insensible	87
insensibly	88
insensitive	84
insensitively	82
insensitiveness	86
insensitivity	73
insentient	86
inseparability	69
inseparable	49
inseparableness	72
inseparably	73
insert	61
inserted	38
inserter	48
insertion	61
inset	55
inside	33
insider	48
insidious	82
insidiously	75
insidiousness	86
insight	82
insightful	81
insignia	18
insignificance	82
insignificant	78
insignificantly	89
insincere	81
insincerely	84
insincerity	86
insinuate	81
insinuating	88
insinuation	84
insinuator	61
insipidness	84
insist	72
insistence	69
insistent	82
insistently	83
insole	22
insolence	80
insolent	82
insolently	90
insolubility	68
insoluble	59
insolubly	69
insolvability	82
insolvable	80
insolvency	75
insolvent	71
insomnia	58
insomniac	48
inspect	42
inspection	47
inspector	9
inspectorial	80
inspiration	70
inspirational	86
inspirationally	78
inspire	82
inspired	86
inspirer	65
inspiring	86
inspiringly	88
instability	75
instable	63
install	45
installation	32
installer	32
installment	62
instance	76
instant	57
instantaneous	68
instantaneously	81
instantaneousness	76
instantly	64
instead	88
instep	43
instigate	80
instigation	83
instigator	54
instill	85
instinct	75
instinctive	86
instinctively	80
instinctual	86
institute	40
institution	42
institutional	66
institutionalism	85
institutionalization	66
institutionalize	65
institutionally	75
institutionary	70
instruct	63
instructed	65
instruction	41
instructional	54
instructive	82
instructively	84
instructiveness	74
instructor	19
instructorship	58
instrument	18
instrumental	53
instrumentalism	73
instrumentalist	24
instrumentality	74
instrumentally	66
instrumentation	62
insubordinate	71
insubordinately	84
insubordination	79
insubstantial	84
insubstantiality	88
insufferable	86
insufferableness	81
insufferably	73
insufficiency	75
insufficient	81
insufficiently	75
insulate	51
insulated	20
insulating	54
insulation	17
insulator	27
insulin	16
insult	55
insulter	49
insulting	68
insultingly	74
insupportable	78
insuppressible	84
insuppressibly	88
insurability	68
insurable	75
insurance	54
insure	65
insured	71
insurer	47
insurgence	70
insurgency	64
insurgent	40
insurmountable	82
insurrectional	73
insurrectionary	91
insurrectionist	54
insusceptibility	81
insusceptible	72
intact	59
intactness	77
intake	42
intangibility	89
intangible	92
intangibleness	80
intangibly	86
integer	38
integral	74
integrally	82
integrate	73
integration	78
integrative	82
integrator	58
integrity	89
intellect	66
intellective	81
intellectual	80
intellectualism	92
intellectualist	70
intellectualistic	82
intellectuality	78
intellectualization	75
intellectualize	86
intellectually	73
intelligence	69
intelligent	64
intelligently	80
intelligibility	83
intelligible	70
intelligibly	77
intend	82
intended	79
intending	80
intense	65
intensely	75
intenseness	83
intensification	80
intensifier	67
intensify	69
intensity	72
intensive	67
intensively	82
intensiveness	72
intent	87
intention	82
intentional	72
intentionality	74
intentionally	72
intentioned	89
intently	70
intentness	74
inter	70
interact	53
interaction	56
interactional	71
interactive	62
interactivity	69
interblend	77
interbreed	70
intercede	73
interceder	44
intercept	45
intercepting	58
interception	57
interceptive	76
interceptor	35
interchange	53
interchangeability	72
interchangeable	74
interchangeableness	62
interchangeably	68
intercollegiate	51
intercom	8
intercommunicate	66
intercommunication	66
intercommunicative	80
intercompany	70
interconnect	55
interconnectedness	80
interconnecting	54
interconnection	72
intercontinental	45
intercorrelation	82
intercourse	27
intercultural	83
interdenominational	74
interdepartmental	81
interdependence	70
interdependency	78
interdependent	76
interdependently	85
interdisciplinary	77
interest	80
interested	70
interestedly	79
interestedness	81
interesting	85
interestingly	88
interface	55
interfaith	77
interfere	60
interference	52
interferer	65
interfering	71
interferingly	82
interfuse	78
interfusion	61
intergalactic	54
intergeneration	76
intergovernmental	68
intergrowth	71
interim	62
interior	35
interject	75
interjection	63
interjectionally	82
interjector	47
interjectory	82
interlace	39
interlaced	48
interlaid	53
interlining	40
interlink	50
interlock	45
interlocking	45
interlope	64
interloper	63
interlude	74
intermarriage	69
intermarry	64
intermediacy	77
intermediary	73
intermediate	77
intermediately	84
intermediateness	82
intermediation	67
intermediator	62
intermesh	73
intermingle	61
intermission	54
intermittence	72
intermittency	74
intermittent	60
intermittently	72
intermitting	75
intermix	64
intern	29
internal	65
internalization	78
internalize	78
internally	54
internals	64
international	55
internationalism	74
internationalist	56
internationality	68
internationalization	83
internationalize	80
internationally	69
internet	34
internist	40
internment	55
internship	50
interoffice	56
interpersonal	66
interplanetary	58
interplay	75
interpolation	91
interposing	79
interpret	66
interpretable	70
interpretation	90
interpretative	79
interpretatively	83
interpreter	33
interpretive	82
interpretively	95
interracial	52
interregional	62
interrelate	81
interrelated	86
interrelatedness	83
interrelation	73
interrelationship	68
interreligious	89
interrogate	63
interrogatingly	84
interrogation	42
interrogational	64
interrogative	77
interrogatively	77
interrogator	25
interrogatory	79
interrupt	50
interrupted	52
interrupter	36
interruptible	75
interrupting	50
interruption	56
interruptive	75
interscholastic	74
intersect	34
intersection	22
intersexuality	76
interspatial	79
interspecies	64
intersperse	69
interstate	27
interstellar	59
intertwine	46
intertwining	43
interval	61
intervene	61
intervener	40
intervention	54
interventional	82
interventionism	70
interventionist	68
interview	41
interviewee	28
interviewer	13
interweave	66
interweaving	48
interwove	51
interwoven	39
intestinal	30
intestinally	48
intestine	11
intestines	6
intimacy	76
intimate	73
intimately	87
intimateness	75
intimation	83
intimidate	81
intimidating	70
intimidation	72
intimidator	56
into	68
intolerability	85
intolerable	77
intolerableness	79
intolerably	85
intolerance	75
intolerant	72
intolerantly	75
intonation	64
intoxicant	42
intoxicate	50
intoxicated	36
intoxicating	62
intoxicatingly	71
intoxication	50
intoxicative	72
intoxicator	44
intracellular	68
intracranial	54
intractability	90
intradepartmental	66
intramural	72
intramuscularly	68
intranet	40
intrapulmonary	55
intrastate	61
intravascular	42
intravenous	45
intravenously	46
intrepid	77
intrepidness	85
intricacy	75
intricate	66
intricately	67
intricateness	73
intrigue	75
intrigued	79
intriguer	62
intriguing	85
intriguingly	90
intrinsic	83
intrinsically	82
intro	51
introduce	60
introducer	40
introducible	80
introduction	50
introductive	78
introductory	64
introspect	77
introspection	91
introspective	87
introspectively	81
introspectiveness	88
introversion	74
introvert	69
introverted	74
intrude	55
intruder	22
intruding	62
intrusion	69
intrusive	90
intrusively	77
intrusiveness	78
intuition	83
intuitional	84
intuitionally	74
intuitionism	77
intuitive	94
intuitively	95
intuitiveness	80
inundate	66
invade	43
invader	22
invalid	63
invalidate	85
invalidation	79
invalidator	74
invalidity	82
invalidly	78
invaluable	70
invaluableness	84
invaluably	84
invariability	77
invariableness	82
invariably	77
invariance	84
invariantly	86
invasion	34
invasive	72
invent	58
invention	38
inventive	76
inventively	80
inventiveness	75
inventor	30
inventory	31
inverse	68
inversed	70
inversely	76
inversion	70
invert	40
invertebrate	25
inverted	44
inverter	36
invest	63
investable	78
investigable	72
investigate	68
investigating	50
investigation	62
investigational	76
investigative	74
investigator	16
investigatory	83
investment	35
investor	18
invigorate	76
invigorated	60
invigorating	78
invigoration	78
invigorative	83
invigorator	67
invincibility	77
invincible	78
invincibleness	65
invincibly	88
invisibility	68
invisible	54
invisibleness	67
invisibly	68
invitation	34
invitational	52
invite	50
invitee	35
inviter	46
inviting	76
invitingly	86
invitingness	77
invocative	86
invoice	16
invoke	84
invoker	57
involuntarily	77
involuntary	82
involve	64
involved	74
involvedness	82
involvement	88
invulnerable	70
invulnerableness	86
invulnerably	85
inward	64
inwardly	78
inwardness	92
inwards	64
iodine	15
iodization	52
iodize	56
ion	50
ionic	72
ionization	62
ionize	62
ionizer	44
ionosphere	40
ipad	1
iphone	2
ipod	3
irate	66
irately	77
iridescence	31
iridescent	44
iridescently	59
iris	12
irk	62
irksome	79
iron	10
ironbound	50
ironclad	60
ironfisted	70
ironhanded	68
ironic	86
ironical	83
ironically	90
ironing	23
ironingboard	4
ironman	26
ironsmith	14
ironware	12
ironwork	14
ironworker	6
ironworking	35
ironworks	21
irony	85
irradiated	64
irradiation	53
irradiative	71
irrational	80
irrationalism	83
irrationality	74
irrationalize	86
irrationally	72
irreclaimable	76
irrecognizable	80
irreconcilability	86
irreconcilable	84
irreconcilably	79
irrecoverable	76
irrecoverably	84
irredeemable	76
irredeemably	84
irrefutability	84
irrefutable	78
irrefutably	86
irregular	64
irregularity	78
irregularly	81
irrelative	80
irrelatively	91
irrelevance	81
irrelevancy	78
irrelevant	88
irrelevantly	82
irremediable	80
irremovably	84
irrepairable	62
irreparable	70
irreparably	78
irreplaceable	83
irreplaceably	86
irrepressible	80
irrepressibleness	87
irreproachability	82
irreproachable	83
irreproachably	92
irreproducible	83
irresistibility	78
irresistible	75
irresistibleness	86
irresistibly	82
irresolutely	94
irresolvable	73
irrespectively	92
irresponsibility	76
irresponsible	74
irresponsibly	67
irresponsive	70
irresponsiveness	74
irretrievability	78
irretrievable	80
irretrievableness	79
irretrievably	84
irreverence	70
irreverent	81
irreverently	91
irreversibility	78
irreversible	72
irreversibleness	87
irreversibly	65
irrevocability	78
irrevocable	76
irrevocableness	79
irrevocably	91
irrigate	37
irrigation	25
irrigator	17
irritability	70
irritable	71
irritableness	72
irritably	62
irritant	33
irritate	64
irritating	72
irritatingly	80
irritation	61
irritator	51
is	85
islam	52
islamic	54
islamist	38
island	1
islander	20
isle	28
isolate	58
isolated	56
isolating	57
isolation	62
isolationism	82
isolationist	54
isolator	53
isometric	68
isometrics	61
isotope	38
isotopic	74
isotropic	64
issuable	72
issuance	80
issue	66
issueless	75
issuer	52
issuing	78
it	55
italic	30
italicize	55
italics	19
itch	46
itchiness	41
itching	29
itchy	45
item	15
itemization	57
itemize	56
itemized	48
itemizer	47
iterate	69
iteration	53
itinerary	27
its	78
itself	73
itunes	12
ivory	6
ivy	12
jab	22
jabbed	33
jabber	58
jabberer	43
jabbering	45
jabbing	33
jack	18
jackal	15
jackass	34
jacket	3
jacketed	31
jacketless	32
jackhammer	3
jackknife	17
jackpot	40
jackrabbit	8
jade	16
jaded	73
jadedness	70
jadestone	14
jag	44
jagged	31
jaggedly	62
jaggedness	52
jaguar	2
jail	4
jailbait	44
jailbird	24
jailbreak	43
jailer	13
jailhouse	16
jalapeno	4
jam	7
jambalaya	16
jamboree	40
jammer	34
janitor	8
janitorial	59
january	47
japan	4
jar	0
jargon	73
jargonize	70
jarhead	33
jarring	66
jarringly	66
jasmine	11
jaundice	18
jaundiced	29
jaunt	56
jauntiness	69
jaunty	80
java	30
javelin	2
jaw	3
jawbone	1
jawbreaker	20
jawed	32
jawless	52
jawline	17
jaws	14
jay	31
jaybird	7
jaywalk	33
jaywalker	23
jazz	28
jazzercise	27
jazzily	81
jazziness	71
jazzman	10
jazzy	56
jealous	71
jealously	74
jealousness	78
jealousy	80
jean	8
jeans	0
jeep	5
jeer	60
jeerer	49
jeering	43
jeeringly	66
jell	33
jellied	28
jellification	50
jelly	2
jellybean	2
jellyfish	2
jellylike	41
jellyroll	9
jeopardize	82
jeopardy	77
jerk	44
jerkily	55
jerkiness	53
jerky	31
jersey	11
jest	71
jester	9
jesting	73
jestingly	86
jet	6
jetlag	51
jetliner	17
jetski	3
jetted	45
jettison	48
jewel	1
jeweled	17
jeweler	10
jewelry	4
jewish	42
jezebel	62
jiffy	67
jig	29
jiggle	37
jigsaw	5
jihad	57
jilt	75
jimmy	27
jingle	32
jingled	39
jingling	40
jinx	74
jitter	40
jitterbug	33
jitters	30
jittery	46
jive	62
job	45
jobholder	27
jobless	53
joblessness	62
jobseeker	23
jock	34
jockey	10
jockstrap	1
jog	34
jogger	8
jogging	8
john	38
join	54
joinable	73
joiner	52
joining	57
joint	16
jointed	31
jointing	40
jointly	75
joist	36
joke	52
jokeless	74
joker	27
jokester	49
jokey	64
jokingly	70
jolliness	70
jolly	66
jolt	40
jolting	58
josh	58
joshing	70
jostle	39
jostler	46
jot	43
jotting	40
journal	9
journalism	66
journalist	24
journalistic	69
journalistically	66
journalize	59
journey	61
journeying	60
journeyman	29
journeywoman	20
joust	24
jouster	34
jovial	55
joviality	68
jovially	76
jovialness	76
jowl	14
joy	66
joyful	72
joyfully	70
joyfulness	74
joyless	78
joylessly	72
joylessness	71
joyous	70
joyously	72
joyousness	71
joyride	43
joystick	6
jubilance	72
jubilancy	72
jubilant	64
jubilantly	77
jubilate	64
jubilation	70
jubilatory	77
jubilee	68
judge	31
judgelike	74
judger	58
judgeship	56
judgingly	81
judgment	83
judgmental	80
judicative	89
judicial	72
judicially	85
judiciary	67
judicious	72
judiciously	86
judo	17
jug	1
juggernaut	60
juggle	24
juggler	12
juggling	19
jugular	20
juice	3
juiceless	46
juicer	13
juiciness	39
juicy	26
jujitsu	18
jukebox	2
july	52
jumble	50
jumbo	44
jump	12
jumpable	60
jumper	24
jumpiness	48
jumprope	2
jumpsuit	4
jumpy	59
junction	26
juncture	50
june	40
jungle	8
junior	38
juniper	15
junk	28
junkie	29
junking	49
junkman	22
junky	48
junkyard	13
jurisdiction	73
jurisdictional	75
jurisdictionally	80
jurist	26
juror	18
jury	9
juryman	30
jurywoman	12
just	87
justice	89
justifiability	85
justifiable	78
justifiableness	84
justifiably	92
justification	87
justifier	79
justify	89
justifying	88
justly	89
justness	90
jutting	50
juvenile	42
juvenility	74
juxtapose	67
juxtaposition	65
kabob	6
kale	5
kaleidoscope	5
kaleidoscopic	24
kamikaze	40
kangaroo	3
kaput	71
karaoke	18
karat	34
karate	22
karma	77
kayak	7
kayaker	17
kazoo	4
kebab	4
keel	38
keelboat	4
keeled	59
keen	85
keenly	88
keenness	85
keep	66
keeper	50
keeping	70
keepsake	28
keg	6
kelp	2
kennel	7
kept	55
keratin	29
kerchief	4
kernel	20
kerosene	1
ketchup	0
kettle	6
kettledrum	2
kettledrummer	13
kevlar	3
key	3
keyboard	2
keyboardist	12
keycard	4
keyed	38
keyhole	9
keyless	41
keynote	51
keypad	5
keypress	30
keystone	34
keystroke	29
keyword	53
khaki	20
kibble	18
kick	17
kickable	51
kickback	46
kickball	9
kickboxer	11
kickboxing	10
kicker	28
kicking	23
kickoff	15
kickstand	5
kickstart	44
kid	11
kidder	47
kidding	80
kiddo	46
kidnap	29
kidnaper	26
kidnapper	18
kidnapping	38
kidney	1
kids	10
kill	28
killable	77
killer	42
killing	39
killingly	79
killjoy	64
kiln	4
kilo	46
kilobyte	49
kilocalorie	51
kilogram	22
kilohertz	60
kilometer	23
kilowatt	34
kilt	7
kilter	59
kimono	14
kin	23
kind	73
kindergarten	28
kindergartener	23
kindergartner	14
kindhearted	74
kindheartedly	73
kindheartedness	75
kindle	31
kindliness	73
kindling	31
kindly	77
kindness	82
kindred	78
kinetic	69
kinetically	68
kinetics	65
kinfolk	34
king	23
kingdom	31
kingfish	9
kingfisher	7
kinghood	56
kingless	58
kinglike	67
kingliness	71
kingly	75
kingpin	38
kingship	45
kink	36
kinkily	56
kinkiness	73
kinky	67
kinsfolk	33
kinship	70
kinsman	38
kinswoman	33
kiosk	10
kiss	13
kissable	65
kisser	32
kissing	12
kissy	38
kit	13
kitchen	1
kitchenette	11
kitchenware	8
kite	0
kitten	3
kittenishly	58
kitty	1
kiwi	3
kleenex	2
kleptomania	58
kleptomaniac	55
klutz	64
klutziness	62
klutzy	62
knack	74
knapsack	2
knead	28
kneader	36
kneading	35
knee	0
kneecap	7
kneed	30
kneel	17
kneeler	22
kneeling	16
kneepad	6
knelt	25
knew	84
knickers	12
knickknack	22
knife	2
knifeboard	15
knifeless	50
knifelike	48
knifeman	10
knight	5
knighthood	56
knightly	58
knit	15
knitted	20
knitter	12
knitting	22
knitwear	9
knitwork	18
knob	6
knobbiness	48
knobby	36
knoblike	43
knock	19
knockdown	35
knocker	28
knocking	18
knockoff	54
knockout	36
knoll	18
knot	3
knothole	26
knotless	44
knotted	29
knotting	25
knotty	42
know	83
knowable	78
knower	66
knowhow	72
knowing	85
knowingly	78
knowingness	94
knowledge	82
knowledgeable	77
knowledgeably	79
known	79
knuckle	2
knuckleball	26
knucklebone	14
knuckled	34
knucklehead	70
knuckles	3
koala	6
kooky	76
kosher	48
krypton	40
kryptonite	51
kudos	75
kumquat	3
kwanza	49
l	47
lab	8
label	14
labeler	30
labia	4
labor	48
laboratorial	59
laboratory	14
labored	60
laborer	18
laboring	54
laborious	75
laboriously	58
laboriousness	74
laborsaving	72
labrador	16
labyrinth	20
lace	4
laced	32
lacelike	45
lacerate	34
lacerated	36
laceration	20
lacework	28
lacing	23
lack	74
lackadaisical	83
lackadaisically	81
lackey	44
lackluster	81
lacquer	18
lacquering	25
lacrosse	18
lactate	35
lactated	38
lactation	31
lactic	59
lactose	21
lacy	29
lad	18
ladder	0
laddered	46
laden	51
ladies	10
ladle	2
lady	17
ladybird	6
ladybug	2
ladyfinger	33
ladylike	70
ladylikeness	72
ladylove	61
lag	49
lager	9
lagged	52
lagging	67
lagoon	12
laid	35
lair	31
lake	3
lakefront	6
lakeshore	16
lakeside	18
lamb	1
lambskin	7
lame	62
lamebrain	64
lamely	76
lameness	72
lament	81
lamentable	75
lamentably	77
lamentation	67
lamented	70
lamenter	60
lamenting	71
laminate	28
laminated	27
lamination	27
laminator	18
lamp	1
lamplight	5
lamplighter	19
lamppost	8
lampshade	4
lance	23
lanced	32
lancer	25
lances	35
land	11
landed	48
landfall	38
landfill	8
landform	16
landholder	32
landholding	52
landing	28
landlady	20
landless	68
landline	12
landlocked	30
landlord	8
landmark	23
landmass	20
landmine	4
landowner	18
landownership	56
landowning	59
landscape	17
landscaper	27
landscaping	20
landscapist	35
landside	14
landslide	16
lane	8
language	66
languidly	67
languidness	86
languish	73
languishing	73
languishingly	79
lankiness	47
lanky	47
lantern	0
lanyard	14
lap	22
lapboard	15
lapdog	17
lapel	11
lapelled	45
lapful	48
lapped	40
lapping	39
lapse	54
lapsed	73
lapsing	65
laptop	1
larcenist	53
larceny	60
lard	3
large	41
largely	67
largemouth	24
largeness	53
lark	18
larkish	73
larva	12
larvae	9
larval	43
laryngitis	16
laryngologist	30
laryngoscope	13
larynx	12
lasagna	3
lascivious	74
lasciviously	71
laser	12
laserdisc	2
laserjet	9
lash	30
lasso	6
last	49
lasting	68
lastingly	70
lastingness	75
lastly	67
latch	5
latching	41
latchkey	40
late	60
latecomer	49
lately	90
latency	74
lateness	72
latent	80
latently	77
later	80
lateral	38
laterally	51
latest	73
latex	6
lather	31
latherer	30
latitude	62
latitudinal	43
latrine	9
latte	9
latter	71
latticed	30
latticework	9
laud	78
laudability	75
laugh	20
laughable	73
laughably	70
laugher	22
laughing	26
laughingly	61
laughingstock	56
laughter	20
launch	32
launcher	28
launder	45
launderer	48
laundering	55
laundry	2
laundryman	8
laundrywoman	18
laurel	21
lava	4
lavatory	5
lavender	12
lavish	67
lavishing	86
lavishly	74
lavishness	69
law	61
lawbreaker	28
lawbreaking	64
lawful	64
lawfully	75
lawfulness	82
lawgiving	76
lawless	49
lawlessly	81
lawlessness	60
lawmaker	21
lawmaking	64
lawman	14
lawn	2
lawnmower	1
lawsuit	52
lawyer	7
lawyerlike	67
lawyerly	80
lax	66
laxative	23
laxness	70
lay	29
layaway	54
layback	52
layer	37
layered	48
layering	39
laying	29
layman	51
layoff	54
layout	40
layover	52
laypeople	33
layperson	39
layup	29
laywoman	35
lazily	70
laziness	70
lazy	58
lazybones	55
leach	21
lead	23
leaded	59
leader	28
leaderless	71
leadership	64
leading	46
leadless	66
leadoff	56
leaf	0
leafed	36
leafless	24
leaflet	17
leafy	28
league	38
leak	18
leakage	39
leaker	38
leakiness	52
leaky	36
lean	50
leaner	44
leaning	35
leanness	51
leap	29
leaper	41
leapfrog	22
leapfrogging	36
leaping	18
leapt	36
learn	70
learnable	81
learned	64
learnedly	76
learnedness	84
learner	43
learning	46
leary	62
leasable	75
lease	37
leaseholder	17
leaser	42
leash	3
leasing	58
least	66
leastwise	81
leather	4
leatherjacket	7
leatherneck	22
leatherwork	22
leatherworker	16
leatherworking	22
leathery	40
leave	62
leavening	31
leaves	5
leaving	44
leavings	52
lecherously	74
lectern	14
lecture	30
lecturer	17
led	60
ledge	7
ledger	16
leech	17
leeches	9
leechlike	60
leek	2
leer	31
leeringly	82
leery	74
leeway	76
left	32
leftie	46
leftist	71
leftmost	44
leftover	21
leftovers	13
leftward	57
leftwards	51
leftwing	62
lefty	42
leg	4
legacy	90
legal	80
legalese	74
legalism	92
legalist	54
legalistic	83
legality	81
legalization	75
legalize	82
legally	69
legend	51
legendary	74
legendry	86
legged	36
legging	8
leggings	3
legibility	61
legible	31
legibleness	60
legibly	58
legion	58
legionnaire	16
legislate	67
legislation	46
legislative	72
legislatively	71
legislator	31
legislatorial	70
legislature	62
legit	68
legitimacy	73
legitimate	84
legitimately	76
legitimateness	88
legitimatize	85
legitimism	81
legitimization	91
legitimize	80
legless	23
lego	7
legroom	44
legume	17
legwarmer	14
legwork	45
lei	4
leisure	74
leisured	75
leisurely	78
leisurewear	17
lemon	0
lemonade	4
lemongrass	6
lemony	52
lend	48
lendable	79
lender	48
length	23
lengthen	38
lengthener	51
lengthiness	73
lengthways	58
lengthwise	48
lengthy	44
lenience	90
leniency	82
lenient	76
leniently	82
lens	9
lent	56
lentil	13
leopard	0
leotard	6
leper	31
leprechaun	26
leprosy	23
lesbian	20
lesbianism	63
lesion	16
less	56
lessen	69
lessening	70
lesser	68
lesson	55
let	68
letdown	79
lethal	49
lethality	75
lethally	59
lethargic	60
lethargically	69
lethargy	62
letter	7
letterbox	10
lettered	49
letterhead	17
lettering	15
letterpress	20
lettuce	1
leukemia	36
level	54
levelheaded	66
levelheadedness	79
leveling	51
levelness	47
lever	6
leverage	60
leveraged	66
levers	4
leviathan	38
levitate	41
levitation	44
levitator	34
levity	80
levy	36
lewd	69
lewdly	82
lewdness	70
liability	76
liable	74
liaison	53
liar	39
libel	70
libelous	83
liberal	83
liberalism	82
liberalist	79
liberalistic	80
liberality	88
liberalization	84
liberalize	77
liberally	78
liberalness	92
liberate	68
liberating	80
liberation	70
liberationist	48
liberator	45
libertarian	66
libertarianism	81
libertinism	86
liberty	79
libido	59
librarian	15
library	5
lice	7
licence	11
licensable	62
license	25
licensed	56
licensee	28
licenser	40
licensing	71
licensure	56
lick	12
licker	42
licking	27
licorice	1
lid	1
lidless	30
lie	47
lied	61
lieu	82
lieutenancy	69
lieutenant	15
life	58
lifeblood	50
lifeboat	13
lifebuoy	9
lifeguard	13
lifeless	49
lifelessly	66
lifelessness	56
lifelike	56
lifelikeness	81
lifeline	43
lifelong	77
lifer	43
lifesaver	18
lifesaving	70
lifespan	61
lifestyle	72
lifetime	71
lifevest	12
lift	28
lifter	27
lifting	28
liftoff	32
ligament	17
ligature	30
light	20
lightbulb	0
lighten	52
lightener	59
lightening	20
lighter	12
lightheaded	61
lightheadedness	53
lighthearted	75
lightheartedly	71
lightheartedness	72
lighthouse	1
lighting	16
lightless	50
lightlessness	71
lightly	60
lightness	60
lightning	10
lightproof	49
lightsaber	5
lightswitch	8
lightweight	52
lightwood	30
lightyear	64
likability	80
likable	77
likableness	90
like	78
likeability	82
likelihood	82
likeliness	85
likely	81
liken	74
likeness	70
likewise	73
liking	77
lilac	8
lilly	6
lily	8
lima	28
limb	9
limber	45
limberness	55
limbless	31
limbo	59
lime	1
limeade	14
limelight	62
limelighter	36
limerick	29
limes	2
limestone	10
limit	68
limitable	76
limitation	70
limitative	83
limited	78
limitedly	64
limitedness	83
limiter	67
limiting	85
limitless	82
limitlessly	80
limitlessness	90
limo	7
limousine	9
limp	21
limping	26
limply	64
limpness	33
line	12
lineage	46
linear	39
linearly	62
lineate	68
linebacker	8
lined	35
lineless	51
lineman	10
linen	5
liner	20
linesman	21
lineup	30
linger	65
lingerie	3
lingering	79
lingo	68
lingual	56
linguini	11
linguist	32
linguistic	61
linguistically	79
linguistics	59
lining	15
link	39
linkable	64
linkage	56
linked	41
linking	58
links	37
linoleum	4
linseed	16
lint	1
lion	1
lioness	14
lionfish	11
lionhearted	70
lip	1
lipid	49
lipless	44
liposuction	23
lipread	34
lipreading	32
lipstick	2
liquefiable	48
liquefier	45
liquefy	42
liqueur	9
liquid	7
liquidate	55
liquidation	55
liquidator	44
liquidity	59
liquidize	41
liquidizer	39
liquidly	60
liquidness	43
liquor	7
lisp	29
list	14
listed	55
listen	38
listener	38
listening	63
listerine	6
listing	46
listless	73
listlessly	78
listlessness	82
lit	33
liter	19
literacy	74
literal	87
literalism	86
literalist	70
literalistic	77
literality	84
literalize	86
literally	63
literary	67
literate	63
literature	23
lithium	22
lithograph	15
lithographer	29
litigate	62
litigation	51
litigator	36
litmus	45
litter	13
litterbug	23
litterer	30
little	33
littleness	67
livability	75
livable	63
livableness	71
live	36
liveable	69
lived	66
livelihood	66
liveliness	68
livelong	78
lively	66
liven	78
liver	8
liverless	59
liverwurst	10
livery	28
livestock	7
livewire	38
livid	62
lividly	72
lividness	66
living	49
livingly	81
lizard	8
llama	5
load	34
loaded	46
loader	39
loading	31
loaf	5
loafer	20
loafing	67
loan	32
loaner	57
loath	84
loathe	74
loathing	78
loathingly	74
loathsome	70
loathsomely	88
loathsomeness	83
lob	29
lobby	7
lobbyer	43
lobbyism	76
lobbyist	32
lobe	14
lobotomize	36
lobotomy	46
lobster	3
local	49
locale	51
locality	48
localizable	75
localization	59
localize	72
localized	63
locally	64
localness	64
locals	53
locate	51
locater	41
location	50
locator	45
lock	9
lockable	40
lockbox	15
lockdown	41
locked	14
locker	8
locket	4
locking	38
lockjaw	26
lockless	37
lockout	46
locksmith	12
lockup	47
loco	78
locomotion	41
locomotive	4
locust	5
lodge	25
lodged	43
lodger	27
lodging	16
lodgings	20
loft	17
loftily	70
loftiness	80
lofty	78
log	1
logarithm	59
logarithmic	73
logarithmical	54
logbook	12
logged	55
logger	12
logging	30
logic	82
logical	72
logicality	77
logically	80
logicalness	86
logics	80
login	38
logistic	67
logistical	73
logistician	45
logistics	63
logjam	16
logo	15
logos	15
logroller	18
logrolling	22
loin	16
loincloth	3
loiter	35
loiterer	20
lol	52
lollapalooza	45
lollipop	1
lollygag	64
lollypop	0
lone	85
loneliness	66
lonely	70
loneness	77
loner	41
lonesome	79
lonesomeness	79
long	45
longboat	10
longbow	1
longer	56
longevity	78
longhair	20
longhaired	21
longhand	34
longhorn	11
longing	72
longingly	87
longish	71
longitude	52
longitudinal	54
longitudinally	52
longneck	24
longship	26
longshoreman	10
longshot	78
longstanding	68
longterm	73
longtime	68
longways	50
longwise	57
loo	20
look	51
lookalike	46
looker	41
looking	37
lookout	24
looks	57
lookup	58
loom	12
looming	76
loon	19
looney	68
loony	71
loop	19
loophole	59
looping	41
loopy	64
loose	45
loosely	62
loosen	44
looseness	57
looser	56
loosing	76
loot	12
looter	16
lop	42
lopsided	36
lopsidedly	37
lopsidedness	39
loquaciously	74
lord	49
lording	83
lordliness	78
lordly	72
lordship	50
lore	66
lose	69
loser	66
losing	68
loss	70
lost	58
lot	32
lotion	5
lots	43
lottery	20
lotto	34
lotus	16
loud	32
loudly	47
loudmouth	46
loudmouthed	53
loudness	48
loudspeaker	4
lounge	26
lounger	24
lounging	45
lousily	78
lousiness	74
lousy	77
lovability	80
lovable	76
lovably	76
love	73
lovebird	9
lovechild	53
loveless	78
loveliness	73
lovelorn	72
lovely	68
lovemaking	25
lover	33
loveseat	3
lovesick	73
lovesickness	85
loving	82
lovingly	75
lovingness	72
low	42
lowball	62
lowbrow	76
lowdown	66
lower	56
lowercase	36
lowerclassmen	35
lowering	50
lowermost	56
lowland	30
lowlander	47
lowlife	43
lowliness	80
lowly	82
lowness	80
loyal	83
loyalism	85
loyalist	59
loyally	79
loyalty	86
lozenge	10
luau	24
lube	25
lubricant	12
lubricate	21
lubrication	34
lubricator	20
lucid	68
lucidity	76
lucidly	73
lucidness	72
luck	92
luckily	86
luckiness	88
luckless	78
lucklessly	83
lucky	81
lucrative	83
lucratively	77
ludicrous	83
ludicrously	89
ludicrousness	78
lug	31
luggage	4
lugged	45
lukewarm	34
lukewarmly	68
lull	67
lullaby	29
lumbar	26
lumber	11
lumbering	46
lumberjack	6
lumberman	14
lumberyard	11
luminance	68
luminary	56
luminescence	45
luminescent	33
luminosity	58
luminous	47
luminously	66
luminousness	59
lump	11
lumpiness	39
lumping	55
lumpish	56
lumpy	35
lunacy	81
lunar	36
lunatic	43
lunch	17
lunchbox	6
luncheon	27
lunchroom	9
lunchtime	30
lung	4
lunge	21
lunged	31
lungfish	10
lungworm	8
lupus	38
lurch	40
lure	35
luridly	84
luridness	84
lurk	54
lurker	38
luscious	77
lusciously	76
lusciousness	78
lush	55
lushly	73
lushness	69
lust	71
luster	52
lusterless	59
lustful	69
lustfully	72
lustfulness	74
lustily	82
lustiness	70
lustrous	62
lustrously	74
lusty	76
luxuriant	82
luxuriantly	78
luxuriate	87
luxurious	52
luxuriously	62
luxuriousness	68
luxury	60
lye	27
lying	62
lymph	38
lymphatic	52
lymphoma	31
lynch	40
lynching	18
lynx	12
lyre	19
lyric	35
lyrical	71
lyrically	76
lyricism	69
lyricist	39
lyrics	29
ma	35
macabre	69
macadamia	8
macarena	30
macaroni	1
macaroon	1
macaw	5
mace	5
machete	4
machetes	9
machination	75
machine	19
machinegun	4
machinelike	45
machinery	6
machinist	19
macho	78
mackerel	3
macrame	21
macro	67
macrobiotic	68
macrobiotics	52
macroeconomic	79
macronutrient	51
macroscopic	64
mad	56
madam	31
madame	19
maddening	73
maddeningly	78
madder	66
made	62
mademoiselle	33
madhouse	48
madly	81
madman	34
madness	76
madwoman	46
maelstrom	44
maestro	21
mafia	34
magazine	0
magenta	30
maggot	1
magi	31
magic	52
magical	68
magically	83
magician	20
magistrate	30
magma	7
magnanimous	82
magnanimously	90
magnesium	23
magnet	7
magnetic	40
magnetically	51
magnetism	62
magnetization	38
magnetize	55
magnetizer	50
magnetoelectricity	46
magnetometer	19
magnification	37
magnificence	79
magnificent	78
magnificently	79
magnifier	15
magnify	32
magnifying	38
magnitude	64
magnolia	7
magnum	43
mahjong	27
mahogany	12
maid	9
maiden	19
maidenhood	57
maidenly	79
maidservant	15
mail	8
mailbag	3
mailbox	0
mailed	33
mailer	22
mailing	34
mailman	11
mailroom	11
mailserver	23
mailwoman	11
maim	41
maimed	32
main	65
mainframe	29
mainland	17
mainlander	32
mainline	51
mainly	75
mainsail	10
mainsheet	38
mainstay	70
mainstream	80
maintain	67
maintainable	83
maintenance	48
maize	10
majestic	74
majestically	85
majesty	76
major	71
majorette	33
majority	62
make	58
makeover	34
maker	28
makeshift	54
makeup	14
making	66
maladjusted	87
maladjustment	66
malaria	27
malarkey	69
malcontent	71
male	14
maleficent	79
maleness	71
malevolence	75
malevolent	70
malevolently	75
malformation	57
malformed	44
malfunction	56
malice	82
malicious	67
maliciously	76
maliciousness	78
malign	74
malignancy	76
malignant	62
malignantly	76
mall	4
mallard	18
malleability	52
malleable	34
mallet	2
malnourished	44
malnourishment	38
malnutrition	48
malpractice	80
malpractitioner	52
malt	11
malted	40
maltreat	67
maltreatment	51
malty	54
malware	38
mama	18
mamma	10
mammal	10
mammalian	43
mammary	34
mammogram	10
mammography	27
mammoth	22
man	5
manage	75
manageability	80
manageable	72
manageably	80
management	57
manager	22
managerial	72
managerially	82
manatee	8
mandarin	33
mandate	48
mandatory	69
mandolin	6
mane	7
manes	20
maneuver	49
maneuverability	69
maneuverable	72
mange	36
manger	11
mangle	42
mangling	65
mango	0
mangy	44
manhandle	40
manhole	7
manhood	60
manhunt	40
mania	64
maniac	48
maniacal	76
maniacally	66
manic	64
manicotti	9
manicure	15
manicured	22
manicurist	22
manifest	64
manifestation	65
manifested	71
manifestly	84
manifesto	44
manifold	36
manila	31
manipulate	61
manipulation	69
manipulative	70
manipulatively	85
manipulator	51
mankind	51
manlike	54
manliness	71
manly	74
manmade	42
manned	37
mannequin	12
manner	84
mannered	72
mannerism	66
mannerly	74
manners	71
mannish	67
mannishly	72
mannishness	70
manor	7
manpower	41
manservant	32
mansion	3
mansions	14
manslaughter	41
manslayer	32
mantel	9
mantelpiece	31
mantis	4
mantle	11
mantled	56
mantra	57
manual	14
manually	45
manufacture	48
manufacturer	33
manufacturing	37
manure	9
manuscript	11
many	66
map	2
maple	14
mapleleaf	1
mapmaker	30
mapmaking	34
maraschino	16
marathon	26
marathoner	20
marauder	44
marauding	55
marble	4
marbled	33
marbles	1
marblewood	4
marbling	43
march	24
marcher	24
mare	6
margarine	10
margarita	0
margin	38
marginal	77
marginality	85
marginalize	79
marginally	77
marigold	10
marijuana	3
marina	23
marinade	23
marinara	9
marinate	36
marinated	42
marine	19
mariner	16
marionette	9
marital	74
maritime	67
mark	20
markdown	55
marked	28
markedly	84
marker	9
market	7
marketability	84
marketable	71
marketeer	32
marketer	38
marketing	67
marketplace	18
marketwise	78
marking	30
marksman	22
marksmanship	46
markswoman	12
markup	57
marlin	11
marmalade	4
marmot	17
maroon	29
marooned	64
marriage	62
marriageable	69
married	55
marrow	13
marrowbone	27
marry	49
marrying	60
mars	13
marsh	4
marshal	15
marshland	18
marshmallow	4
marshy	36
marsupial	11
martial	64
martin	38
martini	4
martyr	48
martyrdom	84
marvel	72
marvelous	74
marvelously	86
marxism	88
marxist	74
mascara	2
mascot	20
masculine	70
masculinity	58
mash	31
mashed	25
masher	28
mashing	36
mask	1
masked	30
masklike	66
masochism	58
masochist	57
masochistic	75
mason	20
masonic	70
masonry	30
masque	28
masquerade	41
masquerader	27
mass	39
massacre	25
massage	21
massager	10
masses	46
masseur	15
masseuse	11
massive	45
massively	83
massiveness	53
mast	2
mastectomy	23
master	59
mastercard	19
masterful	77
masterfully	68
masterfulness	73
masterly	80
mastermind	50
masterpiece	47
mastership	66
masterwork	48
mastery	58
masticate	40
mastiff	8
masturbate	21
masturbation	24
masturbator	24
masturbatory	59
mat	4
matador	17
match	22
matchboard	8
matchbook	5
matchbox	5
matcher	56
matching	55
matchless	70
matchlessly	90
matchlessness	76
matchmaker	47
matchmaking	66
matchstick	1
matchwood	21
mate	17
material	19
materialism	82
materialist	66
materialistic	65
materialistically	81
materiality	72
materialization	84
materialize	64
materially	68
maternal	64
maternally	60
maternity	56
math	46
mathematic	53
mathematical	52
mathematically	64
mathematician	16
mathematics	62
matinee	31
mating	37
matriarch	27
matriarchal	63
matriarchs	39
matriarchy	59
matriculation	71
matrimonial	62
matrimonially	66
matrimony	72
matrix	47
matron	27
matronly	68
matte	44
matted	38
matter	36
matting	22
mattress	0
maturation	68
mature	78
maturely	75
maturing	78
maturity	80
maul	24
mauler	51
mauling	44
mausoleum	19
mauve	25
maverick	51
max	70
maxim	64
maximal	68
maximization	82
maximize	80
maximum	62
may	50
maybe	87
mayday	56
mayflower	16
mayhem	69
mayo	1
mayonnaise	2
mayor	16
mayoral	68
maypole	12
maze	14
me	17
mead	20
meadow	3
meadowland	21
meadowlark	16
meager	73
meagerly	72
meagerness	77
meal	9
mealtime	38
mealworm	11
mean	62
meander	62
meanderer	53
meanderingly	70
meaner	73
meanie	64
meaning	79
meaningful	84
meaningfully	79
meaningfulness	88
meaningless	78
meaninglessly	72
meaninglessness	80
meanly	77
meanness	70
means	77
meant	88
meantime	78
meanwhile	93
measles	8
measly	75
measurability	61
measurable	52
measurably	61
measure	35
measured	40
measureless	84
measurement	44
measurer	23
measuring	37
meat	2
meatball	2
meathead	51
meatiness	58
meatless	29
meatloaf	0
meatpacking	25
meaty	38
mechanic	16
mechanical	46
mechanically	59
mechanics	35
mechanism	33
mechanist	30
mechanization	52
mechanize	51
medal	3
medalist	17
medallion	8
meddle	64
meddler	46
meddlesome	80
meddlesomeness	78
meddling	72
media	36
medially	73
median	25
mediate	62
mediating	66
mediation	60
mediator	44
medic	14
medical	48
medically	72
medicare	42
medicate	49
medication	12
medicinal	72
medicinally	71
medicine	5
medics	13
medieval	64
medievalism	72
medievalist	42
mediocre	84
mediocrity	92
meditate	44
meditating	35
meditation	54
meditative	81
meditatively	84
mediterranean	45
medium	50
medley	52
medulla	40
medusa	28
meek	70
meekly	80
meekness	83
meerkat	0
meet	50
meeting	42
meetinghouse	10
mega	73
megabit	25
megabits	51
megabyte	48
megacity	28
megahertz	53
megalomaniac	66
megalomaniacal	76
megaphone	6
megapixel	43
megastar	34
megastore	29
megaton	46
megawatt	57
melancholia	68
melancholic	78
melancholy	75
melanin	30
melanoma	23
melatonin	25
meld	54
melee	44
mellow	76
mellowness	66
melodic	68
melodically	55
melodiously	70
melodiousness	66
melodrama	72
melodramatic	73
melodramatically	78
melodramatics	68
melody	32
melon	5
melt	26
meltdown	46
melted	34
melting	29
meltingly	48
member	48
membership	49
membrane	26
membranous	43
meme	52
memento	41
memo	19
memoir	31
memoire	30
memorabilia	21
memorable	80
memorably	78
memoranda	38
memorandum	38
memorial	33
memorialize	63
memorization	65
memorize	43
memorizer	55
memory	66
men	6
menace	68
menacing	70
menacingly	77
menagerie	47
mend	38
mendable	64
mender	36
mending	39
mends	50
menial	80
meningitis	22
menopausal	64
menopause	45
menstrual	43
menstruate	31
menstruation	25
menswear	13
mental	74
mentalist	48
mentality	75
mentally	77
menthol	29
mention	58
mentionable	73
mentor	32
mentorship	74
menu	8
meow	27
mercantile	52
mercenary	18
merchandise	12
merchandiser	26
merchant	17
merchantable	68
merchantman	20
merciful	84
mercifully	80
mercifulness	80
merciless	76
mercilessly	73
mercilessness	82
mercury	12
mercy	86
mere	89
merely	90
merge	44
merger	66
meridian	45
merit	84
merited	75
meritless	77
merlot	12
mermaid	12
merrily	77
merriment	74
merriness	70
merry	65
merrymaker	44
merrymaking	62
mesa	31
mesh	15
meshed	37
mesmeriser	54
mesmerism	68
mesmerize	72
mesquite	38
mess	28
message	26
messageboard	9
messaging	40
messenger	28
messiah	44
messily	54
messiness	54
messing	55
messy	35
met	60
metabolic	64
metabolism	68
metabolite	62
metabolize	69
metacarpal	27
metal	3
metallic	24
metallically	54
metallization	52
metalloid	46
metalware	30
metalwork	14
metalworker	21
metalworking	26
metamorphic	60
metamorphism	69
metamorphoses	62
metamorphosis	47
metamorphous	67
metaphor	76
metaphoric	78
metaphorical	82
metaphorically	84
metaphysic	86
metaphysical	86
metaphysically	92
metaphysician	40
metaphysics	75
meteor	1
meteoric	65
meteorite	10
meteoroid	14
meteorological	60
meteorologically	71
meteorologist	11
meteorology	59
meter	7
metered	54
meth	9
methadone	19
methamphetamine	9
methane	17
methanol	36
method	65
methodic	71
methodical	77
methodically	74
methodological	67
methodologically	80
methodologist	44
methodology	81
meticulous	78
meticulously	81
meticulousness	80
metric	46
metrical	61
metrically	66
metrics	55
metro	38
metronome	18
metropolis	28
metropolitan	53
mettlesome	77
mice	4
micro	73
microanalysis	73
microbe	20
microbial	44
microbiologic	58
microbiological	49
microbiologically	64
microbiologist	18
microbiology	52
microbrew	22
microcellular	57
microchemistry	46
microchip	6
microclimatology	55
microcomputer	11
microcontroller	41
microcosmic	68
microcrystal	31
microeconomic	74
microeconomics	75
microelectronic	46
microelectronics	34
microevolution	67
microfiber	13
microfilm	16
microfossil	17
microgram	44
micrographic	57
microhabitat	41
micromanage	73
micromanipulation	60
micromechanics	52
micrometer	19
micron	44
micronutrient	49
microorganism	32
micropaleontology	53
micropayment	55
microphone	3
microphysics	58
microprobe	36
microprocessor	21
microscope	0
microscopic	38
microscopically	62
microscopy	68
microsecond	52
microspore	43
microstructure	54
microsurgery	31
microtubule	29
microvolt	47
microwatt	48
microwavable	49
microwave	17
mid	58
midair	42
midbrain	44
midcourse	63
midday	32
middle	33
middlebrow	33
middleclass	67
middleman	55
middleweight	48
midevening	43
midfield	11
midfielder	23
midget	15
midland	41
midlife	48
midline	40
midmonth	46
midmorning	38
midnight	46
midpoint	50
midrange	64
midriff	19
midseason	62
midsection	23
midsentence	46
midshipman	12
midsize	40
midst	67
midstream	51
midsummer	41
midterm	22
midtown	38
midway	45
midweek	70
midweekly	46
midwife	11
midwifery	51
midwinter	40
midyear	44
might	67
mightily	65
mightiness	79
mighty	60
migraine	45
migrant	24
migrate	46
migration	36
migratory	57
mike	9
mild	63
milder	70
mildew	11
mildly	74
mildness	75
mile	34
mileage	38
milepost	12
miles	35
milestone	44
militant	60
militantly	64
militarily	71
militarism	73
militaristic	68
militarization	70
militarize	64
military	25
militia	25
militiaman	36
milk	2
milker	24
milking	23
milkmaid	6
milkman	10
milkshake	1
milkweed	9
milky	37
mill	7
milled	53
millennia	60
millennial	76
millennium	59
miller	28
millet	28
milligram	35
milliliter	26
millimeter	16
milling	38
million	52
millionaire	35
millions	35
millionth	57
millipede	6
millisecond	58
millstone	27
millwork	23
millworker	9
mime	12
mimic	44
mimicker	38
mimicry	50
mimosa	9
mince	25
minced	24
mincemeat	16
mincer	26
mincing	25
mind	62
mindblower	73
minded	80
mindful	88
mindfully	83
mindfulness	70
minding	80
mindless	84
mindlessly	83
mindlessness	74
mindset	86
mine	36
minefield	14
miner	18
mineral	15
mineralization	59
mineralize	57
mineralogist	21
mineralogy	60
mines	7
mineshaft	10
minesweeper	21
minesweeping	40
mineworker	10
mingle	46
mini	53
miniature	38
miniaturist	50
miniaturization	54
miniaturize	60
minibar	4
minibus	11
minicomputer	12
minidress	5
minilab	12
minimal	75
minimalism	78
minimalist	61
minimally	73
minimization	64
minimize	66
minimum	69
mining	24
minion	47
miniscule	60
miniseries	33
miniskirt	5
minister	20
ministry	45
minivan	2
mink	10
minnow	4
minor	60
minority	59
minstrel	22
mint	12
minty	22
minuet	42
minus	66
minuscule	58
minute	49
minutely	80
minuteman	28
minuteness	77
miracle	76
miraculous	77
miraculously	80
mirage	42
mirror	1
mirrored	38
mirth	54
misaddress	66
misadjust	75
misadministration	80
misadventure	81
misadvise	78
misadvised	86
misalignment	49
misallocation	75
misanthropic	83
misanthropically	84
misanthropy	88
misapplication	69
misapply	74
misapprehend	73
misapprehension	86
misappropriate	79
misappropriation	85
misarrange	60
misarrangement	75
misattribute	82
misattribution	75
misbehave	73
misbehavior	80
misbelieve	79
misbeliever	80
misbrand	75
miscalculate	78
miscalculation	67
miscarriage	47
miscarry	51
miscellaneous	74
miscellaneously	75
mischaracterization	82
mischaracterize	80
mischarge	54
mischief	78
mischievous	66
mischievously	78
mischievousness	75
misclassification	68
misclassify	74
miscommunication	71
miscomprehend	82
miscomprehension	74
miscomputation	74
miscompute	68
misconceive	80
misconception	77
misconduct	70
misconstruction	70
misconstrue	86
miscount	57
miscreant	57
misdeal	57
misdeed	68
misdemeanor	63
misdiagnose	65
misdiagnosis	68
misdirect	68
misdirection	68
misdoing	79
misemploy	81
miser	66
miserable	76
miserably	73
misery	74
misfile	43
misfire	42
misfit	57
misfortunately	92
misfortune	73
misgauge	74
misgiving	79
misgovern	84
misguidance	86
misguide	76
misguided	73
misguidedly	87
misguiding	83
mishandle	56
mishap	62
mishear	59
misheard	55
mishmash	73
misidentification	72
misidentify	59
misimpression	84
misinform	81
misinformation	69
misinterpret	74
misinterpretation	77
misjudge	80
misjudgment	75
mislabel	46
mislay	64
mislead	65
misleading	81
misleadingly	84
misled	76
mismanage	80
mismanagement	79
mismatch	50
mismatched	48
misogynist	57
misperceive	77
misperception	84
misplace	62
misplacement	69
misprint	33
mispronounce	59
mispronunciation	62
misquotation	67
misquote	66
misread	73
misrecognition	84
misreport	64
misrepresent	90
misrepresentation	86
misrepresentative	83
misrule	77
miss	62
misshape	57
misshapen	50
misshapenness	73
missile	4
missing	61
mission	52
missionary	32
misspeak	55
misspell	43
misspelling	45
misspend	66
misspent	70
misspoken	72
misstate	76
misstatement	71
misstep	45
mist	12
mistakable	78
mistakably	83
mistake	76
mistaken	82
mistakenly	77
mistaking	71
misted	38
mister	46
mistflower	35
mistiness	44
mistletoe	4
mistook	69
mistranslate	73
mistranslation	62
mistreat	63
mistreatment	68
mistress	20
mistrial	72
mistrust	74
mistrustful	77
mistrustfully	88
mistrustfulness	83
mistrusting	88
misty	41
misunderstand	79
misunderstanding	76
misunderstood	70
misusage	88
misuse	73
miswrite	67
mite	18
mitigate	71
mitigating	62
mitigation	75
mitochondria	44
mitochondrial	32
mitosis	40
mitt	6
mitten	3
mix	30
mixable	53
mixed	49
mixer	17
mixture	30
moan	32
moaner	44
moaning	31
moat	8
mob	28
mobile	52
mobility	70
mobilization	68
mobilize	60
mobilizer	50
mobster	22
moccasin	5
mocha	6
mock	64
mocker	56
mockery	67
mockingbird	6
mockup	40
mode	64
model	12
modeler	33
modeless	78
modeling	38
modem	18
moderate	76
moderated	64
moderately	75
moderateness	68
moderation	78
moderator	22
modern	67
modernism	72
modernist	68
modernistic	79
modernization	65
modernize	64
modernly	84
modest	70
modestly	77
modesty	69
modifiability	70
modifiable	72
modification	55
modified	62
modifier	65
modify	61
modular	56
modularity	85
modulate	62
modulation	59
modulator	43
module	27
mogul	24
moist	25
moisten	38
moistener	26
moistly	43
moistness	38
moisture	23
moisturize	49
moisturizer	8
moisturizing	40
molar	4
molasses	4
mold	4
moldable	61
moldiness	30
molding	15
moldy	27
mole	15
molecular	48
molecularly	75
molecule	43
molehill	9
moleskin	20
molest	49
molestation	56
molester	35
mollusk	8
molten	45
mom	15
moment	85
momentarily	73
momentary	77
momentous	82
momentously	89
momentum	62
momma	18
mommy	23
monarch	22
monarchial	64
monarchical	84
monarchist	52
monarchy	61
monastery	6
monastic	70
monday	69
monetarily	58
monetary	51
monetize	64
money	12
moneybag	9
moneybags	29
moneybox	9
moneygrubber	53
moneylender	14
moneyless	40
moneymaker	46
moneymaking	59
moneyman	36
moneysaving	68
moneywise	67
mongoose	3
mongrel	30
moniker	34
monitor	34
monk	16
monkey	2
monkeylike	59
monkfish	9
monkhood	67
monkish	67
mono	74
monochromatic	44
monochromatically	59
monochrome	43
monochromic	40
monocle	28
monocular	56
monofilament	29
monogamist	44
monogamous	60
monogamy	82
monogenetic	66
monogram	11
monogrammed	31
monograph	33
monohydrate	54
monohydrated	60
monolingual	65
monolithic	59
monologue	43
mononucleosis	36
monophonic	66
monopolist	51
monopolization	76
monopolize	70
monopoly	58
monorail	7
monosyllabic	42
monosyllable	53
monotheism	73
monotheist	54
monotone	48
monotonous	86
monotonously	68
monotonousness	75
monotony	80
monotype	50
monoxide	52
monsieur	36
monsignor	40
monsoon	13
monster	32
monstrosity	65
monstrous	63
monstrously	74
monstrousness	67
montage	52
month	20
monthly	36
monument	10
monumental	68
monumentality	84
monumentalize	78
monumentally	80
moo	40
mooch	68
moocher	57
mood	81
moodily	86
moodiness	75
moody	66
mooing	28
moon	2
moonbeam	30
mooned	25
mooning	37
moonless	40
moonlight	14
moonlighted	51
moonlighter	48
moonlighting	54
moonlike	54
moonlit	38
moonrise	25
moonscape	30
moonshine	14
moonshiner	27
moonstone	2
moonwalk	29
moonwalker	34
moonward	44
moors	32
moose	1
moot	82
mop	1
mope	71
moped	44
moping	56
moral	83
morale	79
moralist	58
moralistic	78
moralistically	90
morality	88
moralization	84
moralize	91
moralizer	76
morally	90
morals	92
moratorium	72
morbid	72
morbidity	63
morbidly	81
more	66
moreover	75
morgue	9
mormon	29
morning	39
mornings	34
morocco	25
moron	55
moronic	78
morosely	84
moroseness	77
morph	57
morphine	12
morphing	58
morsel	20
mortal	76
mortality	88
mortally	71
mortar	13
mortarboard	13
mortgage	46
mortician	18
mortification	66
mortified	83
mortify	70
mortifying	78
mortifyingly	86
mortuary	12
mosaic	19
mosque	12
mosquito	3
moss	2
mossy	34
most	66
mostly	74
motel	2
moth	8
mothball	9
mother	10
motherboard	12
mothered	65
motherfucker	67
motherfucking	82
motherhood	50
mothering	56
motherland	56
motherless	48
motherliness	68
motherly	64
mothproof	41
motif	64
motion	30
motional	67
motionless	50
motionlessly	48
motionlessness	51
motivate	73
motivation	72
motivational	70
motivator	70
motive	88
motiveless	70
motley	70
motocross	24
motor	4
motorbike	5
motorboat	2
motorbus	2
motorcade	27
motorcar	2
motorcycle	1
motorcyclist	5
motored	51
motorhome	8
motoring	36
motorist	7
motorize	44
motorized	28
motorsport	29
motorway	3
mottled	56
motto	63
mound	9
mount	25
mountable	61
mountain	1
mountaineer	15
mountaineering	46
mountainous	33
mountainside	13
mountaintop	11
mounted	32
mounting	36
mourn	67
mourner	34
mournful	72
mournfully	67
mournfulness	77
mourning	71
mouse	4
mousepad	4
mousetrap	0
mousey	60
mousiness	72
mousse	4
moustache	1
mousy	62
mouth	6
mouthed	48
mouthful	26
mouthing	28
mouthpiece	8
mouthwash	8
mouthwatering	54
mouthy	60
movable	46
move	44
movement	34
mover	31
movers	21
movie	10
moviegoer	13
moviemaker	20
moving	30
movingly	78
mow	17
mower	3
mowing	34
mozzarella	3
much	83
muck	31
muckiness	56
mucky	50
mucous	21
mucus	6
mud	3
muddiness	47
muddle	57
muddled	66
muddleheaded	86
muddy	17
mudflow	12
mudguard	17
mudpack	22
mudslide	12
mudslinger	39
mudslinging	51
muff	22
muffed	59
muffin	5
muffle	45
muffled	49
muffler	8
mug	5
mugger	18
mugginess	48
muggy	43
mugshot	8
mulberry	13
mulch	10
mule	0
mull	64
mulled	61
mullet	5
mullets	7
multi	55
multicolor	29
multicolored	22
multicourse	65
multicultural	61
multidigit	34
multidimensional	74
multidimensionality	77
multidirectional	59
multidisciplinary	75
multifaceted	55
multifactor	70
multifariously	77
multifocal	74
multifold	56
multifunctional	60
multihued	48
multilateral	64
multilaterally	74
multilayered	44
multilevel	43
multilingual	59
multimedia	38
multimillion	53
multimillionaire	47
multinational	43
multiphase	68
multiple	44
multiplex	31
multipliable	68
multiplication	38
multiplicative	69
multiplicatively	79
multiplicity	70
multiplier	54
multiply	55
multiplying	60
multipoint	64
multiprocessing	71
multiprocessor	34
multipurpose	59
multiracial	58
multisensory	65
multispecies	53
multispeed	52
multistage	61
multistory	48
multisyllabic	52
multisystem	57
multitask	65
multitasking	57
multithreaded	51
multitude	64
multivalve	28
multivitamin	6
multivolume	52
mum	22
mumble	33
mumbling	44
mummification	36
mummified	17
mummify	32
mummy	7
mumps	23
munch	30
munchkin	29
mundane	77
mundanely	78
municipal	68
municipality	64
municipalize	79
municipally	68
munitions	30
muppet	4
mural	8
murder	35
murderer	29
murderess	41
murdering	42
murderous	65
murderously	70
murderousness	81
murkily	74
murkiness	49
murky	48
murmur	45
murmuring	38
muscle	12
muscled	18
muscleman	12
muscular	30
muscularity	35
muscularly	48
musculature	40
muse	64
mused	79
museum	10
mush	33
mushily	78
mushiness	46
mushroom	4
mushy	36
music	17
musical	32
musicality	76
musically	58
musician	15
musicianship	73
musicological	66
musicologist	38
musicology	71
musing	61
musk	39
musket	8
musketeer	23
muskiness	57
muskrat	1
musky	62
muslim	40
muslin	24
mussel	8
must	72
mustache	2
mustached	17
mustang	3
mustard	2
muster	74
mustiness	42
musty	48
mutable	67
mutant	20
mutate	62
mutation	37
mutational	66
mutative	74
mute	44
muted	61
mutedly	58
mutely	72
muteness	61
muter	50
mutilate	29
mutilated	60
mutilation	46
mutilator	54
mutinous	66
mutinously	81
mutiny	69
mutism	67
mutt	28
mutter	45
mutterer	40
muttering	57
mutton	19
muttonfish	10
mutual	70
mutualism	73
mutuality	81
mutually	78
muzzle	10
muzzleloader	10
my	64
myopia	52
myopic	69
myriad	72
myself	51
myspace	23
mysterious	76
mysteriously	68
mysteriousness	84
mystery	67
mystic	60
mystical	73
mystically	83
mysticism	78
mystification	84
mystified	74
mystify	74
mystifyingly	90
mystique	83
myth	71
mythic	86
mythical	75
mythically	76
mythmaker	60
mythological	74
mythologist	51
mythologize	77
mythology	71
nab	38
nacho	3
nag	49
nagger	50
nagging	66
naggy	71
nail	2
nailbrush	0
nailfile	16
nailing	29
naive	79
naively	84
naivete	81
naivety	82
naked	12
nakedly	39
nakedness	31
name	38
nameable	75
nameless	79
namelessly	88
namelessness	78
namely	84
nameplate	12
namesake	61
nametag	7
naming	69
nanny	20
nanometer	26
nanosecond	54
nanostructure	39
nanotechnology	54
nap	24
nape	14
napkin	2
napoleon	17
napped	38
napping	24
nappy	45
narcism	79
narcissism	79
narcissist	71
narcissistic	73
narcissus	59
narcolepsy	43
narcoleptic	49
narcotic	24
narcotics	10
narrate	58
narration	52
narrative	45
narrator	28
narrow	49
narrower	46
narrowly	65
narrowness	42
nasal	29
nasality	64
nasally	40
nastily	68
nastiness	69
nasty	66
natal	62
nation	34
national	69
nationalism	80
nationalist	73
nationalistic	79
nationalistically	80
nationality	56
nationalization	86
nationalize	81
nationally	64
nationhood	60
nationwide	59
native	49
natively	74
natives	25
nativity	35
natural	79
naturalism	76
naturalist	40
naturalistic	75
naturalistically	89
naturalization	72
naturalize	80
naturalized	76
naturally	88
naturalness	79
nature	52
natured	79
naturist	57
naughtily	75
naughtiness	78
naughty	74
nausea	41
nauseate	51
nauseating	54
nauseatingly	78
nauseous	65
nauseously	67
nautical	64
nautically	60
naval	22
navel	7
navigability	70
navigable	66
navigate	58
navigation	66
navigational	64
navigator	28
navy	27
nay	65
naysayer	59
nazism	74
near	55
nearby	54
nearest	50
nearly	78
nearness	60
nearside	60
nearsighted	37
nearsightedly	56
nearsightedness	52
neat	63
neatly	61
neatness	64
nebula	24
nebulae	39
nebulizer	14
nebulous	62
necessarily	91
necessary	80
necessitate	83
necessity	73
neck	0
neckband	6
necked	40
neckerchief	12
necking	31
necklace	1
neckline	3
neckpiece	20
necktie	1
neckwear	11
necromancy	62
necrophilia	64
nectar	9
nectarine	0
need	83
needful	78
needfulness	76
neediness	89
needing	80
needle	2
needled	53
needlelike	52
needlepoint	13
needles	1
needless	76
needlessly	82
needlessness	75
needlework	15
needling	52
needs	69
needy	68
nefarious	79
nefariously	80
negate	71
negation	77
negative	80
negatively	72
negativism	70
negativity	68
neglect	68
neglecter	59
neglectful	67
neglectfully	78
neglectfulness	72
neglector	45
negligee	13
negligence	74
negligent	77
negligently	77
negligibility	73
negligible	84
negligibly	85
negotiability	73
negotiable	76
negotiate	75
negotiation	66
negotiator	29
negro	18
neigh	36
neighbor	9
neighborhood	6
neighboring	49
neighborliness	76
neighborly	74
neither	84
nemeses	56
nemesis	53
neoclassical	82
neoclassicism	77
neoconservative	83
neoimpressionist	62
neoliberal	82
neolithic	79
neon	23
neonatal	34
nephew	13
nepotism	73
nerd	44
nerdy	71
nerve	28
nervous	79
nervously	76
nervousness	67
nervy	76
nest	3
nestle	40
nestling	36
net	12
netbook	7
nether	78
netherworld	60
netlike	50
netscape	42
netted	52
netting	15
nettle	28
network	45
networker	34
networking	58
neurobiological	60
neurobiologist	29
neurobiology	64
neurochemistry	54
neuroimaging	33
neurologic	59
neurological	71
neurologist	23
neurology	62
neuromuscular	31
neuron	33
neuropathic	58
neuropathology	54
neuropathy	61
neurophysiological	77
neurophysiologist	50
neurophysiology	54
neuropsychiatric	56
neuropsychological	47
neuropsychologist	16
neuropsychology	52
neuroscience	46
neurosciences	57
neuroscientific	67
neuroscientist	25
neuroses	83
neurosis	65
neurosurgeon	8
neurosurgery	21
neurosurgical	47
neurotic	78
neurotically	87
neuroticism	67
neurotoxin	47
neurotransmitter	52
neurovascular	56
neuter	47
neutral	80
neutralism	80
neutralist	67
neutrality	84
neutralization	70
neutralize	68
neutralizer	67
neutrally	67
neutron	58
never	85
nevermore	90
nevertheless	88
new	55
newbie	54
newborn	15
newcomer	47
newfangled	76
newfound	72
newish	81
newly	65
newlywed	30
newlyweds	30
newness	80
news	40
newsagent	15
newsbeat	72
newsboy	15
newsbreak	49
newscast	19
newscaster	12
newsflash	30
newsgathering	50
newsgroup	32
newshound	45
newsletter	8
newsmaker	33
newsman	19
newsmonger	43
newspaper	4
newspaperman	12
newspaperwoman	22
newsprint	9
newsreader	27
newsreel	13
newsroom	12
newssheet	21
newsstand	7
newswire	29
newswoman	18
newsworthiness	72
newsworthy	78
newt	21
next	61
nextdoor	35
nexus	57
niacin	42
nibble	32
nice	70
nicely	70
niceness	71
niche	62
nick	28
nickel	5
nickelodeon	20
nicking	50
nickname	51
nicotine	23
niece	18
niftiness	81
nifty	82
nigger	38
nigh	64
night	12
nightcap	15
nightcaps	23
nightclothes	14
nightclub	1
nightclubbing	38
nightdress	9
nightfall	30
nightgown	2
nighthawk	15
nightie	18
nightingale	14
nightlife	46
nightlight	2
nightlong	41
nightly	70
nightmare	51
nightmarish	75
nightmarishly	80
nights	15
nightshade	19
nightshift	44
nightshirt	0
nightspot	33
nightstand	5
nightstick	6
nighttime	29
nightwalker	34
nightwear	9
nil	64
nimble	66
nimbleness	67
nimbly	67
nimrod	59
nincompoop	65
nine	24
ninefold	66
ninepin	25
nineteen	44
nineteenth	34
ninetieth	48
ninety	40
ninja	18
nintendo	9
ninth	36
nip	39
nippiness	57
nipping	42
nipple	4
nippy	52
nirvana	87
nitpick	52
nitpicker	55
nitrate	51
nitrite	32
nitrogen	40
nitroglycerin	22
nitroglycerine	18
nitrous	48
nitwit	44
nix	80
no	64
nobility	55
noble	78
nobleman	29
nobleness	74
noblewoman	40
nobody	67
nocturnal	58
nocturnally	67
nod	9
nodding	25
node	25
nodule	34
noel	57
noggin	20
noir	60
noise	37
noiseless	65
noiselessly	59
noiselessness	63
noisemaker	22
noisemaking	36
noiseproof	45
noisily	58
noisiness	56
noisy	36
nomad	23
nomadic	65
nomadically	64
nominal	68
nominally	88
nominate	51
nominated	69
nomination	54
nominative	81
nominator	42
nominee	28
nonabsorbent	56
nonacademic	82
nonacid	61
nonadjacent	49
nonadjustable	52
nonaffiliated	84
nonaggression	78
nonaggressive	70
nonagricultural	72
nonalcoholic	40
nonaligned	48
nonalignment	64
nonappearance	71
nonassertive	86
nonathletic	56
nonattached	51
nonattachment	71
nonattendance	68
nonautomotive	53
nonbacterial	51
nonbeing	78
nonbeliever	72
nonbelligerent	84
nonbinding	86
noncapital	64
noncertified	59
nonchalance	80
nonchalant	78
nonchalantly	80
nonchemical	66
noncircular	45
noncitizen	57
nonclinical	73
noncombat	72
noncombatant	64
noncombustible	57
noncommercial	73
noncommissioned	72
noncommittal	83
noncommittally	73
noncommunist	77
noncompeting	77
noncompetitive	75
noncompetitively	79
noncompliance	74
nonconductive	64
nonconductor	46
nonconformance	91
nonconforming	77
nonconformist	62
nonconformity	81
nonconsecutive	54
noncontact	63
noncontiguous	76
noncontributing	83
noncontroversial	92
nonconventional	84
nonconvertible	65
noncooperation	72
noncorrosive	67
noncreative	83
noncriminal	77
noncritical	76
noncumulative	81
noncurrent	73
noncyclical	73
nondairy	37
nondemocratic	83
nondenominational	74
nondependent	78
nondescript	64
nondestructive	73
nondisclosure	75
nondiscretionary	86
nondiscrimination	86
nondiscriminatory	76
nondomestic	69
nondrinking	32
nondrying	49
none	60
noneconomic	75
nonelection	64
nonelectric	62
nonelectrical	39
nonentity	82
nonequivalent	70
nonessential	82
nonetheless	93
nonevent	68
nonexclusive	77
nonexecutive	68
nonexempt	69
nonexistence	86
nonexistent	85
nonexpendable	80
nonfactual	73
nonfat	47
nonfatal	56
nonfederal	68
nonfiction	38
nonfictional	61
nonfigurative	80
nonfinancial	77
nonflammable	55
nonfood	38
nonfreezing	63
nonfunctional	72
nonfunctioning	69
nongaseous	60
nongovernmental	56
nonhazardous	62
nonhereditary	74
nonhuman	29
nonidentity	85
nonimpact	80
nonindustrial	64
noninfectious	60
nonintellectual	79
noninterference	81
nonintersecting	47
nonintervention	78
noninvasive	60
noninvolvement	87
nonirritant	68
nonirritating	80
nonjudgmental	85
nonlethal	75
nonlinear	60
nonliterary	89
nonliving	57
nonlocal	57
nonmagnetic	46
nonmalignant	67
nonmalleable	45
nonmarket	82
nonmaterial	86
nonmathematical	86
nonmedical	66
nonmember	54
nonmetal	46
nonmetallic	34
nonmetropolitan	66
nonmilitant	63
nonmilitary	56
nonmusical	67
nonnegotiable	82
nonobjective	90
nonobligatory	80
nonobservant	68
nonoccurrence	77
nonofficial	70
nonoperational	55
nonorganic	36
nonpaid	71
nonparallel	42
nonparent	65
nonparticipant	56
nonparticipating	58
nonparticipation	72
nonpartisan	74
nonpartisanship	80
nonparty	74
nonpathogenic	84
nonpaying	62
nonpayment	54
nonperformance	66
nonperformer	59
nonperforming	67
nonperishable	56
nonpermanent	76
nonperson	73
nonphysical	73
nonplus	79
nonpoisonous	75
nonpolitical	84
nonporous	46
nonpresidential	74
nonproducing	55
nonproduction	70
nonproductive	58
nonproductively	78
nonprofessional	69
nonprofit	60
nonproprietary	86
nonpublic	64
nonracial	75
nonrandom	74
nonreactive	78
nonreactor	70
nonreader	44
nonrealistic	79
nonreciprocal	92
nonrectangular	48
nonrecurring	84
nonrefundable	62
nonregistered	58
nonreligious	74
nonrenewable	67
nonrenewal	69
nonrepresentational	80
nonresident	59
nonresidential	59
nonresistance	79
nonresistant	80
nonresponsive	61
nonrestrictive	76
nonretirement	73
nonreturnable	61
nonrevenue	72
nonreversible	57
nonromantic	68
nonscheduled	73
nonscientific	78
nonscientist	62
nonselective	83
nonsense	66
nonsensical	80
nonsensically	80
nonsexual	62
nonsingular	72
nonskid	38
nonslip	43
nonsmoker	30
nonsmoking	53
nonsocial	75
nonsolid	40
nonspeaking	53
nonspecific	82
nonstandard	60
nonstarter	70
nonstick	48
nonstop	59
nonstrategic	78
nonstructural	69
nonstudent	54
nonsubscriber	58
nonsuccess	84
nonsupport	67
nonsurgical	38
nonsymmetrical	43
nonsystematic	66
nontaxable	77
nonteaching	71
nontechnical	66
nontheatrical	68
nonthreatening	75
nontoxic	58
nontraditional	83
nontransferable	73
nontransparent	50
nontribal	85
nontrivial	83
nonunion	82
nonurban	62
nonvascular	66
nonverbal	63
nonveteran	53
nonviolence	64
nonviolent	62
nonvolatile	73
nonvoter	36
nonwestern	61
nonwhite	44
nonworking	43
noodle	7
noodles	1
nook	16
noon	58
noonday	29
noontime	46
noose	12
nope	66
nor	80
nordic	57
norm	72
normal	90
normalcy	81
normality	76
normalization	84
normalize	74
normally	79
normalness	88
normative	86
north	22
northbound	36
northeast	29
northeaster	44
northeasterly	45
northeastern	27
northeastward	46
northeastwardly	41
northeastwards	48
northerly	52
northern	47
northerner	45
northernmost	42
northland	48
northside	38
northward	41
northwardly	49
northwards	52
northwest	35
northwester	47
northwesterly	44
northwestern	52
northwestward	32
northwestwardly	55
northwestwards	41
nose	3
nosebleed	14
nosed	54
nosedive	38
nosepiece	17
nosey	68
nosiness	57
nosing	70
nostalgia	79
nostalgic	78
nostalgically	80
nostril	3
nosy	73
not	73
notability	72
notable	75
notably	84
notarize	28
notary	33
notation	48
notational	74
notch	19
notched	22
notching	40
note	10
notebook	2
noted	46
notepad	7
notepaper	5
noteworthiness	82
noteworthy	72
nothing	70
nothingness	82
notice	43
noticeable	68
noticeably	79
noticeboard	14
notification	42
notified	51
notify	49
notion	77
notoriety	75
notorious	84
notoriously	80
notoriousness	79
notwithstanding	90
nougat	20
noun	46
nourish	68
nourishing	58
nourishment	51
nova	29
novel	20
novelist	23
novelistic	80
novelization	64
novelize	61
novelty	70
november	52
novice	58
now	88
nowadays	90
nowhere	80
noxious	66
noxiously	71
noxiousness	72
nozzle	2
nuance	79
nub	19
nubile	78
nuclear	51
nuclei	40
nucleoprotein	47
nucleus	38
nude	18
nudeness	43
nudge	13
nudism	36
nudist	8
nudity	22
nugget	14
nuisance	70
nuke	25
null	80
nullification	72
nullifier	71
nullify	72
numb	48
number	43
numberless	79
numbing	40
numbingly	64
numbly	73
numbness	67
numbskull	73
numerable	63
numeral	28
numerate	60
numeration	58
numerator	50
numeric	48
numerical	48
numerically	54
numerologist	38
numerology	76
numerous	61
numerously	66
numskull	53
nun	2
nunnery	38
nuptial	64
nuptials	46
nurse	15
nursemaid	12
nursery	13
nurseryman	23
nursing	31
nurture	69
nurturer	57
nut	12
nutcase	52
nutcracker	5
nutcrackers	6
nuthouse	30
nutlike	44
nutmeg	8
nutrient	38
nutrition	55
nutritional	67
nutritionally	78
nutritionist	25
nutritious	64
nutritiously	77
nutshell	18
nuttiness	54
nutty	39
nuzzle	23
nylon	7
nymph	36
nymphomania	65
nymphomaniac	49
oaf	34
oak	4
oaken	36
oar	4
oarsman	32
oasis	14
oat	0
oatcake	8
oath	55
oatmeal	2
oats	5
obedience	68
obedient	77
obediently	69
obese	32
obesity	44
obey	58
obituary	21
object	34
objectification	84
objectify	86
objection	68
objectionable	78
objectionably	82
objective	75
objectively	92
objectiveness	89
objectivism	94
objectivist	87
objectivistic	85
objectivity	88
objectless	69
objector	39
obligate	75
obligation	74
obligator	69
obligatorily	80
obligatory	86
oblige	82
obliged	70
obliging	85
obligingly	89
oblique	46
obliquely	80
obliqueness	78
obliterate	48
obliteration	75
obliterator	54
oblivion	91
oblivious	77
obliviously	81
obliviousness	83
oblong	35
obnoxious	69
obnoxiously	65
obnoxiousness	77
oboe	14
obscene	78
obscenely	78
obsceneness	73
obscenity	67
obscure	75
obscurely	76
obscurer	61
obscurity	84
observable	68
observably	76
observance	64
observant	65
observantly	76
observation	72
observational	70
observationally	74
observatory	13
observe	59
observer	28
observing	53
obsess	72
obsessed	74
obsession	82
obsessive	74
obsidian	14
obsolete	72
obsoleteness	71
obstacle	38
obstetrical	60
obstetrician	17
obstinate	80
obstruct	64
obstructer	34
obstruction	32
obstructive	64
obstructively	71
obtain	50
obtainable	74
obtainer	53
obtainment	81
obtrude	68
obtrusion	47
obtrusive	82
obtrusively	74
obtrusiveness	79
obtuse	72
obtusely	83
obtuseness	81
obvious	73
obviously	80
obviousness	77
occasion	62
occasional	79
occasionally	73
occlusion	64
occult	60
occultism	70
occultist	54
occupancy	61
occupant	38
occupation	33
occupational	73
occupationally	83
occupier	43
occupy	42
occur	79
occurrence	61
ocean	3
oceanfront	12
oceanic	54
oceanographer	26
oceanographic	60
oceanography	46
ocelot	14
octagon	14
octagonal	19
octane	40
octave	42
october	55
octopi	3
octopus	0
ocular	53
odd	82
oddball	56
oddity	72
oddly	84
oddness	81
odds	69
ode	52
odometer	7
odor	37
odorant	34
odoriferous	44
odorize	56
odorless	57
odorous	43
odorously	66
odyssey	59
of	83
off	55
offbeat	70
offence	48
offend	83
offended	76
offender	28
offense	74
offensive	72
offensively	84
offensiveness	83
offer	69
offering	55
offhand	84
offhanded	84
offhandedly	77
offhandedness	86
office	2
officeholder	33
officemate	38
officer	5
official	62
officially	85
officiate	60
officiator	38
offline	49
offload	61
offputting	75
offscreen	48
offset	56
offshoot	53
offshore	34
offside	38
offspring	27
offstage	26
often	62
oftentimes	79
ogle	58
ogre	26
oh	88
ohm	63
oil	2
oilcan	9
oilcloth	15
oiled	30
oiler	35
oiliness	30
oillamp	4
oilman	11
oilpaper	10
oilskin	17
oily	29
oink	44
ointment	12
ok	72
okay	78
okra	5
old	57
older	45
oldfashioned	68
oldie	61
oldish	70
oldness	57
olfactory	56
olive	2
olympic	53
olympics	22
omega	48
omelet	2
omelette	6
omen	58
ominous	77
ominously	73
omissible	74
omission	78
omit	72
omnipotence	86
omnipotent	77
omnipresence	75
omnipresent	90
omniscience	80
omniscient	78
omnivore	46
omnivorous	60
on	44
onboard	40
once	56
oncologic	68
oncologist	26
oncology	50
oncoming	59
one	26
oneness	76
oneself	38
ongoing	78
onion	3
onionskin	9
online	41
onlooker	34
only	65
onrushing	64
onscreen	40
onset	72
onshore	34
onslaught	66
onstage	30
onto	64
onward	68
onwards	69
onyx	9
oomph	87
oops	74
ooze	25
ooziness	53
oozy	45
opacity	52
opal	15
opalescent	53
opaque	34
opaquely	60
opaqueness	45
open	45
opener	30
openhanded	46
openhandedly	72
openhandedness	73
openhearted	76
openheartedly	91
openheartedness	86
opening	30
openly	86
openmouthed	23
openness	78
opera	18
operability	72
operable	57
operate	50
operatic	74
operating	38
operation	39
operational	66
operative	59
operatively	82
operator	20
ophthalmologist	17
ophthalmology	54
opiate	21
opinion	77
opinionate	72
opinionated	88
opinionative	65
opinioned	74
opium	11
opossum	2
opponent	37
opportune	74
opportunely	74
opportunism	66
opportunist	57
opportunistic	70
opportunistically	84
opportunity	78
opposable	67
oppose	62
opposed	72
opposing	66
opposite	80
oppositely	76
oppositeness	80
opposition	69
oppositional	71
oppositionist	64
oppress	84
oppressed	78
oppression	75
oppressive	84
oppressively	79
oppressiveness	90
oppressor	56
opt	66
optic	38
optical	54
optically	62
optician	8
optics	43
optimal	81
optimism	88
optimist	78
optimistic	75
optimistically	72
optimization	76
optimize	57
optimum	81
option	65
optional	78
optionally	91
optometrist	3
optometry	38
opulent	74
opulently	57
opus	44
or	82
oracle	53
oral	39
orally	50
orange	8
orangey	45
orangutan	5
orate	44
orator	25
oratory	53
orb	22
orbit	27
orbital	47
orbiter	36
orchard	6
orchestra	5
orchestral	60
orchestrate	69
orchestration	55
orchestrator	24
orchid	2
ordain	76
ordainment	70
ordeal	74
order	55
ordered	46
orderliness	70
orderly	56
ordinance	52
ordinarily	88
ordinariness	79
ordinary	80
ordination	70
ordnance	51
ore	13
oregano	5
organ	6
organic	58
organically	58
organism	21
organismic	78
organist	25
organization	50
organizational	68
organizationally	82
organize	57
organized	59
organizer	36
orgasm	26
orgasmic	57
orgy	33
orient	67
oriental	38
orientation	64
orifice	16
origami	16
origin	74
original	73
originality	78
originally	84
originate	69
origination	73
originative	86
originator	62
oriole	16
ornament	24
ornamental	57
ornamentally	67
ornamentation	41
ornate	45
ornately	66
orneriness	68
ornery	75
ornithology	50
orphan	24
orphanage	9
orphaned	45
orthodontic	40
orthodontics	34
orthodontist	14
orthodox	83
orthographic	60
orthography	57
orthopedic	60
orthopedically	66
orthopedics	36
orthopedist	7
oscillate	46
oscillating	40
oscillator	30
oscilloscope	9
osmosis	38
ostentatious	67
ostentatiously	86
osteoarthritis	37
osteoporosis	45
ostracize	58
ostrich	7
other	74
otherness	84
otherwise	86
otherworld	62
otherworldliness	76
otherworldly	91
otter	3
ottoman	2
ouch	56
ought	89
ounce	29
our	76
ours	80
ourself	59
ourselves	65
oust	57
out	57
outage	54
outback	36
outbid	48
outboard	23
outbound	65
outbox	31
outbreak	49
outbreed	69
outbuilding	28
outburst	56
outcast	60
outclass	80
outcome	68
outcrop	56
outcry	44
outdate	78
outdated	67
outdo	85
outdoor	27
outdoors	10
outdoorsman	17
outdoorsy	67
outdraw	55
outdrink	54
outer	31
outermost	41
outerwear	12
outfield	24
outfielder	8
outfit	22
outfitter	32
outflank	64
outflow	42
outfox	78
outgoing	68
outgoingness	79
outgrow	53
outgrowing	69
outgrowth	38
outguess	78
outgun	55
outhit	60
outhouse	3
outing	57
outland	50
outlander	40
outlandish	74
outlandishly	84
outlandishness	70
outlast	70
outlaw	35
outlay	62
outlearn	81
outlet	17
outline	35
outlined	44
outlive	71
outlook	76
outlying	74
outmaneuver	51
outmatch	75
outmost	54
outnumber	62
outnumbered	52
outpace	64
outpatient	44
outperform	64
outplayed	67
outpost	24
outpour	61
outpouring	64
output	63
outrace	59
outrage	64
outraged	68
outrageous	80
outrageously	78
outrageousness	80
outraging	78
outrank	66
outreach	61
outright	74
outrun	53
outscore	45
outsell	60
outset	70
outshine	71
outshoot	56
outside	19
outsider	67
outsize	50
outsized	59
outskirt	65
outskirts	46
outsmart	69
outsource	64
outspend	67
outspent	56
outspoken	64
outspokenly	78
outspokenness	63
outspread	72
outstand	66
outstanding	81
outstandingly	80
outstretch	55
outstretched	43
outtake	56
outtakes	34
outthink	84
outthrust	47
outvote	57
outwait	70
outward	55
outwardly	67
outwards	66
outweigh	59
outwit	76
outworn	70
outwrestle	69
oval	24
ovarian	44
ovary	21
ovation	39
oven	1
ovenproof	59
ovenware	6
over	64
overabundance	59
overabundant	72
overachieve	74
overachiever	77
overact	55
overactive	65
overage	64
overall	81
overalls	6
overambitious	78
overanalyze	77
overanxious	75
overanxiously	69
overarch	48
overarching	79
overassertive	73
overbalance	65
overbear	66
overbearing	76
overbearingly	74
overbid	59
overbill	58
overbite	18
overblown	68
overboard	39
overbook	49
overbought	62
overbuilt	55
overburden	60
overcapacity	58
overcapitalize	68
overcast	24
overcautious	73
overcautiously	80
overcharge	64
overcoat	12
overcome	68
overcompensate	75
overcompensation	79
overconcentration	75
overconfidence	80
overconfident	78
overconfidently	72
overconsumption	57
overcook	25
overcool	59
overcorrect	62
overcorrection	70
overcritical	80
overcrowd	39
overcrowded	30
overcurious	73
overdelicate	62
overdevelop	65
overdevelopment	61
overdo	70
overdone	52
overdose	54
overdraft	46
overdramatic	78
overdramatically	76
overdramatize	66
overdraw	55
overdrawn	56
overdress	39
overdrive	51
overdriven	76
overdubbed	52
overdue	54
overeager	82
overeagerly	78
overeat	52
overeaten	61
overeater	41
overeducate	77
overeducated	71
overemotional	72
overemphasis	75
overemphasize	75
overemphatic	81
overenthusiastic	75
overestimate	82
overestimation	75
overexcite	73
overexcitement	59
overexert	70
overexerted	61
overexpansion	70
overexpose	51
overexposed	59
overexposure	65
overextend	66
overextension	52
overfed	42
overfeed	66
overfill	26
overfish	47
overflow	32
overflowing	35
overfull	34
overgenerous	75
overgraze	43
overgrow	52
overgrown	43
overgrowth	30
overhand	34
overhang	17
overhanging	36
overhasty	73
overhaul	51
overhead	35
overheads	59
overhear	65
overheat	38
overheated	42
overhung	40
overhunt	61
overindulge	75
overindulgence	73
overindulgent	73
overinflate	41
overinflated	53
overinvest	80
overinvestment	72
overjoyed	62
overkill	67
overlabor	59
overlaid	54
overlap	48
overlapping	43
overlarge	49
overlay	43
overleap	45
overlie	60
overload	58
overlook	65
overlord	35
overloud	60
overly	82
overlying	51
overmatch	82
overmodest	77
overnight	61
overnighter	30
overpass	22
overpay	53
overpayment	46
overplant	48
overplay	75
overpopulate	63
overpopulation	57
overpower	60
overpowering	65
overpoweringly	77
overpressure	66
overprice	73
overpriced	56
overprint	31
overproduce	61
overproduction	64
overpromise	71
overprotect	68
overprotection	79
overprotective	67
overqualified	88
overrate	78
overrated	84
overreach	63
overreaching	76
overreact	72
overreaction	72
overregulation	76
overreliance	70
overrepresentation	78
override	60
overriding	78
overripe	32
overrule	76
overruling	65
overrun	58
overrunning	49
oversaturation	54
oversea	54
overseas	42
oversee	55
overseen	77
overseer	32
oversell	84
oversensitive	72
overset	65
oversexed	73
overshadow	55
overshadowing	74
overshoot	53
overshot	50
oversight	86
oversimplification	71
oversimplify	75
oversize	58
oversized	52
oversleep	45
oversold	67
overspecialization	75
overspecialize	78
overspecialized	77
overspend	57
overspill	40
overstaff	61
overstaffed	62
overstate	76
overstatement	86
overstay	69
overstep	49
overstimulation	65
overstock	43
overstrain	57
overstress	73
overstretch	67
overstuff	45
oversupply	52
oversweet	48
overt	84
overtake	59
overtax	78
overthrow	66
overtime	55
overtiredness	61
overtly	84
overtone	65
overtreatment	60
overture	48
overturn	50
overuse	69
overvaluation	68
overvalue	75
overview	43
overweigh	51
overweight	36
overwhelm	90
overwhelmed	77
overwhelming	80
overwhelmingly	87
overwork	67
overworked	60
overwrite	44
overwrought	68
overzealous	78
overzealously	76
overzealousness	75
ovulate	51
ovulation	45
ovum	16
owe	73
owing	71
owl	2
owlish	64
own	76
owner	31
ownerless	73
ownership	64
ox	3
oxblood	17
oxbow	21
oxcart	14
oxen	18
oxford	33
oxidant	48
oxidation	42
oxidative	67
oxide	28
oxidization	50
oxidize	30
oxidized	45
oxidizer	41
oxidizing	43
oxtail	12
oxygen	34
oxygenate	60
oxygenating	68
oxygenation	64
oxygenator	36
oxymoron	83
oyster	4
ozone	38
pace	47
paced	55
pacemaker	8
pacer	34
pacific	30
pacification	81
pacifier	10
pacifism	79
pacifist	64
pacify	74
pack	29
packable	52
package	7
packager	17
packaging	14
packer	26
packet	14
packhorse	6
pact	62
pad	14
padded	20
padding	12
paddle	5
paddleball	17
paddled	22
paddlefish	4
paddler	36
paddling	29
paddock	20
padlock	2
padre	10
pagan	57
paganism	70
page	2
pageant	25
pageantry	62
pageboy	23
pagenumber	21
pager	11
paging	40
pagoda	8
pail	2
pain	38
pained	68
painful	39
painfully	62
painfulness	57
paining	61
painkiller	21
painless	68
painlessly	72
painlessness	72
pains	34
painstaking	74
painstakingly	77
painstakingness	82
paint	5
paintable	67
paintball	5
paintbox	9
paintbrush	5
painted	12
painter	12
painting	10
paintwork	15
pair	28
paired	39
pajama	4
pajamas	7
pal	27
palace	11
palatability	74
palatable	51
palatably	78
palate	32
pale	30
paled	60
paleface	50
paleness	32
paleoanthropologist	32
paleontological	66
paleontologist	9
paleontology	45
paler	40
pales	68
palette	18
pallbearer	16
pallet	10
palliative	56
pallor	45
palm	4
palmed	48
palmtree	7
palpable	62
palpably	77
palpation	44
palpitate	36
palpitation	42
palsy	56
paltry	77
pamper	59
pampered	70
pamperer	53
pampers	26
pamphlet	10
pan	3
panache	85
panama	20
pancake	3
pancreas	5
pancreatic	45
pancreatitis	36
panda	6
pandemic	62
pandemonium	69
panderer	56
pane	29
panel	19
paneling	15
panelist	17
panfish	31
panfry	18
pang	57
panhandle	31
panhandler	25
panic	49
panicked	62
panicky	65
panning	43
panorama	40
panoramic	45
panoramically	67
pansy	28
pant	16
pantaloons	5
panther	2
panties	2
panting	25
pantomime	29
pantry	8
pants	3
pantsuit	5
panty	10
pantyhose	0
papa	14
paparazzi	22
paparazzo	19
papaya	3
paper	2
paperback	11
paperboard	19
paperboy	3
paperclip	1
papered	39
paperhanger	24
papering	45
paperless	55
papermaker	32
papermaking	36
paperweight	5
paperwork	9
papery	49
paprika	0
papyrus	14
par	68
parable	78
parabola	28
parabolic	52
parachute	5
parachutist	18
parade	12
paradigm	82
paradigmatic	91
parading	39
paradise	57
paradox	86
paradoxical	75
paradoxically	88
paraglider	5
paragliding	24
paragraph	26
parakeet	2
paralegal	17
parallel	46
parallelism	78
parallelogram	23
paralympics	33
paralyses	47
paralysis	37
paralyze	40
paramedic	6
paramedical	66
paramedics	16
parameter	63
paramilitary	46
paramount	80
paranoia	82
paranoid	81
paranormal	60
paraphernalia	33
paraphrase	69
paraphraser	62
paraplegia	52
paraplegic	25
paraprofessional	42
parapsychology	81
parasail	16
parasite	17
parasitic	59
parasitical	68
parasitically	64
paratroop	32
paratrooper	3
paratroops	15
parcel	5
parch	41
parched	45
parchedness	64
parching	60
parchment	13
pardon	69
pardonable	87
pardoning	69
parent	11
parentage	53
parental	58
parentally	68
parentheses	21
parenthesis	5
parenthesize	52
parenthetical	68
parenthetically	87
parenthood	61
parenting	61
parentless	54
parfait	8
pariah	42
paring	52
parish	30
parishioner	24
park	6
parka	9
parking	29
parkland	24
parkway	14
parlay	61
parliament	31
parliamentarian	32
parliamentary	80
parlor	18
parmesan	8
parochial	80
parody	61
parole	58
parolee	28
parrot	0
parrotfish	1
parsley	6
parsnip	4
part	43
partake	70
partaker	51
parted	54
partial	67
partiality	82
partially	58
partialness	85
participant	40
participate	60
participation	54
participative	77
participator	33
participatory	74
participle	64
particle	31
particleboard	5
particular	69
particularity	86
particularization	83
particularize	71
particularly	84
particulars	88
particulate	45
parting	55
partisan	84
partisanship	77
partition	32
partitioned	46
partitioner	36
partitioning	49
partly	68
partner	37
partnership	55
partook	70
partridge	25
parttime	46
partway	67
party	28
partygoer	24
pass	57
passable	64
passably	79
passage	30
passageway	8
passcode	28
passenger	17
passerby	24
passing	56
passion	68
passionate	88
passionately	78
passionflower	7
passionless	81
passionlessly	84
passive	68
passively	85
passiveness	80
passivism	84
passivity	85
passkey	20
passover	56
passport	0
password	29
past	82
pasta	3
paste	14
pasted	43
pastel	25
pasteurization	39
pasteurize	48
pasteurizer	50
pasties	13
pastime	62
pastiness	47
pasting	32
pastor	16
pastoral	70
pastrami	6
pastry	1
pasture	5
pastureland	7
pasty	39
pat	21
patch	7
patchable	50
patchily	67
patchiness	44
patchwork	33
patchy	45
patella	10
patent	42
patentability	64
patentable	70
patented	62
patently	82
paternal	68
paternalism	85
paternalistic	80
paternally	62
paternity	60
path	15
pathetic	76
pathetically	84
pathfinder	39
pathless	59
pathogen	35
pathogenic	68
pathologic	76
pathological	78
pathologically	87
pathologist	18
pathology	65
pathos	88
pathway	18
patience	84
patient	62
patiently	77
patio	3
patriarch	36
patriarchal	80
patriarchic	71
patriarchy	60
patrimonial	77
patrimony	73
patriot	41
patriotic	78
patriotically	73
patriotism	75
patrol	29
patroller	30
patrolman	8
patrolwoman	18
patron	32
patronage	74
patronize	80
patronizing	86
patronizingly	86
patsy	60
patter	52
pattern	27
patterned	37
patterning	56
patternmaker	34
patternmaking	45
patty	16
pauper	30
pause	66
pave	24
pavement	7
paver	10
pavestone	12
pavilion	10
paving	40
paw	18
pawing	38
pawn	28
pawnbroker	16
pawnshop	3
pay	36
payable	64
payback	61
paycheck	15
payday	41
payee	26
payer	29
paying	34
payload	30
payment	27
payoff	56
payout	46
payphone	5
payroll	32
pea	2
peace	84
peaceable	77
peaceably	70
peaceful	68
peacefully	69
peacefulness	75
peacekeeper	43
peacekeeping	75
peacemaker	50
peacemaking	79
peacetime	64
peach	2
peachiness	76
peachy	64
peacock	0
peak	20
peaked	55
peaking	54
peanut	3
peanuts	2
pear	2
pearl	3
pearled	50
pearlescent	60
pearliness	62
pearly	43
peasant	26
peasantry	54
peashooter	18
pebble	3
pebbled	24
pebblestone	12
pebbly	42
pecan	3
peck	21
pecked	36
pecker	19
pectin	24
pectoral	25
peculiar	76
peculiarity	76
peculiarly	77
pedal	14
pedantic	73
peddle	24
peddler	12
peddling	49
pedestal	13
pedestrian	15
pedestrianism	62
pediatric	59
pediatrician	11
pediatrics	51
pedicure	16
pedicurist	24
pedigree	55
pedigreed	57
pedometer	2
pedophile	41
pedophilia	60
pedophilic	67
pee	7
peed	34
peek	34
peekaboo	44
peel	10
peeled	23
peeler	13
peeling	30
peelings	18
peep	41
peeper	36
peephole	6
peepshow	16
peer	29
peerless	82
peeve	75
peeved	66
peevish	78
peevishly	88
peewee	62
peg	2
pegboard	2
pegged	45
pelican	1
pellet	11
pelt	23
pelting	41
pelvic	31
pelvis	2
pen	2
penal	66
penalization	70
penalize	72
penalty	54
penance	87
pencil	3
penciled	24
penciling	36
pencilsharpener	1
pendant	6
pending	71
pendulous	62
pendulum	8
penetrability	70
penetrable	56
penetrate	38
penetrating	50
penetratingly	57
penetration	37
penetrative	56
penetrator	42
penguin	0
penholder	10
penicillin	14
penile	45
peninsula	3
penis	0
penitentiary	15
penknife	4
penlight	7
penmanship	29
pennant	16
penniless	64
pennilessness	64
penning	44
penny	4
pennyweight	46
penpal	28
pension	28
pensioner	36
pensive	83
pensiveness	84
pentagon	14
pentagonal	30
pentagram	6
pentecostal	62
penthouse	16
peon	58
peony	13
people	4
pepper	10
peppercorn	3
peppermint	14
pepperoni	0
peppery	34
peppiness	68
peppy	69
per	83
perceivable	73
perceivably	90
perceive	82
perceiver	66
perceiving	72
percent	57
percentage	52
percentile	51
percept	78
perceptibility	80
perceptible	74
perceptibly	82
perception	75
perceptional	79
perceptive	78
perceptively	84
perceptiveness	84
perceptivity	76
perceptual	81
perceptually	78
perch	23
perchance	86
percolate	33
percolation	57
percolator	15
percussion	37
percussionist	24
percussive	57
percussiveness	67
perennial	52
perennially	68
perfect	83
perfected	74
perfectibility	90
perfectible	87
perfecting	80
perfection	78
perfectionism	72
perfectionist	55
perfectionistic	81
perfective	84
perfectively	76
perfectly	87
perfectness	72
perforate	42
perforated	22
perforation	30
perform	48
performable	72
performance	49
performer	24
perfume	8
perfumed	30
perfunctory	80
perhaps	95
peril	62
perilous	77
perilously	89
perimeter	38
perinatal	66
perineum	32
period	42
periodic	73
periodical	38
periodically	78
periodontal	43
periods	34
peripheral	48
peripherally	75
periphery	55
periscope	5
perish	44
perishable	54
perished	56
perishing	77
periwinkle	22
perjure	70
perjured	83
perjurer	66
perjury	70
perk	49
perkily	78
perkiness	47
perky	48
perm	17
permafrost	12
permanence	79
permanency	71
permanent	56
permanently	60
permeability	59
permeable	56
permeate	67
permeation	60
permissibility	82
permissible	66
permissibly	78
permission	68
permissive	75
permissively	86
permissiveness	80
permit	39
permitted	70
permutation	68
peroxide	2
perpendicular	42
perpendicularity	53
perpendicularly	31
perpetrate	73
perpetration	77
perpetrator	40
perpetual	68
perpetually	85
perpetuate	77
perpetuation	71
perpetuator	54
perpetuity	79
perplex	82
perplexed	80
perplexedly	82
perplexing	78
perplexingly	84
perplexity	78
persecute	62
persecuting	72
persecution	64
persecutor	32
perseverance	77
perseveration	72
persevere	88
persevering	63
perseveringly	88
persimmon	6
persist	60
persistence	70
persistency	89
persistent	69
persistently	79
persisting	76
person	7
persona	67
personable	72
personably	76
personage	65
personal	70
personality	73
personalization	73
personalize	57
personally	73
personhood	69
personification	82
personifier	65
personify	86
personnel	36
perspective	66
perspiration	5
persuadable	86
persuade	73
persuaded	64
persuader	44
persuasion	78
persuasive	70
persuasively	84
persuasiveness	86
pertain	84
pertaining	88
pertinence	75
pertinent	78
pertinently	83
pertness	70
perturb	79
perturbed	81
perturbing	77
perusable	81
pervade	80
pervasive	79
pervasively	86
pervasiveness	77
perverse	76
perversely	76
perverseness	70
perversion	74
perversity	85
pervert	51
perverted	68
peskiness	67
pesky	75
peso	9
pessimism	78
pessimist	62
pessimistic	84
pessimistically	83
pest	26
pester	56
pesticide	12
pestilence	52
pestilent	62
pesto	14
pet	7
petal	11
peter	33
petite	36
petition	22
petitioner	22
petrified	46
petrify	59
petrol	18
petroleum	8
petted	41
petticoat	8
pettily	78
pettiness	82
petty	73
petulance	73
petulantly	79
petunia	11
pew	27
pewter	12
phalanges	10
phallic	42
phantom	64
phantomlike	66
pharaoh	14
pharmaceutical	53
pharmaceutically	62
pharmaceutics	31
pharmacist	24
pharmacological	64
pharmacologically	64
pharmacologist	12
pharmacology	56
pharmacy	5
phase	64
phases	70
pheasant	6
phenomena	76
phenomenal	80
phenomenally	80
phenomenological	82
phenomenon	68
pheromone	35
philander	65
philanderer	42
philanthropic	72
philanthropically	73
philanthropist	52
philanthropy	70
philharmonic	54
philosopher	34
philosophic	88
philosophical	84
philosophically	92
philosophize	85
philosophy	72
phishing	36
phlebotomy	47
phlegm	13
phobia	72
phobic	68
phoenix	18
phone	3
phonebook	1
phonetic	60
phonetically	67
phonetics	66
phoney	69
phonic	58
phonics	55
phoniness	78
phonograph	10
phonographic	44
phonographically	65
phonologically	62
phony	70
phooey	75
phosphate	23
phosphorescence	55
phosphorescent	30
phosphoric	45
phosphorous	28
phosphorus	18
photo	2
photoactive	60
photocell	12
photochemical	42
photochemistry	44
photocopier	7
photocopy	12
photodynamic	64
photoelectric	39
photoelectron	31
photoengraver	26
photoengraving	13
photofinisher	17
photofinishing	44
photogenic	62
photograph	3
photographable	55
photographer	6
photographic	52
photographical	35
photographically	60
photography	23
photojournalism	60
photojournalist	22
photolithography	38
photomap	12
photometer	27
photomontage	10
photon	40
photonegative	34
photoreceptive	50
photoreceptor	32
photosensitive	58
photosensitivity	67
photosensitization	52
photosensitize	66
photoshop	27
photosynthesis	41
photosynthesize	57
photosynthetic	66
phototherapy	44
phototube	4
phrase	54
phrasebook	17
phrasemaker	48
phrasemaking	56
phraseology	83
phrasing	77
physic	60
physical	42
physicality	63
physically	63
physician	9
physicist	19
physics	48
physiologic	70
physiological	77
physiologically	70
physiologist	19
physiology	57
physiotherapist	27
physiotherapy	60
physique	34
phytoplankton	26
pi	44
pianist	8
piano	2
piazza	38
piccolo	7
pick	30
pickax	7
pickaxe	2
picked	59
picker	29
picket	25
picketer	16
pickings	45
pickle	9
pickled	27
pickpocket	24
pickup	19
picky	72
picnic	4
picnicker	17
pictogram	14
pictograph	15
pictographically	61
pictography	47
pictorial	36
pictorially	66
picture	12
pictured	54
pictures	7
picturesque	56
pie	2
piece	22
piecemeal	53
piecework	48
pieceworker	23
piecing	61
piecrust	4
pier	9
pierce	32
pierced	25
piercer	38
piercing	21
piercingly	67
piety	86
pig	0
pigeon	7
pigeonhole	50
piggish	53
piggy	9
piggyback	34
piggybank	4
pigheaded	73
pigheadedly	74
pigheadedness	67
piglet	2
pigment	15
pigmentation	34
pigpen	16
pigskin	12
pigsty	27
pigtail	8
pigtailed	11
pike	19
pilaf	20
pilates	20
pile	11
piled	39
piles	20
pileup	14
pilfer	45
pilferer	43
pilfering	62
pilgrim	14
pilgrimage	71
piling	33
pill	7
pillage	44
pillager	36
pillar	6
pillbox	1
pillow	0
pillowcase	2
pillowing	63
pilot	8
pilothouse	16
piloting	47
pilotless	53
pimento	9
pimp	21
pimping	71
pimple	6
pimpled	18
pin	2
pinball	13
pincer	25
pincers	20
pinch	25
pinched	39
pincher	23
pinching	22
pincushion	8
pine	16
pineapple	1
pinecone	4
pined	62
pinewood	6
pinewoods	4
piney	54
ping	46
pinhead	31
pinheaded	70
pinhole	6
pining	70
pink	27
pinkeye	7
pinkie	15
pinkish	48
pinkness	36
pinky	21
pinnacle	58
pinned	37
pinning	44
pinpoint	62
pinprick	24
pinstripe	10
pint	14
pintsize	33
pinup	25
pinwheel	8
pioneer	24
pious	86
piously	82
pipe	3
piped	49
pipedream	69
pipeline	8
pipette	28
piping	15
pipsqueak	55
piracy	55
piranha	6
pirate	9
piss	7
pissed	66
pisser	37
pistachio	2
pistol	3
piston	5
pit	8
pita	18
pitbull	0
pitch	25
pitcher	2
pitchfork	0
pitching	30
pitchman	28
pitchy	46
piteous	84
pitfall	54
pithily	74
pitiable	82
pitiful	84
pitifully	78
pitiless	75
pitilessly	90
pitted	39
pitting	31
pituitary	42
pity	78
pitying	80
pityingly	72
pivot	32
pivotal	75
pixel	27
pixie	28
pixilated	31
pixilation	48
pizza	0
pizzazz	80
pizzeria	11
placard	14
placate	70
place	38
placebo	46
placeholder	34
placeless	88
placemat	3
placement	48
placenta	5
placid	75
placidly	72
placidness	68
plagiarism	60
plagiarist	41
plagiaristic	74
plagiarize	49
plagiarizer	57
plague	40
plagued	56
plaid	19
plain	68
plainclothes	27
plainclothesman	23
plainer	60
plainly	67
plainness	64
plainswoman	21
plaintiff	28
plaintive	77
plaintively	84
plan	40
plane	2
planet	10
planetarium	11
planetary	53
plank	0
planking	13
plankton	8
planner	35
plant	6
plantain	15
plantation	12
planter	10
planting	34
plantlike	42
plaque	7
plasma	21
plaster	10
plasterboard	4
plasterer	18
plastering	13
plasterwork	19
plastic	5
plastically	64
plasticity	64
plastics	10
plate	6
plateau	17
plated	29
plateful	34
platelet	20
platform	13
plating	31
platinum	14
platonic	83
platonically	77
platoon	13
platter	2
platypus	4
plausibility	89
plausible	81
plausibly	82
play	44
playability	76
playable	61
playact	49
playback	39
playbill	26
playbook	16
playboy	41
player	21
playfield	10
playful	59
playfully	66
playfulness	73
playgirl	44
playground	6
playgroup	31
playhouse	7
playlist	25
playmaker	35
playmaking	57
playmate	30
playoff	38
playoffs	46
playpen	6
playroom	7
playschool	38
playset	7
playstation	3
playsuit	26
plaything	33
playtime	37
playwright	36
playwriting	42
plaza	14
plea	65
plead	60
pleader	35
pleading	60
pleadingly	83
pleasant	86
pleasantly	74
pleasantness	75
pleasantry	61
please	84
pleased	66
pleaser	66
pleasing	61
pleasingly	71
pleasurable	62
pleasurably	65
pleasure	74
pleasuring	77
pleat	9
pleated	17
pledge	60
plentiful	72
plentifully	66
plenty	65
plethora	66
plexiglas	5
plexiglass	15
pliability	56
pliable	36
pliancy	78
pliant	71
pliers	2
plight	74
plod	45
plodding	59
plop	38
plot	46
plotline	62
plotted	65
plotter	40
plotting	65
plough	28
plow	14
plower	24
plowing	17
plowman	19
ploy	70
pluck	25
plucked	37
plucker	38
pluckiness	69
plug	9
pluggable	43
plugged	35
plugging	45
plum	4
plumage	27
plumb	33
plumber	9
plumbing	19
plume	25
plumed	36
plummet	47
plummeted	42
plump	25
plumper	55
plumping	47
plumpish	61
plumpness	50
plumps	48
plunder	47
plunderer	50
plundering	49
plunge	49
plunger	1
plunging	42
plural	60
pluralism	80
pluralistic	68
plurality	62
pluralization	75
pluralize	76
plus	50
plush	51
plushy	43
plutonium	18
ply	42
plywood	4
pneumatic	55
pneumatically	74
pneumonia	29
pneumonic	62
poach	40
poacher	25
pocket	8
pocketbook	0
pocketed	40
pocketful	27
pocketing	42
pocketknife	2
pockmark	16
pod	9
podcast	41
podiatrist	9
podiatry	53
podium	3
poem	24
poet	16
poetess	31
poetic	78
poetical	82
poetically	72
poeticize	74
poetics	62
poetry	38
pogo	26
poignancy	84
poignant	84
poignantly	77
poinsettia	2
point	40
pointed	36
pointedly	70
pointer	22
pointing	23
pointless	77
pointlessly	90
pointlessness	88
pointy	26
poise	65
poised	70
poison	18
poisoner	32
poisoning	40
poisonous	56
poisonously	64
poke	20
poked	30
poker	20
pokiness	57
poking	29
polar	45
polarity	70
polarization	61
polarize	49
polaroid	7
pole	8
police	5
policed	48
policeman	2
policewoman	3
policy	56
policyholder	40
policymaker	38
polio	35
poliovirus	42
polish	19
polished	35
polisher	20
polite	79
politely	75
politeness	80
politic	58
political	79
politically	78
politician	17
politicize	79
politics	58
polka	38
poll	42
polled	66
pollen	3
pollinate	25
pollination	32
pollinator	33
polling	62
polltaker	20
pollutant	28
pollute	56
polluted	42
polluter	35
polluting	35
pollution	31
pollywog	18
polo	14
poltergeist	52
polycarbonate	39
polychromatic	46
polyester	22
polyethylene	23
polygamist	30
polygamous	72
polygamy	54
polygon	22
polygonal	39
polygraph	24
polymer	18
polymorphic	64
polymorphism	64
polymorphous	67
polyp	24
polystyrene	21
polysyllable	63
polytechnics	31
polytheism	78
polytheist	71
polytheistic	75
polyvinyl	31
pomegranate	3
pomp	64
pompadour	20
pompom	8
pompous	76
pompously	80
pompousness	77
poncho	1
pond	2
ponder	69
ponderable	88
pondering	80
ponderingly	73
ponderous	77
ponderously	87
pondweed	17
pontoon	10
pony	2
ponytail	6
poo	10
pooch	17
poodle	3
poof	70
pool	6
poolroom	16
poolside	14
pooltable	1
poop	4
pooped	48
pooper	26
poor	57
poorhouse	43
poorly	75
poorness	67
pop	20
popcorn	0
pope	7
popgun	9
poplar	31
popover	44
popper	38
poppy	8
popsicle	2
populace	55
popular	71
popularity	66
popularization	80
popularize	70
popularizer	72
popularly	75
populate	58
population	34
populism	80
populous	56
porcelain	9
porch	2
porcupine	0
pore	15
pored	50
pork	5
porker	42
porkpie	21
porky	48
porn	19
porno	37
pornographer	21
pornographic	57
pornographically	62
pornography	22
pornstar	20
porous	31
porously	56
porridge	3
port	15
portabella	15
portability	69
portable	60
portably	64
portal	34
ported	62
porter	21
portfolio	25
porthole	17
portion	31
portliness	43
portly	61
portrait	2
portray	70
portrayal	69
portrayer	51
portside	23
pose	42
poser	35
posh	65
posing	41
position	60
positional	78
positioned	64
positioning	66
positive	64
positively	82
positivism	88
positivity	78
posse	28
possess	60
possessed	61
possessing	73
possession	51
possessive	66
possessively	73
possessiveness	82
possessor	45
possibility	92
possible	86
possibly	82
possum	7
post	18
postage	16
postal	48
postbag	16
postbox	12
postcard	2
postclassical	79
postcode	26
postcolonial	71
postdate	61
postdoctoral	68
posted	38
postelection	52
poster	8
posterior	38
posteriors	27
posterity	72
postgraduate	51
posthaste	55
posthumous	60
posthumously	70
postimpressionist	66
posting	50
postman	6
postmark	17
postmaster	10
postmenstrual	49
postmodern	73
postmodernism	72
postmodernist	70
postmortem	32
postnasal	43
postnatal	48
postnuptial	57
postoperative	68
postpaid	46
postpartum	55
postpone	68
postponement	49
postponer	69
postscript	21
postseason	50
postsurgical	61
posttraumatic	76
postulate	84
postural	70
posture	40
postwar	52
posy	22
pot	5
potassium	19
potato	4
potbellied	33
potbelly	13
potboiler	21
potency	67
potent	66
potential	77
potentiality	90
potentially	84
potentiate	73
potently	65
pothead	28
potholder	11
pothole	5
pothook	23
potion	16
potluck	28
potpie	4
potpourri	10
potshot	55
potted	32
potter	22
pottery	7
potting	31
potty	22
pouch	12
pouched	48
poultry	7
pounce	34
pounced	34
pouncing	33
pound	10
poundage	60
pounder	50
pounding	36
pour	22
pourer	23
pouring	30
pout	44
pouting	55
poverty	62
powder	6
powdered	28
powdering	28
powderpuff	16
powdery	36
power	74
powerboat	6
powered	48
powerful	71
powerfully	56
powerfulness	70
powerhouse	55
powerless	72
powerlessly	80
powerlessness	80
powerpoint	31
powers	81
powertrain	22
powwow	23
pox	31
practicability	83
practicable	77
practicably	87
practical	72
practicality	82
practically	84
practice	62
practiced	72
practitioner	28
pragmatic	79
pragmatics	80
pragmatism	84
pragmatist	68
prairie	5
praise	60
praiseful	70
praiseworthy	73
praising	62
prance	29
prancing	36
prank	52
pranker	47
prankish	80
prankster	35
prawn	9
pray	45
prayer	43
prayerful	70
prayerfully	77
praying	37
preach	41
preacher	7
preaching	35
preachy	78
preadolescence	52
preadolescent	49
preamble	51
preamplifier	47
preannouncement	57
preapproval	76
prearrange	63
prearranged	68
prearrangement	69
preassigned	66
precancerous	80
precarious	83
precariously	73
precariousness	67
precaution	70
precautionary	78
precautious	85
precede	65
precedence	72
precedent	84
preceding	58
precertification	77
precession	72
precinct	33
precious	75
preciously	84
preciousness	81
precipitant	51
precipitate	20
precipitated	66
precipitating	55
precipitation	26
precipitator	56
precipitous	70
precise	65
precisely	68
preciseness	63
precision	65
preclinical	66
preclude	84
precocious	66
precociously	82
precociousness	73
precognition	76
precognitive	83
precollege	53
preconceive	86
preconceived	80
preconception	82
precondition	74
preconditioned	76
preconscious	83
preconstruction	54
precook	34
precursor	72
precut	43
predate	62
predator	34
predatorily	78
predatory	60
predawn	39
predecessor	47
predefine	78
predetermination	84
predetermine	66
predetermined	86
predicament	80
predicate	82
predication	72
predicatively	81
predict	75
predictability	77
predictable	84
predictably	78
prediction	66
predictive	84
predictor	55
predigest	64
predisposal	71
predispose	76
predisposed	87
predisposition	78
predominance	86
predominant	67
predominantly	70
predominate	71
predominately	76
preeminence	76
preeminent	90
preemptive	66
preen	52
preexisting	83
prefabricate	56
prefabricated	56
prefabrication	66
prefabricator	50
preface	57
prefect	51
prefer	84
preferable	86
preferably	73
preference	74
preferential	78
preferentially	93
preferred	68
prefix	42
prefixed	66
preflight	67
preformed	53
prefrontal	57
pregame	57
pregnable	60
pregnancy	17
pregnant	10
preheat	47
preheated	45
prehistoric	72
prehistorical	59
prehistorically	71
prehistory	70
preholiday	66
preindustrial	68
preinstall	62
prejudge	75
prejudgment	82
prejudice	70
prejudiced	74
prejudicial	73
prejudicially	82
prekindergarten	53
prelaunch	70
prelaw	73
preliminarily	82
preliminary	79
prelude	67
premarital	78
premature	57
prematurely	86
prematurity	70
premed	43
premedical	72
premeditate	76
premeditatedly	75
premeditation	68
premeditative	80
premenstrual	66
premier	73
premiere	51
premise	69
premises	45
premium	72
premonition	78
prenatal	53
prenuptial	59
preoccupant	66
preoccupation	74
preoccupied	68
preoccupy	80
preopening	65
preoperative	71
preoperatively	71
preordain	73
preorder	60
preordination	78
prep	66
prepackaged	34
prepaid	70
preparation	70
preparative	74
preparatory	75
prepare	66
prepared	73
preparedly	83
preparedness	79
preparer	37
prepay	49
prepayment	52
preplan	76
preposition	67
prepositional	71
prepossess	75
prepossessed	70
prepossession	86
preposterous	90
preposterously	85
preposterousness	76
preppy	72
preproduction	61
preprogrammed	71
prepubescent	42
prepublication	67
prequalification	78
prequalify	81
prequel	59
prerecord	67
prerecorded	60
preregister	58
preregistration	71
prerelease	54
prerequisite	64
prerevolutionary	72
prerogative	79
preschool	16
preschooler	17
prescribe	55
prescriber	34
prescription	25
prescriptive	67
prescriptively	71
preseason	61
preselect	72
presence	57
present	40
presentable	66
presentably	82
presentation	47
presentational	58
presenter	26
presently	69
preservation	66
preservationist	48
preservative	49
preserve	61
preserver	54
preset	66
preshow	44
preshrunk	48
preside	80
presidency	38
president	15
presidential	67
presidentially	73
presoak	36
press	28
pressboard	14
pressing	56
pressingly	90
pressman	30
pressroom	4
pressure	48
pressurization	56
pressurize	51
pressurizer	43
prestige	85
prestigious	72
prestigiously	83
presumable	90
presumably	74
presume	80
presuming	90
presumption	79
presumptive	85
presumptively	79
presumptuous	84
presumptuously	80
presumptuousness	86
presuppose	80
pretax	63
preteen	40
pretence	83
pretend	72
pretended	84
pretender	63
pretense	81
pretension	80
pretentious	76
pretentiously	90
pretentiousness	78
pretext	68
pretreatment	55
pretrial	51
prettify	49
prettily	62
prettiness	45
pretty	65
pretzel	6
prevail	89
prevailing	79
prevailingly	79
prevalence	80
prevalent	79
prevalently	90
prevent	66
preventability	78
preventable	78
preventative	77
preventer	73
prevention	70
preventive	77
preventively	72
preview	45
previous	62
previously	84
prewar	74
prewash	42
prewashed	41
prey	35
price	34
priced	53
priceless	80
pricelist	19
pricey	69
prick	27
pricked	47
pricking	23
prickled	38
prickliness	48
prickling	40
prickly	28
pricks	26
pride	84
prideful	80
pried	43
priest	6
priestess	29
priesthood	50
priestly	63
prim	80
primacy	85
primal	71
primarily	78
primary	68
primate	12
primates	12
primavera	44
prime	63
primer	30
primetime	59
primeval	67
priming	59
primitive	67
primitively	78
primordial	75
primp	51
primrose	23
prince	14
princedom	67
princely	72
princess	7
principal	38
principality	63
principally	82
principle	82
principled	75
principles	90
print	21
printability	67
printable	55
printed	24
printer	8
printing	20
printout	12
prior	64
prioritize	67
priority	81
prism	13
prison	8
prisoner	22
prisonlike	56
prissiness	70
prissy	74
pristine	66
privacy	88
private	57
privateer	37
privately	75
privates	31
privatization	84
privatize	74
privilege	77
privileged	71
privy	66
prize	14
prized	70
prizefight	26
prizefighter	21
prizewinning	46
pro	58
proactive	77
probability	84
probable	88
probably	82
probate	64
probation	63
probationary	78
probe	34
prober	46
probing	62
probiotic	50
problem	58
problematic	72
problematical	76
problematically	76
procedural	68
procedure	58
proceed	61
proceeding	64
proceedings	53
proceeds	60
process	52
processing	74
procession	45
processional	43
processor	25
proclaim	66
proclaimer	61
proclaiming	70
proclamation	44
procommunist	76
procrastinate	69
procrastinating	73
procrastination	76
procrastinator	55
procreate	52
procreation	57
procreative	62
procreator	60
proctologist	21
proctology	43
proctor	32
procurable	69
procure	69
procurement	66
procurer	38
prod	31
prodigal	84
prodigiously	87
prodigy	49
produce	42
produced	58
producer	50
product	21
production	60
productive	59
productively	79
productiveness	72
productivity	67
profane	81
profanely	77
profaneness	79
profanity	49
profess	66
professed	78
professedly	80
profession	54
professional	72
professionalism	77
professionalization	81
professionalize	84
professionally	74
professor	3
professorship	45
proficiency	76
proficient	80
proficiently	74
profile	48
profiler	54
profit	48
profitability	78
profitable	66
profitableness	81
profitably	75
profiteer	51
profiteering	71
profiting	65
profitless	78
profound	86
profoundly	82
profoundness	89
profusely	83
profuseness	75
progeny	52
prognosis	71
program	39
programmer	29
programming	51
progress	72
progression	71
progressive	88
progressively	82
progressiveness	85
progressivism	82
progressivity	74
prohibit	77
prohibition	62
prohibitionist	49
prohibitive	74
prohibitively	77
prohibitor	55
prohibitory	82
project	34
projectable	67
projectile	16
projecting	70
projection	46
projectionist	30
projector	9
prolapsed	65
proliferate	65
proliferation	77
prolific	64
prolifically	75
prologue	50
prolong	74
prolongation	78
prolonged	64
prom	32
promenade	28
prominence	75
prominent	78
prominently	74
promiscuity	71
promiscuous	78
promiscuously	72
promiscuousness	73
promise	73
promising	78
promisingly	84
promo	50
promotable	83
promote	68
promoter	29
promotion	45
promotional	65
prompt	69
prompter	25
promptly	73
promptness	77
prone	55
proneness	78
prong	7
pronged	31
pronoun	63
pronounce	59
pronounceable	61
pronounced	68
pronouncedly	82
pronouncement	71
pronouncer	66
pronto	70
pronunciation	62
proof	58
proofing	58
proofread	40
proofreader	30
proofreading	37
proofs	47
prop	14
propaganda	63
propagandist	52
propagandistic	80
propagandize	80
propagate	66
propagation	73
propagator	36
propane	10
propel	51
propellant	20
propeller	2
propensity	78
proper	80
properly	77
properness	87
propertied	61
property	28
prophecy	77
prophesy	72
prophet	31
prophetic	83
prophetical	93
prophetically	80
prophylactic	37
proponent	48
proportion	61
proportional	67
proportionality	55
proportionally	70
proportionate	62
proportionately	72
proportioned	62
proposal	56
propose	70
proposer	61
proposition	71
propositional	80
propositionally	78
proprietary	66
proprietor	19
proprietorship	62
proprietress	32
propriety	70
props	19
propulsion	60
propulsive	70
prorate	67
prosecutable	76
prosecute	64
prosecution	77
prosecutor	19
prosecutorial	78
proslavery	79
prospect	65
prospective	77
prospectively	73
prospector	36
prospectus	59
prosper	68
prosperity	84
prosperous	63
prosperously	70
prosperousness	85
prostate	20
prosthesis	20
prosthetic	15
prosthetics	15
prostitute	18
prostitution	46
prostrate	36
protagonist	60
protect	54
protecting	74
protection	62
protectionism	82
protectionist	67
protective	62
protectively	70
protectiveness	70
protector	34
protege	49
protegee	45
protein	34
protest	45
protestant	40
protester	26
protestor	18
protocol	76
proton	50
prototype	33
prototypic	68
prototypical	70
protozoan	34
protract	73
protracted	77
protractor	25
protrude	42
protrusion	28
proud	73
proudly	78
provable	73
prove	79
proved	62
proven	72
proverb	68
proverbial	71
proverbially	80
provide	57
provided	67
providence	62
providential	76
providentially	91
provider	31
providing	63
province	48
provincial	80
provincially	82
proving	81
provision	59
provisional	73
provisionally	88
provocateur	54
provocation	70
provocative	78
provocatively	76
provoke	65
provoker	56
provoking	82
provokingly	80
provolone	7
prowess	74
prowl	49
prowler	19
prowling	52
proximal	64
proximally	71
proximate	78
proximately	65
proximity	52
proxy	73
prozac	7
prude	65
prudence	86
prudent	81
prudential	84
prudently	91
prudery	77
prudish	82
prudishly	80
prudishness	87
prune	7
pruner	26
pruning	45
pry	50
prying	46
psalm	31
pseudo	78
pseudonym	55
pseudonymous	78
pseudoscience	70
psoriasis	29
psych	74
psyche	92
psychedelic	51
psychiatric	60
psychiatrically	88
psychiatrist	17
psychiatry	60
psychic	66
psychically	76
psychics	47
psycho	40
psychoactive	63
psychoanalysis	69
psychoanalyst	29
psychoanalytic	75
psychoanalytical	90
psychoanalyze	82
psychobabble	74
psychobiological	71
psychobiology	79
psychodrama	72
psychodynamic	89
psychodynamics	69
psychogenesis	63
psychogenetic	67
psychokinesis	71
psychokinetic	58
psychological	70
psychologically	82
psychologist	17
psychology	67
psychometrics	67
psychoneurotic	78
psychopath	38
psychopathic	62
psychopathological	92
psychopathologist	38
psychopathology	64
psychopathy	76
psychophysiology	79
psychoses	66
psychosexual	78
psychosis	67
psychosocial	80
psychosomatic	68
psychosomatics	77
psychotherapeutic	74
psychotherapist	21
psychotherapy	66
psychotic	65
pterodactyl	20
pub	7
puberty	38
pubescence	64
pubescent	62
pubic	23
public	61
publication	15
publicist	22
publicity	56
publicize	70
publicly	66
publish	44
publishable	78
publisher	19
publishing	54
puck	12
pucker	22
puckish	69
puckishly	68
pudding	2
puddle	8
pudginess	48
pudgy	32
pueblo	19
puff	38
puffball	16
puffed	37
puffer	33
puffin	16
puffiness	38
puffing	43
puffy	17
pug	9
puke	10
pull	26
pullback	54
pulley	6
pullout	43
pullover	17
pulmonary	61
pulp	18
pulpiness	38
pulpit	22
pulpwood	23
pulpy	36
pulsate	39
pulsation	45
pulse	20
pulverization	44
pulverize	49
pulverizer	46
puma	3
pumice	29
pumiced	47
pummel	36
pump	17
pumpernickel	6
pumpkin	2
pun	68
punch	15
punchboard	6
punchbowl	4
puncher	31
punching	14
punchingbag	4
punchy	70
punctual	78
punctuality	62
punctually	78
punctuate	50
punctuation	31
puncture	29
punctured	19
pundit	56
pungency	56
pungent	52
pungently	57
punish	58
punishable	76
punishably	76
punisher	48
punishment	64
punitive	68
punitively	80
punk	48
punt	19
punter	23
puny	60
pup	10
pupil	11
puppet	9
puppeteer	21
puppetry	35
puppy	5
puppyish	63
purchasable	59
purchase	51
purchaser	44
pure	78
pureblood	68
purebred	49
puree	21
purely	83
pureness	83
purer	77
purgatory	62
purge	53
purging	47
purification	67
purifier	36
purify	66
purism	84
purist	66
puritan	46
puritanical	80
purity	82
purple	24
purplish	51
purpose	87
purposeful	78
purposefully	86
purposefulness	81
purposeless	88
purposelessly	85
purposelessness	84
purposely	82
purr	25
purring	30
purse	2
pursed	40
pursuable	81
pursuant	78
pursue	54
pursuer	28
pursuit	52
purveyor	50
pus	12
push	20
pushback	42
pushbutton	20
pushcart	19
pushchair	14
pusher	38
pushiness	63
pushing	32
pushover	57
pushpin	12
pushup	10
pushy	63
puss	20
pussy	14
pussycat	5
pussyfoot	72
pussyfooted	64
pussyfooter	71
pussyfooting	68
put	62
putdown	74
putrefy	57
putrid	38
putridity	64
putt	28
putter	40
putty	13
puttylike	39
puzzle	6
puzzled	74
puzzlement	75
puzzler	54
puzzling	67
puzzlingly	72
pygmy	18
pyramid	1
pyramidal	49
pyromania	66
pyromaniac	47
pyrotechnic	26
pyrotechnical	53
pyrotechnically	65
pyrotechnics	25
python	1
quack	27
quackery	78
quad	23
quadrangular	46
quadrant	37
quadratics	67
quadriceps	16
quadrilateral	38
quadrillion	66
quadriplegic	22
quadruple	45
quadruplet	16
quadruplicate	47
quail	9
quaint	80
quaintly	84
quaintness	85
quake	34
quakeproof	60
quaking	44
qualifiable	81
qualification	75
qualifications	72
qualified	75
qualifiedly	80
qualifier	67
qualify	77
qualitative	74
qualitatively	90
quality	70
qualm	75
quandary	81
quantifiable	63
quantifiably	90
quantification	64
quantifier	59
quantify	81
quantitative	77
quantitatively	76
quantity	51
quantum	78
quarantine	40
quarantining	60
quark	55
quarrel	42
quarreled	61
quarreler	45
quarreling	43
quarrelsome	70
quarry	16
quarrying	49
quarryman	12
quart	11
quarter	14
quarterback	10
quartered	30
quarterfinal	49
quartering	48
quarterly	68
quartermaster	24
quarters	11
quarterstaff	32
quartet	15
quartette	28
quartz	7
quartzite	19
quasi	82
queasily	78
queasiness	63
queasy	50
queen	14
queenly	83
queer	74
queerer	76
queerly	78
queerness	72
quench	64
quenchable	68
quencher	70
query	53
querying	74
quesadilla	2
quest	53
questing	73
question	41
questionability	78
questionable	80
questionably	70
questioner	34
questioningly	76
questionnaire	19
queue	54
quibble	68
quiche	12
quick	53
quicken	64
quickie	58
quickly	66
quickness	62
quicksand	6
quickstep	36
quiet	56
quieter	80
quieting	62
quietly	50
quietness	56
quill	0
quilt	0
quilted	19
quilter	12
quilting	12
quintessential	86
quintessentially	84
quintet	21
quintuple	30
quintuplet	16
quip	44
quirk	69
quirkiness	80
quirky	72
quit	61
quite	82
quits	71
quitter	62
quiver	29
quivered	51
quivering	38
quiz	14
quizmaster	36
quizzer	41
quizzical	72
quizzically	66
quota	53
quotable	78
quotably	76
quotation	43
quote	42
quotient	57
rabbi	9
rabbit	2
rabid	52
rabidly	70
rabies	29
raccoon	8
race	35
racecar	1
racehorse	4
racer	29
racetrack	3
raceway	4
racial	67
racialism	76
racially	71
raciness	71
racing	25
racism	66
racist	55
rack	13
racket	19
racketeer	43
racketeering	64
racketing	58
racking	38
racoon	2
racquetball	8
racy	77
radar	11
radial	52
radiance	70
radiant	64
radiantly	56
radiate	52
radiated	45
radiation	39
radiator	5
radical	72
radicalism	86
radicalize	72
radically	84
radio	6
radioactive	46
radioactively	66
radioactivity	39
radiobiology	56
radiobroadcast	14
radiocarbon	40
radiocast	38
radiochemistry	38
radiographer	14
radiography	29
radiolocation	64
radiological	68
radiologist	12
radiology	54
radiometer	14
radiometric	64
radiophone	5
radioscopic	50
radiotelegraph	22
radiotherapist	12
radiotherapy	49
radish	3
radium	21
radius	35
radon	27
raffle	28
raft	0
rafter	1
rafting	20
rag	8
ragamuffin	50
rage	47
ragged	48
raggedly	61
raggedy	57
ragging	77
raging	48
ragingly	73
ragtag	57
ragtime	49
ragweed	14
raid	53
raider	43
rail	2
railcar	10
railing	5
railroad	0
railroader	31
railroading	70
railroadtracks	3
railway	9
rain	1
rainbow	11
raincoat	0
raindrop	3
rainfall	2
rainforest	9
rainless	54
rainmaker	44
rainproof	30
rainspout	14
rainstorm	3
rainwater	9
rainwear	8
rainy	17
raise	30
raised	54
raisin	1
raising	50
rake	4
raking	43
rally	42
ram	11
ramadan	55
ramble	62
rambler	49
rambling	57
ramblingly	62
rambunctious	66
ramification	72
ramp	8
rampage	46
rampant	69
rampantly	82
ramping	58
ramrod	29
ramshackle	58
ran	30
ranch	7
rancher	4
ranchero	33
ranching	43
ranchland	14
ranchman	12
rancid	51
rancidity	49
rancidness	63
random	75
randomization	88
randomize	76
randomly	78
randomness	84
randy	63
rang	36
range	44
ranged	66
ranger	20
ranging	64
rank	54
ranked	52
ranking	64
rankness	66
ransack	51
ransom	42
rant	48
ranting	41
rants	57
rap	36
rape	35
rapid	48
rapidity	64
rapidly	62
rapidness	66
raping	44
rapist	17
rapper	16
rapping	40
rapport	79
raptly	80
raptor	25
rapture	76
rapturous	82
rapunzel	27
rare	76
rarely	84
rareness	76
rarity	69
rascal	60
rascally	81
rash	9
rashly	72
rashness	66
rasp	46
raspberry	2
rasping	45
raspy	49
rat	4
ratchet	9
rate	62
rated	66
rather	88
ratification	66
ratify	63
rating	68
ratio	61
ration	39
rational	84
rationale	72
rationalism	81
rationalist	87
rationalistic	84
rationalistically	82
rationality	84
rationalization	67
rationalize	87
rationally	85
rationing	62
rattail	9
rattle	23
rattlebrained	73
rattled	42
rattler	12
rattles	22
rattlesnake	0
rattling	34
rattrap	18
ratty	39
raucous	65
raunchy	72
ravage	68
ravager	46
rave	38
ravel	56
raven	3
ravenous	79
ravenously	73
ravenousness	66
ravens	5
ravine	10
raving	63
ravioli	3
ravish	59
ravishing	69
ravishingly	82
raw	41
rawhide	16
rawness	66
ray	36
rayon	24
razor	2
razorback	26
razorblade	6
razzle	72
reabsorb	64
reacceptance	83
reach	32
reachable	62
reaching	38
reacquaint	78
reacquainted	83
reacquire	59
reacquisition	70
react	61
reactant	59
reaction	65
reactionary	74
reactivate	63
reactivation	73
reactive	64
reactively	81
reactivity	69
reactor	33
read	36
readability	51
readable	55
readably	75
readdress	71
reader	28
readership	62
readily	78
readiness	84
reading	32
readjust	66
readjustment	74
readmission	62
readout	29
ready	73
readymade	58
reaffirm	71
reaffirmation	88
real	62
realign	61
realignment	65
realism	92
realist	66
realistic	73
realistically	82
reality	82
realizable	75
realization	86
realize	74
realizing	80
reallocate	62
reallocation	66
really	89
realm	51
realness	65
realtor	10
realty	44
ream	39
reanalyze	75
reanimate	68
reanimation	61
reap	46
reaper	36
reappear	45
reappearance	61
reapplication	67
reapply	52
reappoint	78
reappointment	64
reappraisal	78
reappraise	74
reapprove	65
rear	35
rearmost	34
rearrange	44
rearrangement	43
rearwards	61
reason	77
reasonability	90
reasonable	80
reasonableness	77
reasonably	74
reasoned	84
reasoning	90
reasonless	92
reassemble	52
reassembly	48
reassert	83
reassertion	82
reassess	75
reassessment	70
reassign	66
reassignment	78
reassurance	79
reassure	68
reassured	77
reassuring	76
reassuringly	76
reattach	44
reattachment	53
reattempt	64
reattribute	81
reauthorization	63
reauthorize	68
reawake	62
reawaken	74
reawakening	68
rebalance	55
rebate	45
rebel	48
rebellion	52
rebellious	68
rebelliously	76
rebelliousness	74
rebilling	70
rebind	45
rebirth	70
reboot	44
reborn	72
rebottle	42
rebound	58
rebounder	47
rebrand	76
rebroadcast	48
rebuff	71
rebuild	38
rebuilder	30
rebuilt	36
rebuke	73
reburial	44
rebut	68
rebuttable	80
rebuttal	52
recalcitrance	81
recalculate	52
recalculation	66
recalibrate	62
recalibration	64
recall	72
recallable	81
recant	74
recantation	67
recap	63
recapitalization	76
recapitalize	72
recapture	48
recast	50
recasting	69
recede	49
receipt	3
receipts	12
receivable	66
receivables	50
receive	58
received	58
receiver	34
recent	62
recently	78
recentness	82
recentralization	77
recentralize	79
receptacle	10
reception	52
receptionist	16
receptive	70
receptively	75
receptiveness	86
receptivity	80
receptor	24
recertification	66
recertify	67
recess	48
recession	64
recessionary	75
recessive	74
recessively	80
recharge	46
rechargeable	49
recharger	25
recheck	73
recipe	14
recipient	29
reciprocal	64
reciprocally	75
reciprocate	71
reciprocation	66
reciprocator	60
reciprocity	66
recirculation	53
recital	29
recitalist	34
recitation	48
recite	27
reckless	66
recklessly	66
recklessness	72
reckon	82
reckonable	83
reckoning	78
reclaim	81
reclaimable	72
reclamation	68
reclassification	70
reclassify	74
recline	27
recliner	8
reclining	25
reclose	58
recluse	43
reclusive	70
reclusiveness	82
recoat	46
recode	61
recognition	65
recognizability	66
recognizable	71
recognizably	82
recognize	73
recoil	36
recollect	78
recollected	70
recollection	73
recolor	50
recombination	72
recombine	56
recommencement	68
recommend	82
recommendable	75
recommendation	53
recommendatory	82
recommender	60
recommit	77
recommitment	77
recompilation	64
recompile	52
recompletion	75
recompose	61
recompress	56
recompression	72
reconcilability	80
reconcilable	88
reconcile	80
reconcilement	75
reconciler	52
reconciliation	70
reconciliatory	77
reconciling	83
recondition	60
reconfiguration	72
reconfigure	52
reconfirm	77
reconfirmation	82
reconnaissance	74
reconnect	63
reconnection	68
reconsider	76
reconsideration	85
reconsolidate	81
reconsolidation	72
reconstitute	54
reconstruct	45
reconstructed	54
reconstruction	46
reconstructive	66
reconvene	57
reconvert	67
reconvict	62
recopy	42
record	21
recordable	39
recorder	14
recording	33
recordplayer	6
recount	68
recoup	70
recoupment	73
recourse	75
recover	59
recoverability	82
recoverable	61
recovery	58
recreate	65
recreation	55
recreational	54
recreationist	51
recruit	38
recruiter	25
recruiting	56
recruitment	63
rectal	41
rectally	47
rectangle	6
rectangular	22
rectangularity	50
rectifiable	78
rectification	75
rectified	78
rectifier	61
rectify	73
rectum	2
recumbently	75
recuperate	57
recuperation	51
recuperative	71
recur	62
recurrence	75
recurrent	77
recurrently	75
recurring	65
recursive	68
recyclable	49
recycle	51
recycled	28
recycler	42
recycling	44
red	19
redact	60
redbird	8
redbrick	11
redcoat	23
redden	40
reddening	42
reddish	40
reddishness	44
redecorate	36
redecoration	55
rededication	77
redeem	69
redeemable	73
redeemably	78
redeemer	53
redefine	88
redefinition	66
redeliver	46
redelivery	51
redemption	78
redemptive	85
redemptory	84
redeploy	59
redeployment	57
redeposit	43
redesign	54
redevelop	74
redevelopment	72
redeye	31
redfish	5
redhead	5
redheaded	18
redial	51
redirect	78
redirection	69
rediscover	80
rediscovery	77
redistribute	61
redistribution	70
redistributive	75
redistrict	69
redneck	31
redness	22
redo	55
redouble	68
redraw	36
redress	59
redshirt	22
redskin	29
reduce	75
reduced	70
reducing	62
reduction	56
reductionism	87
reductionist	71
reductive	79
reductively	78
redundancy	65
redundant	75
redundantly	78
reduplicate	68
redwood	1
reed	7
reeducation	74
reef	7
reefer	12
reek	50
reel	22
reelect	65
reelection	62
reeled	49
reemerge	61
reemphasize	82
reenact	51
reenactment	48
reengage	72
reenlist	56
reenlistment	69
reenter	58
reentry	46
reestablish	62
reevaluate	72
reevaluation	73
reexamination	62
reexamine	52
ref	27
refashion	54
refer	65
referable	80
referee	14
refereeing	45
reference	66
referendum	51
referential	81
referentially	76
referral	64
referrer	48
refill	40
refillable	40
refinance	62
refine	64
refined	74
refinement	74
refiner	51
refinery	10
refining	68
refinish	45
refit	57
reflect	55
reflected	55
reflecting	66
reflection	43
reflective	51
reflectively	65
reflectivity	62
reflector	18
reflex	48
reflexive	72
reflexively	53
reflexology	57
refloat	66
reflux	55
refocus	66
refold	22
reforest	59
reforestation	44
reform	75
reformat	61
reformation	73
reformative	74
reformatory	35
reformed	78
reformer	77
reformism	83
reformist	60
reformulate	77
reformulation	77
refract	54
refracted	60
refracting	46
refraction	54
refractive	70
refractory	58
refrain	60
reframe	51
refreeze	49
refresh	59
refresher	62
refreshing	65
refreshingly	76
refreshment	40
refried	41
refrigerant	27
refrigerate	33
refrigerating	41
refrigeration	27
refrigerator	0
refuel	37
refueling	33
refuge	41
refugee	26
refund	40
refundable	67
refurbish	56
refurbishment	66
refurnish	55
refusal	55
refuse	49
refusing	68
refutability	78
refutable	78
refutation	74
refute	70
regain	80
regal	70
regale	68
regalia	31
regally	76
regard	80
regarding	81
regardless	87
regards	74
regency	72
regenerate	59
regeneration	52
regenerative	56
regenerator	43
reggae	40
regime	54
regimen	56
regiment	25
regimental	64
regimentation	78
regimented	70
region	45
regional	56
regionalism	74
regionalist	51
regionalization	68
regionalize	75
regionally	72
register	28
registered	58
registrant	51
registrar	34
registration	33
registry	38
regress	71
regression	77
regressive	79
regressively	88
regret	80
regretful	73
regretfully	82
regretless	82
regrettable	80
regrettably	78
regroup	65
regular	65
regularity	76
regularization	82
regularly	80
regulate	74
regulated	72
regulation	75
regulative	77
regulator	39
regulatory	76
regurgitate	37
regurgitation	40
rehab	40
rehabilitate	81
rehabilitation	80
rehabilitative	59
rehash	71
rehearing	65
rehearsal	45
rehearse	42
reheat	53
rehire	61
rehydrate	36
rehydration	54
reign	66
reigning	72
reignite	54
reimbursable	77
reimburse	59
reimbursement	54
reincarnate	74
reincarnation	84
reincorporate	75
reindeer	7
reinforce	67
reinforcement	54
reinitialize	78
reinitiate	76
reinjure	55
reins	11
reinsert	52
reinsertion	57
reinstall	56
reinstallation	54
reinstate	78
reinstatement	74
reinstitute	70
reinstruct	66
reinstruction	62
reinsurer	48
reintegrate	70
reintegration	79
reinterpret	58
reinterpretation	78
reintroduce	63
reintroduction	74
reinvent	62
reinvention	70
reinvest	64
reinvestigate	62
reinvestigation	64
reinvestment	73
reinvigorate	86
reinvigoration	81
reissue	71
reiterate	63
reiterated	60
reiteration	56
reject	65
rejected	53
rejecter	48
rejection	69
rejoice	71
rejoicing	59
rejoin	62
rejuvenate	74
rejuvenated	72
rejuvenation	72
rejuvenator	67
rekindle	66
relapse	70
relapsing	68
relatable	85
relate	75
related	61
relatedness	74
relation	72
relational	76
relationally	79
relationship	55
relative	51
relatively	89
relativism	81
relativist	58
relativity	82
relax	54
relaxant	54
relaxation	49
relaxed	62
relaxedness	68
relaxer	54
relaxing	60
relay	38
relearn	66
releasable	80
release	44
releaser	43
relent	83
relenting	79
relentless	77
relentlessly	70
relentlessness	72
relevance	86
relevancy	84
relevant	82
relevantly	86
reliability	79
reliable	78
reliably	81
reliance	70
reliant	79
reliantly	77
relic	23
relicense	58
relief	64
relievable	75
relieve	63
relieved	71
reliever	59
relieving	74
relight	50
religion	82
religionist	66
religious	62
religiously	82
religiousness	72
relinquish	49
relinquishment	78
relish	43
relishing	84
relive	72
reload	34
relocate	56
relocation	59
relock	38
reluctance	72
reluctant	81
reluctantly	74
rely	77
remade	60
remain	76
remainder	47
remaining	59
remains	38
remake	52
remanufacture	59
remap	56
remark	44
remarkable	78
remarkableness	86
remarkably	84
remarket	74
remarriage	71
remarry	57
rematch	56
rematerialize	78
remedial	67
remedially	78
remediate	84
remedy	51
remember	65
remembrance	65
rememorize	75
remilitarize	67
remind	70
reminder	65
remindful	82
reminisce	65
reminiscence	73
reminiscences	78
reminiscent	83
reminiscently	88
remission	72
remissive	80
remittable	76
remittance	65
remix	51
remnant	53
remobilization	67
remobilize	75
remodel	40
remodeler	35
remold	44
remorse	75
remorseful	75
remorsefully	74
remorsefulness	78
remorseless	82
remorselessly	84
remorselessness	91
remortgage	68
remote	39
remotely	74
remoteness	76
remount	59
removability	68
removable	63
removal	50
remove	46
removed	53
remover	33
removing	50
renaissance	68
rename	60
rend	60
render	72
renderer	50
rendering	63
rendezvous	56
rendition	64
renegade	51
renegotiable	78
renegotiate	77
renegotiation	72
renegotiations	70
renew	73
renewability	73
renewable	68
renewably	78
renewal	68
renewed	80
renormalize	78
renounce	84
renounceable	85
renouncement	73
renovate	52
renovation	48
renovator	38
renown	83
renowned	90
rent	38
rentability	75
rentable	82
rental	59
rented	57
renter	21
renumber	55
renunciation	69
reoccupation	72
reoccupy	50
reoccur	78
reoccurrence	72
reoccurring	64
reoffer	64
reopen	54
reorder	46
reorganization	67
reorganize	56
reorganizer	56
reorient	66
reorientation	82
rep	53
repack	61
repackage	39
repacking	30
repaint	23
repair	42
repairable	62
repairer	18
repairman	14
reparable	55
reparation	66
repave	44
repay	62
repayable	66
repaying	71
repayment	57
repeal	69
repeat	52
repeatability	66
repeatable	72
repeated	48
repeatedly	63
repeater	45
repel	50
repellant	46
repellence	70
repellent	42
repellently	77
repelling	48
repent	76
repentance	86
repentant	83
repentantly	82
repercussion	66
repercussive	68
repertoire	65
repetition	46
repetitious	57
repetitiously	47
repetitiousness	70
repetitive	56
repetitively	64
repetitiveness	72
rephrase	71
replace	50
replaceable	64
replacement	38
replacer	57
replant	46
replay	49
replenish	70
replenishment	68
replica	29
replicable	66
replicate	42
replicated	64
replication	50
replicator	47
replier	48
reply	51
repo	47
repopulate	69
repopulation	67
report	27
reportable	72
reportedly	82
reporter	9
repose	57
reposition	45
repository	34
repossess	56
repossession	58
repost	52
repower	64
reprehend	73
reprehensible	83
reprehensibly	77
reprehension	83
reprehensive	78
reprehensively	86
represent	72
representation	70
representational	86
representative	40
representatively	86
representativeness	80
repressed	78
repression	84
repressive	84
repressively	86
repressiveness	72
repressor	55
reprimand	59
reprimanding	70
reprint	32
reprisal	71
reprise	66
reproach	82
reproachable	86
reproachful	75
reproachfully	78
reprocess	59
reproduce	38
reproducer	56
reproducibility	62
reproducible	75
reproduction	52
reproductive	59
reproductively	68
reprogram	61
reproof	69
reprove	76
reprovingly	85
reps	34
reptile	13
reptilian	38
republic	55
republican	55
republicanism	78
repudiate	75
repugnance	80
repugnancy	88
repugnant	84
repugnantly	79
repulse	66
repulsion	72
repulsive	72
repulsively	73
repulsiveness	70
repurchase	51
repurpose	70
reputability	82
reputable	78
reputably	72
reputation	84
repute	81
reputed	78
reputedly	86
requalification	77
request	60
requester	35
require	73
requirement	62
requisite	84
requisitely	77
requisition	65
reread	42
rerecord	55
reregister	71
reregulate	70
rerelease	62
reroll	44
reroof	44
reroute	52
rerun	51
resale	68
resample	51
rescale	64
reschedule	60
rescind	61
rescindable	76
rescrub	52
rescue	46
rescuer	27
reseal	34
research	49
researcher	30
reseat	54
reseed	36
reselect	56
reselection	76
resell	68
reseller	23
resemblance	73
resemble	70
resend	64
resent	65
resentful	68
resentfully	67
resentment	80
reservation	46
reserve	68
reserved	74
reservedly	88
reservoir	6
reset	50
resettable	65
resettle	57
resettlement	74
reshape	63
reshaping	58
reshipment	45
reshoot	49
reshuffle	32
reside	45
residence	17
residency	49
resident	24
residential	60
residentially	61
residual	64
residue	31
resift	54
resign	69
resignation	52
resigned	71
resignedly	90
resilience	68
resiliency	73
resilient	70
resin	23
resist	56
resistance	58
resistant	79
resister	41
resistibility	79
resistible	80
resisting	59
resistive	78
resize	55
resolute	83
resolutely	86
resoluteness	83
resolution	66
resolvability	79
resolvable	68
resolve	76
resolved	72
resolvent	68
resolver	60
resonance	69
resonant	75
resonantly	80
resonate	75
resonator	61
resort	18
resound	73
resounding	70
resoundingly	78
resource	61
resourceful	75
resourcefully	82
resourcefulness	86
respect	74
respectability	80
respectable	79
respectably	78
respectful	70
respectfully	89
respectfulness	86
respecting	88
respective	80
respectively	84
respectworthy	74
respiration	28
respirator	11
respiratory	44
respite	81
respond	59
respondent	41
responder	39
response	50
responsibility	90
responsible	83
responsibly	72
responsive	68
responsively	80
responsiveness	75
rest	49
restack	36
restart	52
restate	50
restaurant	3
restful	74
restfully	68
restfulness	68
resting	32
restitution	66
restive	82
restless	64
restlessly	69
restlessness	67
restock	31
restorable	77
restoration	59
restorative	75
restoratively	73
restore	55
restorer	54
restrain	56
restrained	50
restrainer	40
restraining	56
restraint	42
restrict	70
restricted	54
restrictedly	68
restrictedness	79
restriction	69
restrictive	67
restrictively	72
restrictiveness	73
restring	45
restroom	2
restructure	80
restructuring	73
restudy	69
restyle	56
resubmission	60
resubmit	49
result	54
resultant	77
resulting	72
resume	25
resupply	62
resurface	43
resurge	68
resurgence	70
resurgent	74
resurrect	59
resurrection	68
resurvey	64
resuscitate	45
resuscitation	40
resuscitator	32
retail	52
retailer	24
retailing	58
retain	67
retainable	77
retainer	25
retaining	69
retake	61
retaliate	69
retaliation	63
retaliative	79
retaliator	52
retaliatory	80
retard	36
retardant	58
retardation	61
retarded	61
retarding	70
retell	76
retelling	57
retention	67
retentive	76
retentively	76
retentiveness	82
retest	61
retexture	50
rethink	71
rethread	46
reticulate	79
reticule	54
retina	14
retinal	43
retinol	33
retire	47
retired	41
retiree	27
retirement	49
retiring	70
retiringly	85
retold	61
retook	67
retool	55
retort	56
retorted	62
retouch	46
retouching	58
retrace	55
retraceable	64
retract	64
retractable	48
retracted	66
retraction	49
retractor	45
retrain	72
retraining	61
retransfer	66
retransformation	70
retranslate	72
retranslation	66
retransmit	53
retread	54
retreat	49
retreater	54
retreating	71
retrial	56
retribution	75
retributive	84
retrievable	61
retrievably	76
retrieval	47
retrieve	42
retriever	21
retro	70
retroactive	80
retroactively	86
retroactivity	65
retrofit	68
retrograde	71
retrospect	81
retrospection	78
retrospective	82
retrospectively	87
retrovirus	60
retry	66
retune	59
return	51
returnable	71
returned	68
returner	56
retweet	58
retying	56
retype	39
reunification	77
reunify	74
reunion	44
reunite	54
reupholster	39
reusable	66
reuse	29
reutilization	75
revaccination	33
revalidation	81
revaluation	71
revalue	82
revamp	64
reveal	55
revealed	55
revealer	60
revealing	56
revealingly	77
revel	83
revelation	70
revelatory	86
reveler	43
revelry	69
revenge	86
revengeful	69
revengefully	70
revengefulness	82
revenue	47
reverb	58
reverberate	57
reverberating	49
reverberation	58
revere	82
revered	80
reverence	82
reverend	22
reverent	88
reverently	83
reversal	59
reverse	40
reversed	60
reversely	75
reverser	48
reversibility	79
reversible	46
reversibly	69
reversing	52
reversion	78
revert	75
review	55
reviewability	83
reviewable	74
reviewer	33
revisable	56
revisal	79
revise	67
revised	71
revision	56
revisionary	80
revisionism	74
revisionist	74
revisit	61
revisualization	78
revitalization	70
revitalize	68
revivable	82
revival	55
revivalism	88
revivalist	55
revive	47
reviver	42
revivification	87
reviving	58
revocable	76
revoke	54
revolt	49
revolting	61
revoltingly	88
revolution	53
revolutionarily	82
revolutionary	68
revolutionist	46
revolutionize	79
revolve	39
revolver	8
revolving	36
revulsion	74
reward	40
rewarding	74
rewardingly	72
rewash	40
reweave	43
reweigh	68
rewind	41
rewire	40
reword	50
rework	63
reworked	70
rewound	54
rewove	55
rewoven	57
rewrap	39
rewrite	36
rewriter	45
rhapsody	54
rhetoric	88
rhetorical	88
rhetorically	83
rheumatism	41
rheumatoid	52
rheumatology	72
rhinestone	4
rhino	2
rhinoceros	6
rhubarb	3
rhyme	43
rhythm	48
rhythmic	48
rhythmical	56
rhythmically	65
rib	2
ribbed	35
ribbing	40
ribbon	3
ribbonfish	12
ribcage	1
riboflavin	36
rice	3
rich	55
riches	37
richly	66
richness	74
rickety	56
rickshaw	9
ricochet	43
ricotta	3
rid	72
riddance	80
ridden	62
ridding	58
riddle	62
ride	31
rider	23
ridge	13
ridged	37
ridicule	73
ridiculer	34
ridiculous	80
ridiculously	85
ridiculousness	75
riding	22
riff	43
riffle	45
riffraff	58
rifle	4
rifleman	8
riflescope	12
rifling	49
rift	40
rig	25
rigger	29
rigging	23
right	38
righteous	89
righteously	80
righteousness	83
rightful	85
rightfully	89
rightfulness	79
rightly	77
rightmost	49
rightness	70
rightwards	65
rightwing	72
righty	52
rigid	38
rigidify	70
rigidity	66
rigidly	65
rigidness	50
rigor	41
rigorous	61
rigorously	72
rigorousness	78
rile	76
rim	9
rimless	55
rimmed	48
rind	13
ring	5
ringed	32
ringer	38
ringing	29
ringleader	38
ringlet	14
ringmaster	17
ringside	32
ringtail	31
ringtone	8
ringworm	12
rink	11
rinse	23
rinsing	21
riot	14
rioter	24
rioting	30
riotousness	74
rip	30
ripcord	7
ripe	43
ripen	42
ripeness	42
ripening	47
riper	58
ripper	48
ripping	31
ripple	29
rippling	31
riptide	21
rise	24
risen	54
riser	24
rising	37
risk	84
riskily	72
riskiness	83
riskless	83
risky	92
risotto	16
ritalin	8
rite	62
ritual	60
ritualism	67
ritualistic	78
ritualistically	74
rituality	75
ritualize	72
ritualized	78
ritually	70
ritzy	64
rival	49
rivalry	72
river	3
riverbank	8
riverbed	8
riverboat	2
riverfront	15
riverside	29
rivet	12
riveter	21
riveting	79
roach	1
road	6
roadblock	7
roadhouse	16
roadie	37
roadman	25
roadmap	4
roadrunner	9
roadshow	28
roadside	20
roadster	16
roadsweeper	4
roadway	8
roadwork	28
roadworks	12
roadworthiness	72
roadworthy	67
roam	54
roamer	51
roaming	58
roar	30
roaring	38
roast	15
roasted	33
roaster	20
roasting	32
rob	38
robber	17
robbery	27
robbing	32
robe	0
robin	10
robot	9
robotic	42
robotics	34
robotize	56
robust	59
robustly	67
robustness	64
rock	2
rockband	9
rocker	17
rocket	7
rocketry	34
rockfish	8
rockiness	40
rocking	41
rockingchair	2
rocklike	38
rockslide	14
rockstar	18
rocky	21
rod	14
rode	32
rodent	7
rodeo	5
roger	60
rogue	67
roguish	74
roguishness	74
role	70
roleplaying	56
rolex	5
roll	21
rollaway	36
rollback	56
rolled	34
roller	8
rollerblade	5
rollercoaster	5
rollerskate	6
rolling	24
rollingpin	3
rollout	62
rollover	41
romaine	16
roman	42
romance	70
romancer	66
romancing	72
romanesque	66
romantic	77
romantically	72
romanticism	88
romanticist	62
romanticize	71
romp	56
romping	51
roof	5
roofer	5
roofing	8
roofless	22
roofline	9
rooftop	3
rook	16
rookie	54
room	5
roomed	66
roomful	46
roominess	65
roommate	12
rooms	11
roomy	54
roost	43
roosted	46
rooster	6
roosters	2
root	17
rooted	45
rootless	54
rootworm	10
rope	2
ropelike	31
ropes	5
ropewalk	17
ropewalker	15
ropey	56
roping	27
rosary	9
rose	2
rosebud	1
rosebush	8
rosemary	8
rosette	21
rosewater	10
rosewood	2
rosiness	53
roster	31
rosy	40
rot	26
rotary	46
rotatable	58
rotate	39
rotated	41
rotating	34
rotation	42
rotational	66
rotator	14
rotisserie	19
rotor	29
rotten	28
rottenly	56
rottenness	58
rotting	38
rotund	39
rotunda	13
rouge	31
rough	29
roughage	35
roughen	52
rougher	54
roughhouse	40
roughhousing	45
roughing	54
roughly	61
roughneck	44
roughness	40
roughrider	35
roulette	21
round	28
roundabout	29
rounded	38
roundedness	57
roundhouse	19
rounding	45
roundish	51
roundly	62
roundness	23
roundtable	17
roundup	44
roundworm	16
rouse	61
rousing	86
rousingly	73
rousting	71
route	28
router	20
routine	57
routinely	70
routing	60
rover	28
roving	54
row	27
rowboat	5
rowdily	70
rowdiness	70
rowdy	60
rowed	36
rower	20
rowing	35
royal	46
royally	73
royalty	47
rub	17
rubbed	32
rubber	3
rubberize	46
rubberneck	50
rubbernecker	53
rubbers	15
rubberstamp	17
rubbery	44
rubbing	31
rubbish	34
rubble	11
rubdown	34
rubric	44
ruby	6
rucksack	22
ruckus	62
rudder	7
rudderless	38
ruddiness	58
rude	62
rudely	63
rudeness	71
rudimentarily	85
rudimentary	82
rue	70
rueful	88
ruefully	81
ruefulness	76
ruffed	51
ruffle	31
ruffled	47
ruffling	49
rug	5
rugby	17
rugged	56
ruggedly	61
ruggedness	53
ruin	60
ruined	51
ruinous	72
rule	61
rulebook	14
rulemaking	65
ruler	8
ruling	67
rum	2
rumba	24
rumble	32
rumbling	50
ruminate	70
ruminating	67
rummage	58
rummy	49
rumor	71
rump	5
rumple	44
run	17
runabout	63
runaround	69
runaway	30
rundown	68
rung	38
runner	3
running	18
runny	47
runoff	28
runt	39
runtime	68
runway	10
rupee	8
rupture	32
ruptured	44
rural	58
rurally	64
ruse	86
rush	52
rushed	75
rushing	52
russet	40
rust	12
rusted	14
rustic	57
rustically	75
rustiness	30
rustle	51
rustler	28
rustling	40
rustproof	53
rusty	28
rut	34
ruthless	84
ruthlessly	77
ruthlessness	85
rye	6
sabbath	53
sabbatical	64
saber	20
sable	31
sabotage	56
saboteur	56
saccharin	34
sachet	9
sack	4
sackcloth	9
sacked	38
sacker	36
sacking	44
sacrament	50
sacramental	78
sacred	81
sacredly	84
sacredness	82
sacrifice	55
sacrificial	73
sacrificially	80
sacrificing	68
sacrilege	78
sacrilegious	80
sacrilegiously	78
sad	48
sadden	64
saddening	82
saddle	4
saddleback	20
saddlebag	3
saddlecloth	21
saddled	34
saddling	49
sadism	61
sadist	57
sadistic	73
sadistically	78
sadly	64
sadness	80
sadomasochism	67
sadomasochistic	72
safari	22
safe	40
safecracker	38
safecracking	27
safeguard	70
safehouse	23
safekeeping	66
safely	68
safeness	81
safety	66
safetypin	4
safflower	6
saffron	14
sag	43
saga	70
sage	12
sagebrush	9
sagely	82
sagging	39
saggy	36
said	51
sail	10
sailboat	3
sailcloth	15
sailed	42
sailfish	9
sailing	21
sailor	3
sailorman	21
sailplane	19
saint	39
sainted	82
sainthood	74
saintlike	69
saintliness	84
saintly	81
sake	56
salacious	86
salad	1
salamander	7
salami	5
salaried	62
salary	33
sale	41
sales	54
salesclerk	5
salesgirl	14
saleslady	9
salesman	5
salesmanship	66
salespeople	18
salesperson	16
salesroom	14
saleswoman	5
salient	74
saline	13
saliva	3
salivate	42
salivation	38
salmon	5
salmonella	32
salon	7
saloon	8
saloonkeeper	8
salsa	7
salt	3
salted	24
saltier	43
saltine	16
saltiness	25
salting	44
saltshaker	1
saltwater	6
salty	27
salutary	77
salutation	42
salutatory	69
salute	13
salvage	45
salvageable	60
salvager	40
salvaging	57
salvation	73
salve	25
samba	19
same	59
sameness	67
sample	30
sampler	32
sampling	56
samurai	12
sanatorium	29
sanctification	72
sanctified	83
sanctifier	68
sanctify	83
sanctimonious	93
sanctimoniously	90
sanctimoniousness	78
sanctimony	79
sanction	68
sanctity	91
sanctuary	34
sanctum	54
sand	0
sandal	8
sandalwood	7
sandbag	8
sandbank	4
sandbar	10
sandblast	21
sandblaster	13
sandbox	3
sandcastle	1
sanded	44
sandfish	15
sandiness	53
sanding	31
sandlot	13
sandman	59
sandpaper	4
sandpiper	10
sandpit	16
sandstone	6
sandstorm	9
sandwich	2
sandworm	1
sandy	23
sane	80
sanely	71
saneness	83
sang	49
sangria	14
sanitarily	69
sanitarium	40
sanitary	52
sanitation	35
sanitize	46
sanitizer	22
sanity	79
sank	45
sanskrit	24
sap	16
sapless	44
sapling	12
sapphire	6
sappiness	77
sapping	81
sappy	46
sarcasm	84
sarcastic	70
sarcastically	84
sarcophagi	21
sarcophagus	13
sardine	0
sardonically	69
sarong	12
sash	8
sashay	48
sasquatch	28
sass	68
sassafras	20
sassy	72
sat	28
satanic	66
satanically	73
satchel	7
sate	75
satellite	7
satiability	73
satiable	83
satin	11
satinwood	13
satire	76
satiric	77
satirical	64
satirically	86
satirist	42
satirize	76
satisfaction	78
satisfactorily	78
satisfactory	80
satisfied	73
satisfier	80
satisfy	74
satisfying	68
satisfyingly	73
saturate	38
saturated	46
saturation	57
saturday	48
sauce	6
saucepan	8
saucer	5
saucily	72
sauciness	54
saucy	44
sauerkraut	12
sauna	8
sauntering	47
sausage	3
savage	57
savagely	66
savageness	55
savagery	82
savanna	17
savannah	17
savant	48
save	64
saved	59
saver	68
saving	66
savings	42
savior	49
savor	63
savored	63
savory	66
savvy	74
saw	14
sawdust	2
sawed	20
sawhorse	5
sawing	28
sawmill	6
sawmilling	34
sawtooth	19
sax	9
saxophone	0
saxophonist	12
say	60
saying	60
scab	7
scabbard	9
scabbed	20
scabbiness	46
scabby	33
scabies	19
scaffold	8
scaffolding	4
scalability	66
scalable	62
scald	40
scalded	36
scalding	48
scale	15
scaleable	57
scaled	50
scaleless	21
scales	6
scaling	44
scallion	7
scallop	10
scallywag	69
scalp	4
scalpel	3
scalper	25
scalping	36
scaly	20
scam	59
scammer	36
scamp	44
scamper	40
scampi	33
scan	38
scandal	72
scandalize	76
scandalous	78
scandalously	77
scanner	5
scanning	48
scant	71
scantily	74
scantiness	78
scantly	72
scapegoat	62
scapula	23
scar	6
scarce	61
scarcely	79
scarceness	63
scarcity	73
scare	51
scarecrow	8
scared	62
scarf	1
scarification	49
scarily	78
scariness	65
scarlet	24
scarred	36
scarring	55
scary	50
scat	42
scathe	75
scathing	64
scathingly	82
scatter	36
scatterbrain	75
scatterbrained	70
scatterbrains	72
scattered	49
scattering	48
scavenge	58
scavenger	27
scavenging	49
scenario	60
scene	27
scenery	40
scenic	48
scenically	70
scent	26
scented	46
scenting	52
scentless	48
schedule	38
scheduler	45
schemata	51
schematic	45
schematically	71
schematization	82
scheme	65
schemer	67
scheming	68
schilling	24
schizoid	73
schizophrenia	67
schizophrenic	51
schmooze	68
schmuck	65
schnapps	13
schnauzer	15
scholar	38
scholarliness	80
scholarly	80
scholarship	51
scholastic	64
scholastically	86
scholasticism	67
school	5
schoolbag	8
schoolbook	2
schoolboy	12
schoolchild	6
schooldays	46
schooled	60
schoolfellow	26
schoolgirl	8
schoolhouse	3
schooling	48
schoolman	13
schoolmaster	6
schoolmasterish	68
schoolmate	9
schoolmistress	20
schoolroom	9
schoolteacher	3
schoolwork	23
schoolyard	9
schooner	22
science	55
scientific	64
scientifically	73
scientist	19
scientologist	52
scientology	76
scintillating	77
scion	23
scissor	2
scissors	4
sclerosis	33
scoff	46
scoffer	61
scoffing	62
scold	48
scolding	44
scoliosis	22
scone	4
scoop	21
scooped	40
scooper	23
scoopful	21
scooping	31
scoot	53
scooter	1
scope	31
scorch	23
scorched	27
scorcher	48
scorching	43
score	40
scoreboard	2
scorebook	15
scorecard	10
scored	46
scorekeeper	12
scorekeeping	40
scoreless	60
scorer	39
scoring	54
scorn	60
scorned	69
scornful	74
scornfully	79
scornfulness	81
scorpion	4
scotch	11
scoundrel	52
scour	40
scoured	48
scourge	67
scourging	68
scouring	46
scout	25
scouting	59
scoutmaster	19
scouts	20
scowl	29
scowling	28
scrabble	13
scrabbled	54
scraggly	46
scram	49
scramble	42
scrambled	27
scrambler	48
scrambling	53
scrap	21
scrapbook	6
scrape	21
scraped	44
scraper	19
scrapheap	16
scraping	30
scrapped	55
scrapper	38
scrappily	77
scrapping	46
scrappy	68
scratch	21
scratchboard	12
scratcher	23
scratches	10
scratchiness	51
scratching	18
scratchproof	50
scratchy	58
scrawl	27
scrawniness	48
scrawny	46
scream	17
screamer	38
screaming	26
screech	31
screeching	32
screechy	50
screen	10
screened	54
screener	45
screening	47
screenplay	15
screensaver	9
screenshot	9
screenwriter	18
screenwriting	31
screw	5
screwball	36
screwdriver	2
screwed	61
screwing	34
screwy	79
scribble	23
scribbled	31
scribbler	32
scribbling	23
scribe	24
scriber	21
scribing	45
scrimmage	49
scrimped	78
script	7
scriptural	59
scripturally	74
scripture	29
scriptwriter	15
scroll	22
scrollbar	17
scrolled	51
scrooge	55
scrotal	45
scrotum	3
scrounge	48
scrounger	54
scrounging	57
scrub	29
scrubbed	31
scrubber	12
scrubby	65
scrubwoman	22
scruff	46
scruffy	48
scrumptious	66
scrumptiously	74
scrumptiousness	69
scrunch	42
scruple	77
scrupulous	76
scrupulously	80
scrupulousness	84
scrutinize	79
scrutinizer	69
scrutiny	68
scuba	19
scuff	33
scuffed	34
scuffle	34
sculpt	36
sculptor	23
sculptress	19
sculptural	48
sculpture	5
sculptured	27
sculpturing	38
scum	28
scumbag	31
scummy	66
scurry	33
scurvy	39
scuttle	41
scythe	18
sea	5
seabed	17
seabird	3
seaboard	33
seaborne	55
seacoast	18
seafarer	32
seafaring	49
seafloor	8
seafood	4
seafowl	9
seafront	14
seagoing	46
seagull	0
seahorse	3
seal	9
sealable	55
sealant	23
sealed	40
sealer	21
sealing	42
sealskin	4
seam	12
seaman	15
seamanship	55
seamed	19
seaming	59
seamless	30
seamlessly	76
seamlessness	45
seamstress	14
seance	41
seaplane	6
seaport	11
sear	35
search	50
searchable	59
searcher	27
searching	57
searchingly	77
searchlight	9
seared	30
searing	36
seascape	18
seashell	1
seashore	9
seasick	45
seasickness	41
seaside	14
season	42
seasonable	68
seasonably	75
seasonal	51
seasonality	68
seasonally	71
seasoned	42
seasoning	8
seat	5
seatbelt	5
seated	29
seating	18
seatwork	43
seawall	18
seaward	68
seawater	15
seaweed	3
seaworthiness	68
seaworthy	62
secession	79
seclude	63
secluded	48
secluding	69
seclusion	66
second	43
secondarily	78
secondary	66
secondhand	56
secondly	72
secrecy	75
secret	70
secretarial	58
secretariat	33
secretary	12
secrete	24
secretion	37
secretive	69
secretively	59
secretiveness	82
secretly	74
sect	37
sectarian	56
section	44
sectional	30
sectionalism	77
sectionalize	67
sector	40
sectored	60
secular	64
secularism	72
secularist	75
secularity	84
secularly	76
securable	67
secure	58
securely	54
securer	55
security	55
sedan	7
sedate	51
sedately	73
sedateness	76
sedation	53
sedative	11
sedentarily	72
sedentary	70
sediment	25
sedimentary	53
sedimentation	30
seditiousness	87
seduce	70
seducer	66
seducible	62
seducing	70
seduction	70
seductive	63
seductively	66
seductiveness	71
seductress	47
see	45
seeable	55
seed	7
seedbed	14
seedcase	14
seeded	45
seeder	26
seedily	72
seediness	74
seedless	20
seedling	11
seedpod	6
seedy	60
seeing	38
seek	58
seeker	39
seeking	56
seem	81
seeming	88
seemingly	87
seemly	82
seen	51
seep	48
seepage	34
seeped	50
seesaw	2
seethe	65
seething	69
segment	40
segmental	68
segmentation	42
segmented	46
segregate	62
segregation	59
segregationist	59
segregator	30
seismic	48
seismically	81
seismograph	12
seismographer	26
seismographic	62
seismography	66
seismological	65
seismologist	24
seismology	77
seismometer	9
seizable	70
seize	26
seizing	54
seizure	30
seldom	90
select	63
selectable	50
selected	58
selectee	40
selection	66
selective	72
selectively	78
selectiveness	78
selectivity	80
selector	52
self	48
selfhood	81
selfish	77
selfishly	74
selfishness	76
selfless	85
selflessly	75
selflessness	89
sell	41
sellable	78
seller	36
selling	53
sellout	57
seltzer	20
semantic	80
semantically	86
semantics	82
semblance	75
semen	5
semester	48
semi	56
semiannual	62
semiannually	63
semiautomatic	36
semiautomatics	35
semicircle	20
semicircular	32
semicolon	9
semiconducting	52
semiconductor	18
semiconscious	57
semiconsciously	83
semidarkness	46
semidetached	55
semidried	58
semidrying	61
semifinal	52
semifinalist	37
semiformal	53
semimetal	67
semimonthly	60
seminal	71
seminar	38
seminarian	41
seminary	38
semiofficial	77
semiofficially	77
semiprecious	61
semiprivate	68
semipro	72
semiprofessional	64
semipublic	70
semiretirement	62
semirural	64
semisecret	80
semiserious	74
semiseriously	76
semiskilled	86
semisoft	55
semisolid	33
semispherical	39
semisweet	45
semitism	73
semitransparent	46
semiweekly	64
senate	30
senator	10
send	57
sender	30
sending	53
sendoff	56
senile	64
senior	51
seniority	66
senorita	21
sensation	53
sensational	82
sensationalism	78
sensationalist	65
sensationalistic	78
sensationalize	79
sensationally	78
sensatory	81
sense	60
sensed	67
senseless	83
senselessly	82
senselessness	86
sensibility	87
sensible	87
sensibleness	83
sensibly	91
sensitive	70
sensitively	66
sensitiveness	80
sensitivity	81
sensitization	80
sensitize	74
sensitizer	63
sensor	26
sensorial	88
sensory	61
sensual	68
sensualist	72
sensualistic	86
sensuality	75
sensually	60
sensuous	78
sensuously	67
sensuousness	74
sent	60
sentence	36
sentenced	70
sentencing	55
sentiment	72
sentimental	83
sentimentalism	88
sentimentalist	71
sentimentality	82
sentimentalize	83
sentimentally	83
sentinel	33
sentry	24
separability	73
separable	59
separate	44
separately	56
separateness	64
separates	44
separating	51
separation	51
separatism	83
separatist	64
separator	20
sepia	29
september	30
septic	31
septum	13
sequel	54
sequence	48
sequencer	38
sequencing	64
sequential	66
sequentially	72
sequester	60
sequestered	68
sequestration	62
sequin	19
sequined	20
serenade	38
serendipitous	90
serendipity	84
serene	73
serenely	65
sereneness	79
serenity	84
serf	38
sergeant	7
serial	64
serialization	73
serially	73
series	52
serious	72
seriously	75
seriousness	88
sermon	42
sermonize	72
serotonin	33
serpent	1
serpentine	38
serrate	50
serrated	24
serration	42
serum	18
servable	71
servant	9
serve	31
server	11
service	70
serviceability	78
serviceable	84
serviceableness	73
serviceably	75
serviceman	11
servicer	40
servicewoman	13
serving	42
servitude	67
sesame	12
session	60
sessions	34
set	40
setback	76
setoff	64
setting	51
settle	67
settled	60
settlement	48
settler	22
settling	68
setup	38
seven	32
sevenfold	60
seventeen	45
seventeenth	33
seventh	28
seventieth	34
seventy	41
seventyfold	76
sever	25
severable	56
several	50
severance	58
severe	64
severely	81
severity	81
sew	27
sewage	12
sewer	14
sewing	15
sewingmachine	5
sewn	29
sex	23
sexed	60
sexiness	62
sexism	85
sexist	79
sexless	76
sexologist	40
sexology	66
sexploitation	64
sextant	18
sextet	30
sexting	38
sextuple	34
sextuplet	12
sexual	62
sexuality	60
sexualize	66
sexually	67
sexy	59
shabbily	67
shabbiness	72
shabby	55
shack	2
shackle	17
shackling	44
shade	40
shaded	38
shadily	82
shadiness	64
shading	42
shadow	12
shadowbox	26
shadowboxing	35
shadowed	51
shadowiness	64
shadowing	51
shadowlike	68
shadowy	52
shady	51
shaft	7
shafted	44
shag	46
shagged	60
shaggily	66
shagginess	38
shaggy	44
shakable	38
shake	23
shakedown	57
shaken	44
shaker	22
shakers	16
shakeup	56
shakily	58
shakiness	42
shaking	18
shaky	40
shale	29
shall	67
shallot	10
shallow	39
shallowly	75
shallowness	68
shallows	42
shalom	71
sham	48
shaman	23
shamanism	71
shamble	60
shame	69
shamed	70
shamefaced	54
shameful	82
shamefully	86
shamefulness	86
shameless	78
shamelessly	69
shamelessness	88
shampoo	8
shampooer	16
shamrock	3
shanghai	33
shank	21
shanty	26
shantytown	21
shape	46
shaped	61
shapeless	64
shapelessly	62
shapelessness	72
shapeliness	56
shapely	56
shaping	60
sharable	66
shard	20
share	51
shareable	77
sharecrop	30
sharecropper	28
shareholder	32
shareowner	47
sharer	44
shares	58
shark	2
sharkskin	6
sharp	29
sharpen	32
sharpener	9
sharper	43
sharpie	8
sharply	66
sharpness	58
sharps	34
sharpshooter	10
sharpshooting	39
shatter	26
shattering	39
shatteringly	76
shatterproof	46
shave	19
shaved	18
shaven	32
shaver	16
shaving	9
shavings	12
shawl	0
she	41
shear	41
shearer	28
shearing	46
shears	10
sheath	13
sheathe	29
sheathed	49
sheathing	41
shed	11
shedder	31
shedding	26
sheen	34
sheep	2
sheepdog	7
sheepherder	5
sheepherding	28
sheepish	66
sheepishly	76
sheepishness	82
sheepshearer	12
sheepskin	5
sheer	41
sheered	49
sheering	52
sheerness	57
sheet	2
sheeted	38
sheetrock	3
sheik	10
shelf	1
shell	5
shellac	23
shelled	26
shellfish	12
shelling	46
shellshock	54
shelter	9
sheltered	34
shelve	15
shelving	8
shemale	25
shenanigan	66
shepherd	8
shepherdess	16
sherbet	4
sheriff	12
sherry	17
shield	8
shielded	44
shielding	50
shift	55
shifter	33
shiftily	77
shiftiness	68
shifting	54
shiftless	68
shiftlessness	72
shifty	77
shilling	14
shimmer	43
shimmering	56
shimmery	44
shimmy	30
shin	3
shinbone	5
shindig	37
shine	29
shiner	30
shingle	4
shingled	24
shingles	13
shininess	44
shining	40
shiningly	70
shiny	42
ship	3
shipboard	27
shipbuilder	9
shipbuilding	9
shipload	20
shipman	27
shipmaster	17
shipmate	12
shipment	13
shippable	64
shipped	60
shipper	27
shipping	35
shipshape	56
shipwreck	18
shipyard	5
shirt	1
shirtdress	8
shirtfront	14
shirtless	14
shirtsleeve	9
shirttail	5
shit	17
shitfaced	51
shithead	68
shitload	51
shitty	60
shiver	28
shivering	36
shock	25
shocker	57
shocking	64
shockingly	87
shockproof	54
shockwave	31
shoddily	71
shoddiness	58
shoddy	53
shoe	1
shoebox	4
shoehorn	11
shoeing	52
shoelace	0
shoeless	18
shoemaker	12
shoemaking	38
shoeshine	20
shoestring	3
shogun	27
shone	46
shook	32
shoot	26
shooter	22
shooting	29
shootout	27
shop	17
shopaholic	57
shopkeeper	14
shopkeeping	45
shoplift	35
shoplifter	17
shoplifting	42
shopper	14
shopping	39
shoptalk	53
shore	5
shorebird	16
shorefront	15
shoreline	3
shorn	47
short	35
shortage	64
shortbread	11
shortcake	15
shortchange	56
shortcoming	71
shortcut	45
shorten	47
shortening	24
shorter	36
shortfall	70
shorthand	36
shorthanded	61
shortie	46
shortlist	47
shortlived	74
shortly	67
shortness	46
shorts	4
shortsighted	68
shortsightedly	70
shortsightedness	67
shortstop	19
shortwave	54
shorty	53
shot	14
shotgun	1
should	87
shoulder	2
shouldered	64
shouldering	56
shout	21
shouter	34
shouting	26
shove	24
shovel	1
shovelful	27
show	26
showbiz	38
showboat	33
showboating	54
showbusiness	44
showcase	40
showcasing	34
showdown	45
shower	3
showerhead	2
showery	75
showgirl	14
showily	64
showiness	79
showing	48
showman	32
showmanship	64
shown	56
showoff	57
showpiece	29
showplace	23
showroom	12
showstopper	50
showy	64
shrank	53
shrapnel	11
shred	16
shredder	10
shredding	33
shrew	23
shrewd	77
shrewdly	76
shrewdness	84
shrewish	74
shrewmouse	25
shriek	26
shrill	55
shrillness	73
shrimp	5
shrimplike	51
shrine	13
shrink	36
shrinkable	55
shrinkage	42
shrinking	45
shrivel	36
shroud	17
shrouded	41
shrouding	47
shrub	2
shrubbery	3
shrubs	9
shrug	20
shrunk	47
shrunken	52
shuck	48
shucking	29
shucks	77
shudder	40
shuffle	29
shuffleboard	6
shuffler	27
shuffling	44
shun	60
shunt	38
shush	37
shut	40
shutdown	29
shuteye	40
shutoff	36
shutout	52
shutter	16
shutterbug	51
shuttered	30
shuttering	55
shutting	35
shuttle	9
shy	62
shyly	71
shyness	75
siamese	29
siberian	42
sibling	16
sick	51
sickbed	34
sicken	56
sickening	67
sickeningly	74
sicker	67
sickish	72
sickle	3
sickliness	62
sickly	60
sickness	39
sickroom	22
side	33
sidearm	11
sidebar	45
sideboard	15
sideburn	6
sideburns	1
sidecar	4
sided	54
sidekick	44
sideline	27
sides	30
sidesaddle	22
sideshow	24
sidespin	43
sidesplitting	61
sidestep	21
sidestroke	35
sideswipe	36
sidetrack	73
sidewalk	1
sidewall	2
sideward	49
sideway	56
sideways	37
sidewinder	39
siding	9
siege	45
sierra	40
siesta	28
sieve	10
sift	30
sifted	48
sifter	9
sifting	48
sigh	28
sighing	40
sight	45
sighted	52
sighting	46
sightless	61
sightlessly	72
sightlessness	51
sightline	52
sightsee	55
sightseeing	47
sightseer	20
sigma	56
sign	9
signage	29
signal	29
signaler	31
signalman	17
signatory	59
signature	14
signboard	9
signee	31
signer	34
significance	83
significant	83
significantly	78
signification	72
signifier	64
signify	82
signpost	9
silence	42
silenced	65
silencer	20
silent	33
silently	50
silhouette	11
silica	20
silicon	8
silicone	17
silk	7
silken	55
silkily	68
silkiness	52
silkweed	20
silkworm	9
silky	22
sill	10
silliness	56
silly	70
silo	18
silt	7
silver	12
silverback	25
silverfish	6
silvering	49
silverplate	5
silversmith	16
silvertip	36
silverware	8
silverwork	37
silvery	49
similar	64
similarity	78
similarly	54
simile	74
simmer	28
simmering	48
simple	84
simpleminded	90
simpler	76
simpleton	47
simplex	80
simplicity	76
simplification	78
simplified	70
simplifier	77
simplify	78
simplistic	77
simply	79
simulant	60
simulate	67
simulated	67
simulation	49
simulator	28
simulcast	44
simultaneous	69
simultaneously	63
simultaneousness	71
sin	79
since	90
sincere	80
sincerely	91
sincerity	76
sinful	78
sinfully	77
sinfulness	89
sing	17
singe	27
singed	33
singer	9
singing	20
single	43
singled	70
singlehanded	56
singlehandedly	62
singlehood	71
singleness	63
singles	28
singlet	33
singly	76
singsong	55
singular	70
singularity	73
singularize	77
singularly	80
sinister	66
sinisterly	81
sink	6
sinkable	54
sinker	29
sinkhole	13
sinking	50
sinless	86
sinner	48
sinuous	61
sinus	18
sip	21
siphon	33
sipper	43
sir	48
siren	14
sirloin	8
sis	31
sissy	59
sister	25
sisterhood	62
sisterly	64
sit	5
sitcom	29
site	11
sitemap	14
sitter	28
sitting	31
situate	76
situated	71
situation	74
situational	74
six	39
sixfold	30
sixpence	14
sixteen	28
sixteenth	47
sixth	29
sixties	52
sixtieth	43
sixty	36
sixtyfold	43
sizable	57
sizably	64
size	47
sizeable	57
sized	60
sizes	34
sizing	62
sizzle	38
sizzling	32
skanky	64
skate	11
skateboard	3
skateboarder	4
skater	9
skating	6
skedaddle	49
skeet	19
skeletal	33
skeleton	1
skeptic	67
skeptical	82
skeptically	83
skepticism	72
sketch	11
sketchbook	5
sketcher	30
sketchily	73
sketchiness	89
sketching	29
sketchpad	3
sketchy	76
skew	58
skewed	64
skewer	14
ski	9
skid	23
skidded	40
skidding	40
skied	38
skier	17
skies	4
skiing	15
skill	71
skilled	76
skillet	7
skillful	77
skillfully	79
skillfulness	72
skim	31
skimmed	45
skimmer	40
skimming	42
skimp	67
skimpily	73
skimpiness	74
skimpy	56
skin	5
skincare	40
skinhead	24
skinless	30
skinned	27
skinniness	46
skinning	30
skinny	36
skintight	22
skip	23
skipper	15
skipping	22
skirmish	58
skirmisher	44
skirmishing	42
skirt	4
skirted	53
skirting	38
skit	29
skittish	72
skittishly	80
skittishness	70
skittle	22
skittles	2
skulk	60
skull	4
skullcap	12
skunk	3
sky	14
skydive	20
skydiver	5
skylark	12
skylight	5
skyline	14
skype	24
skyrocket	32
skyscraper	6
skyscraping	42
skywalk	23
skyward	52
skywards	58
skywriting	11
slab	18
slack	46
slacked	60
slacken	62
slacker	65
slacking	66
slackly	82
slackness	67
slacks	11
slain	39
slam	25
slammer	38
slander	67
slanderer	56
slandering	62
slanderous	77
slanderously	71
slang	63
slant	48
slanting	45
slap	7
slapper	44
slapping	24
slapstick	52
slash	37
slashed	21
slashing	34
slat	24
slate	10
slather	33
slaughter	33
slaughterer	32
slaughterhouse	4
slave	16
slaved	66
slaveholder	22
slaver	36
slavery	47
slaving	68
slavishly	75
slavishness	76
slaw	9
slay	48
slayer	28
slaying	27
sleaze	65
sleazebag	45
sleaziness	69
sleazy	63
sled	0
sledded	39
sledding	23
sledge	22
sledgehammer	3
sledging	56
sleek	50
sleeker	47
sleekly	73
sleekness	53
sleep	14
sleeper	40
sleepily	64
sleepiness	54
sleeping	19
sleepless	58
sleeplessly	58
sleeplessness	56
sleeplike	73
sleepover	40
sleepwalk	43
sleepwalker	16
sleepwalking	31
sleepwear	3
sleepy	56
sleepyhead	40
sleet	5
sleeting	32
sleeve	4
sleeved	31
sleeveless	10
sleigh	7
sleight	58
slender	36
slenderness	54
slept	45
sleuth	48
slew	62
slice	29
sliceable	52
sliced	17
slicer	7
slicing	36
slick	33
slicken	46
slicker	40
slickly	64
slickness	63
slid	34
slide	13
slider	33
slideshow	12
sliding	34
slight	78
slighted	70
slighting	82
slightly	80
slightness	72
slim	27
slime	13
slimly	66
slimness	47
slimy	44
sling	12
slinging	35
slingshot	3
slinkiness	62
slinking	59
slinky	32
slip	23
slipcover	8
slipknot	8
slippage	54
slipped	34
slipper	3
slipperiness	52
slippery	26
slipping	23
slipstream	57
slipup	70
slit	33
slither	36
slithering	42
slithers	47
slithery	66
slitting	51
sliver	28
slob	44
slobber	17
slobbers	44
slobbery	43
slogan	49
slop	39
slope	23
sloped	30
sloping	35
slopped	48
sloppily	63
sloppiness	51
sloppy	64
slosh	54
slot	14
sloth	4
slothful	71
slothfully	58
slothfulness	71
slotmachine	3
slotted	40
slotting	50
slouch	36
slouching	19
slouchy	43
slovenly	65
slow	43
slowdown	62
slowly	48
slowness	60
slowpoke	43
slows	58
sludge	19
sludgy	62
slug	9
slugfest	52
sluggardly	69
slugged	39
slugger	46
slugging	41
sluggish	52
sluggishly	68
sluggishness	75
slum	24
slumber	42
slumbering	40
slumberous	77
slumlord	33
slumming	66
slummy	71
slump	42
slung	52
slur	42
slurp	29
slurry	56
slush	24
slushiness	60
slushy	32
slut	45
sluttish	60
slutty	67
sly	74
slyly	68
slyness	78
smack	8
smacking	29
small	44
smaller	64
smallish	58
smallness	70
smallpox	19
smalltime	77
smart	81
smartass	57
smartcard	14
smarten	80
smarting	62
smartly	67
smartness	75
smartphone	11
smash	30
smasher	34
smashing	29
smashingly	78
smashup	38
smear	34
smeared	37
smell	32
smelled	49
smeller	28
smelliness	40
smelling	36
smelly	48
smelt	27
smelting	38
smidge	70
smidgen	50
smile	12
smiley	27
smiling	28
smilingly	58
smirk	17
smirking	40
smite	67
smith	30
smithereens	59
smiting	47
smitten	85
smock	5
smog	22
smoke	1
smoked	34
smokehouse	17
smokeless	50
smoker	10
smokescreen	31
smokestack	7
smokiness	33
smoking	17
smoky	24
smolder	37
smooch	20
smooches	23
smooth	30
smoother	50
smoothie	9
smoothing	46
smoothly	59
smoothness	28
smorgasbord	38
smother	48
smothered	52
smothering	62
smudge	12
smudged	31
smudginess	62
smudgy	44
smug	79
smuggle	50
smuggler	17
smuggling	43
smugly	78
smugness	76
smut	46
smuttiness	70
smutty	56
snack	16
snag	34
snagged	32
snaggletooth	20
snail	2
snails	4
snake	0
snakebite	7
snakefish	16
snakehead	7
snakelike	53
snakeskin	7
snaking	53
snaky	64
snap	23
snapback	45
snapdragon	17
snapped	33
snapper	12
snappily	77
snappiness	75
snapping	42
snappishly	77
snappishness	78
snappy	59
snaps	34
snapshot	8
snare	28
snarky	83
snarl	25
snarly	67
snatch	29
snatched	50
snatcher	35
snatching	40
snazzy	81
sneak	55
sneaker	8
sneakiness	75
sneaking	57
sneaky	76
sneer	34
sneering	48
sneeringly	81
sneeze	24
sneezer	28
sneezing	16
snicker	28
snickering	40
snide	74
sniff	21
sniffer	34
sniffing	22
sniffle	30
sniffy	64
snip	33
snipe	41
sniper	11
snippet	43
snippety	73
snipping	50
snippy	58
snitch	29
snitcher	57
snivel	56
sniveled	63
sniveling	66
snob	57
snobbery	82
snobbish	70
snobbishly	70
snobbishness	76
snobby	80
snoop	50
snooper	47
snoopy	52
snootily	80
snootiness	76
snooty	64
snooze	42
snoozer	44
snore	15
snorer	19
snoring	21
snorkel	11
snorkeler	12
snort	21
snorter	54
snorting	28
snot	13
snotty	65
snout	3
snouty	65
snow	4
snowball	2
snowbird	8
snowboard	3
snowboarder	10
snowboarding	14
snowbound	40
snowcap	13
snowdrift	5
snowdrop	12
snowfall	8
snowfield	19
snowflake	6
snowiness	31
snowless	34
snowline	22
snowman	9
snowmobile	5
snowpack	18
snowplow	1
snowshoe	8
snowshoeing	23
snowstorm	3
snowsuit	0
snowy	19
snub	65
snubbed	67
snubbing	69
snuck	50
snuff	24
snuffbox	12
snuffing	67
snuffle	55
snug	62
snuggle	37
snugly	53
snugness	51
so	90
soak	20
soaked	36
soaker	30
soaking	27
soap	2
soapbox	26
soapiness	45
soapsuds	5
soapy	15
soar	33
soaring	32
sob	30
sobbing	44
sobbingly	66
sober	54
sobering	80
soberly	68
soberness	75
sobriety	62
soccer	6
sociability	81
sociable	74
sociably	68
social	68
socialism	70
socialist	45
socialistic	76
socialite	27
sociality	82
socialization	80
socialize	65
socializer	44
socially	79
societal	70
society	62
sociocultural	83
socioeconomic	67
sociologic	81
sociological	86
sociologically	85
sociologist	26
sociology	80
sociopath	62
sociopathic	60
sociopolitical	86
sock	2
socket	17
sockless	22
sod	9
soda	1
sodium	20
sodomize	45
sodomy	34
sofa	2
soft	28
softball	3
softcover	21
soften	61
softener	40
softening	51
softheaded	76
softhearted	70
softie	76
softly	48
softness	48
software	23
softwood	27
softy	66
sogginess	36
soggy	43
soil	3
soiled	37
soiling	50
soilless	48
sojourner	60
solace	74
solar	25
solarium	24
sold	51
soldering	29
soldier	7
soldiering	64
soldierly	64
sole	22
solely	81
solemn	87
solemnity	78
solemnly	80
soles	21
solicit	54
solicitation	51
solicited	59
soliciting	68
solicitor	27
solid	15
solidarity	78
solidification	43
solidifier	46
solidify	46
solidity	42
solidly	53
solidness	32
soliloquize	74
soliloquy	57
solitaire	32
solitarily	70
solitariness	62
solitary	42
solitude	73
solo	55
soloist	27
solstice	48
solubility	46
soluble	35
solution	60
solvability	78
solvable	64
solve	72
solvency	78
solvent	32
solver	50
somber	74
somberly	88
somberness	77
sombrero	7
some	63
somebody	30
someday	82
somehow	93
someone	32
someplace	76
somersault	5
something	80
sometime	88
sometimes	81
someway	94
somewhat	93
somewhere	73
son	22
sonar	30
sonata	32
song	14
songbird	10
songbook	9
songfest	57
songlike	62
songwriter	17
songwriting	37
sonic	68
sonnet	28
sonogram	13
sons	14
soon	80
sooner	72
soot	10
sooth	72
soothe	72
soother	46
soothing	76
soothingly	71
soothsaying	64
sootiness	56
sooty	44
sophistically	80
sophisticate	77
sophisticated	78
sophistication	77
sophomore	39
sophomoric	78
sopping	47
soprano	22
sorbet	14
sorcerer	13
sorceress	30
sorcery	75
sordidness	85
sore	44
sorely	70
soreness	38
sorority	38
sorrow	66
sorrowful	82
sorrowfully	68
sorrowfulness	84
sorrowing	79
sorry	78
sort	42
sorted	54
sorter	26
souffle	11
sought	68
soul	78
soulful	69
soulfully	68
soulfulness	80
soulless	87
soullessly	92
soullessness	83
soulmate	60
sound	32
soundbite	26
soundboard	16
sounding	55
soundings	64
soundless	46
soundlessly	68
soundlessness	58
soundly	80
soundman	12
soundness	66
soundproof	40
soundproofing	28
soundtrack	17
soup	7
soupspoon	5
soupy	38
sour	46
source	51
sourdough	8
soured	55
souring	66
sourly	69
sourness	43
sourpuss	57
south	29
southbound	45
southeast	30
southeaster	55
southeasterly	57
southeastern	37
southeastward	54
southeastwardly	51
southeastwards	53
southerly	67
southern	60
southerner	33
southernmost	29
southpaw	31
southside	33
southward	45
southwardly	62
southwards	46
southwest	44
southwesterly	54
southwestern	44
southwestward	32
southwestwardly	52
souvenir	14
sovereign	74
sovereignty	56
soviet	46
sow	24
sowing	25
sown	42
soy	7
soybean	4
soymilk	8
spa	8
space	36
spacecraft	5
spaced	56
spaceflight	28
spaceman	8
spaceport	28
spacer	33
spaceship	13
spacesuit	1
spacing	46
spacious	61
spaciously	63
spaciousness	60
spackle	15
spade	14
spaded	61
spades	12
spaghetti	0
spam	21
spammer	36
span	50
spandex	1
spangled	60
spaniel	7
spank	20
spanking	18
spar	37
spare	38
sparely	82
sparerib	18
spareribs	6
sparing	70
sparingly	70
spark	19
sparked	51
sparking	32
sparkle	30
sparkler	8
sparkling	42
sparklingly	61
sparkly	36
sparkplug	2
sparks	15
sparky	50
sparred	53
sparring	33
sparrow	4
sparse	67
sparsely	70
spartan	31
spasm	23
spastic	60
spastically	69
spat	34
spatial	76
spatiality	76
spatially	78
spatter	34
spattering	40
spatula	1
spawn	28
spawning	52
spay	27
spaying	36
speak	32
speakeasy	35
speaker	8
speakerphone	8
speakers	2
speaking	29
spear	0
spearfish	8
spearhead	20
spearheaded	44
spearing	34
spearman	15
spearmint	7
spec	52
special	81
specialism	90
specialist	50
speciality	65
specialization	61
specialize	82
specialized	75
specially	82
specialness	87
specialty	64
species	41
specifiable	86
specific	70
specifically	84
specification	64
specificity	78
specifics	76
specifier	75
specify	68
specimen	14
speck	14
specked	43
speckle	28
speckled	35
specks	32
specs	49
spectacle	39
spectacled	40
spectacles	11
spectacular	80
spectacularly	72
spectator	23
spectatorship	66
specter	49
spectrogram	18
spectrograph	25
spectrometer	13
spectroscope	25
spectrum	51
speculate	83
speculation	71
speculative	88
speculatively	80
speculator	40
sped	40
speech	41
speechless	65
speechlessly	65
speechlessness	62
speechmaker	12
speechmaking	55
speechwriter	28
speed	34
speedball	24
speedboat	3
speeder	34
speedily	63
speediness	55
speeding	34
speedometer	5
speedster	38
speedway	11
speedy	52
spell	42
spellbind	78
spellbinder	60
spellbinding	78
spellbound	84
spellcheck	40
speller	48
spelling	34
spend	52
spendable	67
spender	38
spending	42
spendthrift	52
spent	50
sperm	4
spermicidal	38
spew	45
spewing	45
sphere	14
spherical	29
spherically	43
spheroid	26
sphincter	12
sphinx	4
spice	12
spiced	44
spices	8
spiciness	38
spicing	40
spicy	42
spider	1
spiderlike	46
spiderman	18
spiderweb	7
spidery	64
spied	66
spiffy	64
spigot	16
spike	12
spiked	34
spikiness	41
spiking	34
spiky	23
spill	23
spillage	28
spiller	44
spillover	29
spilt	32
spin	28
spinach	6
spinal	34
spindle	2
spindled	60
spindling	54
spindly	38
spine	3
spineless	69
spinelessly	72
spinelessness	75
spinner	29
spinning	29
spinningwheel	10
spinout	35
spinster	36
spiny	47
spiral	21
spiraled	34
spirally	47
spire	25
spirit	85
spirited	83
spiritedly	76
spiritedness	67
spiriting	92
spiritism	80
spiritless	77
spiritlessly	78
spirits	40
spiritual	80
spiritualism	80
spiritualist	66
spiritualistic	90
spirituality	98
spiritualization	87
spiritualize	86
spiritually	97
spit	7
spitball	16
spite	73
spiteful	66
spitefully	80
spitefulness	80
spitfire	54
spitting	21
spittle	12
spittoon	7
splash	20
splashboard	25
splashdown	35
splashed	42
splashing	15
splashy	56
splat	49
splatter	30
spleen	7
splendid	80
splendidly	76
splendor	85
splendorous	74
splice	45
splicer	21
splicing	42
splint	8
splinter	15
split	26
splitter	22
splitting	42
splotch	38
splotchy	47
splurge	75
spoil	55
spoilable	64
spoilage	47
spoiled	64
spoiler	52
spoiling	54
spoils	54
spoilsport	61
spoke	40
spoken	43
spokesman	22
spokesperson	28
spokeswoman	11
sponge	0
sponged	32
sponginess	53
sponging	38
spongy	32
sponsor	43
sponsorship	60
spontaneity	82
spontaneous	82
spontaneously	70
spoof	65
spook	46
spookily	78
spookiness	68
spooky	69
spool	9
spoon	1
spoonful	14
spooning	34
sporadic	66
sporadically	70
spore	22
sport	38
sportiness	80
sporting	52
sportingly	70
sportiveness	74
sports	30
sportscast	24
sportscaster	12
sportsman	14
sportsmanlike	67
sportsmanly	76
sportsmanship	76
sportsperson	21
sportswear	14
sportswoman	17
sportswriter	27
sporty	60
spot	20
spotless	42
spotlessly	66
spotlessness	59
spotlight	9
spotted	35
spotter	28
spottiness	51
spotting	61
spotty	51
spousal	62
spouse	29
spouseless	66
spout	8
spouting	55
sprain	30
sprang	33
sprawl	43
sprawling	60
spray	12
sprayer	9
spread	33
spreader	32
spreading	45
spreadsheet	12
spree	52
sprig	18
spring	28
springboard	19
springiness	56
springing	35
springtime	48
springy	26
sprinkle	30
sprinkled	40
sprinkler	3
sprinkling	35
sprint	22
sprinter	22
sprite	29
sprocket	10
sprout	9
sprouting	23
spruce	29
sprung	48
spry	62
spryly	64
spryness	61
spud	6
spun	41
spunk	64
spunkiness	64
spunky	76
spur	11
spurn	76
spurred	62
spurt	43
sputter	48
sputtering	36
spy	22
spyglass	5
spyware	38
squabble	59
squabbler	42
squabbling	56
squad	34
squadron	38
squalid	60
squalidness	65
squall	49
squalor	56
squander	62
squanderer	54
square	17
squared	43
squarely	51
squaring	63
squash	7
squashy	49
squat	17
squatness	51
squatted	37
squatter	33
squatting	16
squatty	53
squaw	23
squawk	32
squawker	33
squawking	44
squawky	56
squeak	23
squeaker	36
squeakily	41
squeakiness	41
squeaking	27
squeaky	48
squeal	40
squealer	37
squealing	29
squeamish	71
squeamishly	66
squeamishness	70
squeegee	6
squeezable	43
squeeze	31
squeezer	20
squeezing	28
squelch	52
squelcher	40
squelching	56
squid	7
squiggle	28
squiggly	50
squint	18
squinted	29
squinter	28
squinting	28
squinty	54
squire	21
squirm	30
squirminess	55
squirming	32
squirmy	55
squirrel	3
squirt	27
squirting	38
squish	29
squishier	50
squishy	34
stab	23
stabbing	30
stability	65
stabilization	75
stabilize	57
stabilizer	44
stable	31
stableman	7
stableness	72
stack	18
stacker	40
stadium	5
staff	16
staffed	60
staffer	38
staffing	60
staffroom	13
stag	15
stage	9
stagecoach	2
staged	56
stagehand	23
stagger	36
staggering	51
staggeringly	67
staggers	44
staging	53
stagnancy	66
stagnant	48
stagnantly	78
stagnate	55
stagnation	70
stain	10
stainable	62
staining	36
stainless	43
stainlessness	67
stair	2
staircase	8
stairs	0
stairway	4
stairwell	4
stake	20
stakeholder	38
stakeout	40
stalagmite	16
stale	38
stalemate	65
staleness	55
stalk	38
stalked	50
stalker	27
stalking	48
stall	16
stalling	53
stallion	7
stalwart	52
stamen	31
stamina	55
stammer	52
stammerer	34
stammering	51
stamp	7
stampede	28
stamper	30
stamping	34
stance	24
stand	21
standalone	63
standard	79
standardization	77
standardize	73
standardized	77
standby	66
standing	24
standoff	52
standoffish	66
standoffishness	77
standout	54
standpoint	82
standstill	65
standup	34
stank	55
stanza	43
staph	42
staple	17
stapled	28
stapler	9
stapling	35
star	8
starboard	44
starch	18
starched	42
starchiness	43
starchy	44
stardom	68
stardust	48
stare	23
starfish	2
starflower	19
stargaze	45
stargazer	23
stargazing	44
staring	30
stark	72
starkness	80
starless	38
starlet	14
starlight	17
starlit	43
starred	47
starriness	63
starring	60
starry	23
starship	25
starstruck	78
start	57
starter	40
starting	72
startle	72
startler	56
startling	62
startlingly	80
startup	69
starvation	64
starve	38
starved	51
starving	53
stash	32
stat	45
state	37
stated	57
statehood	58
statehouse	22
stateless	77
stateliness	70
stately	79
statement	51
stateroom	12
stateside	48
statesman	31
statesmanlike	71
statesmanship	83
stateswoman	7
statewide	61
static	42
statically	73
statics	70
station	17
stationary	26
stationery	18
stationmaster	20
statistic	53
statistical	67
statistically	73
statistician	28
statistics	40
statue	2
statuesque	66
statuette	12
stature	67
status	69
statute	28
statutory	81
staunch	78
staunchness	88
stay	71
stayed	50
stays	54
stead	56
steadfast	77
steadfastly	77
steadfastness	91
steadier	70
steadily	66
steadiness	59
steady	69
steadying	61
steak	1
steakhouse	5
steal	29
stealer	34
stealing	43
stealth	56
stealthily	62
stealthy	69
steam	12
steamboat	2
steamer	22
steamily	68
steaminess	36
steaming	30
steamroll	35
steamroller	5
steamship	9
steamy	34
steed	15
steel	3
steeliness	63
steelmaker	19
steelmaking	32
steelwork	13
steelworker	14
steelworks	18
steely	64
steelyard	9
steep	31
steeper	51
steeple	6
steeply	53
steepness	40
steer	20
steerable	60
steerer	31
steering	25
steeringwheel	0
steersman	18
stegosaur	15
stegosaurus	5
stellar	64
stem	9
stemmed	34
stemming	62
stemware	14
stench	29
stencil	4
stenograph	7
stenographer	18
stenographic	51
stenographical	66
stenography	43
step	12
stepbrother	8
stepchild	17
stepdaughter	23
stepfather	25
stepladder	8
stepmother	19
stepparent	28
stepped	42
stepper	29
stepping	34
steppingstone	21
steps	15
stepsister	17
stepson	33
stepstool	14
stereo	9
stereograph	23
stereographical	65
stereophonic	48
stereoscope	20
stereoscopic	56
stereotype	75
stereotyped	88
stereotypic	82
stereotypical	75
stereotyping	57
sterile	58
sterility	68
sterilization	44
sterilize	51
sterilizer	26
sterling	27
stern	54
sternly	78
sternness	72
sternum	8
steroid	26
steroids	12
stethoscope	3
stew	14
steward	23
stewardess	17
stewardship	62
stewed	51
stewpot	7
stick	10
stickball	15
sticker	8
stickers	4
stickiness	28
sticking	43
stickler	64
sticklike	43
stickman	20
sticks	4
stickup	38
sticky	35
stiff	34
stiffen	30
stiffening	50
stiffly	54
stiffness	52
stifle	60
stifling	52
stiflingly	77
stigma	81
stigmatic	72
stigmatism	54
stigmatization	73
stigmatize	74
stiletto	6
still	38
stillbirth	27
stillborn	29
stillness	65
stilt	12
stimulant	23
stimulate	44
stimulating	69
stimulatingly	66
stimulation	64
stimulator	40
stimulatory	73
stimuli	60
stimulus	49
sting	15
stinger	18
stingily	71
stinginess	80
stinging	24
stingingly	78
stingless	56
stingray	2
stingy	75
stink	32
stinker	55
stinking	45
stinkweed	28
stinkwood	36
stinky	32
stint	54
stipend	38
stipulate	74
stipulation	67
stir	31
stirrer	29
stirring	52
stirringly	79
stirrup	2
stitch	17
stitchery	31
stitching	13
stock	20
stockade	14
stockbreeder	22
stockbroker	17
stockbrokerage	41
stockcar	9
stocker	34
stockholder	26
stockiness	41
stocking	3
stockings	9
stockkeeper	23
stockless	60
stockman	24
stockowner	30
stockpile	29
stockroom	10
stocks	26
stocky	39
stockyard	10
stoic	70
stoically	77
stoicism	70
stoke	36
stole	48
stolen	53
stoma	27
stomach	3
stomachache	38
stomaching	75
stomp	15
stone	7
stonecutter	9
stoned	45
stonehearted	72
stonemason	11
stonemasonry	41
stoner	31
stonewall	36
stoneware	8
stonework	19
stoneworker	15
stoning	35
stony	36
stonyhearted	77
stood	40
stooge	42
stool	2
stoop	9
stooping	38
stop	33
stoplight	8
stoppable	60
stoppage	52
stopped	44
stopper	4
stopping	45
stopwatch	2
storable	57
storage	38
store	12
storefront	25
storehouse	9
storekeeper	8
storekeeping	45
storeroom	12
storewide	54
storied	76
stork	7
storm	7
stormily	64
storminess	45
storming	40
stormy	26
story	43
storyboard	14
storybook	2
storyline	56
storyteller	28
storytelling	29
storywriter	18
stout	40
stoutheartedly	76
stoutly	67
stoutness	40
stove	1
stovepipe	3
stow	48
stowaway	32
stowing	50
straddle	31
straddling	32
straggle	43
straggler	36
straggling	62
straggly	53
straight	56
straightaway	48
straightedge	23
straighten	32
straightforward	78
straightforwardly	68
straightforwardness	80
straightjacket	8
straightly	57
straightness	44
strain	50
strained	60
strainer	14
straining	54
strait	24
straitjacket	7
straitlaced	72
strand	23
stranded	60
stranding	66
strange	78
strangely	77
strangeness	72
stranger	31
strangle	17
stranglehold	48
strangler	31
strangles	38
strangling	30
strangulate	46
strangulation	26
strap	5
strapless	27
strapped	43
strapping	55
strategic	77
strategically	83
strategist	46
strategize	71
strategy	77
stratosphere	38
stratospheric	62
stratus	34
straw	6
strawberry	0
strawboard	20
strawflower	10
strawman	42
stray	56
streak	33
streaked	33
streaker	19
streakiness	62
streaky	38
stream	12
streamer	22
streaming	44
streamline	60
streamlined	67
streamliner	38
street	6
streetcar	3
streetlamp	2
streetlight	4
streets	6
streetwalker	17
streetwalking	41
streetwise	76
strength	51
strengthen	62
strengthener	53
strengthening	72
strenuous	61
strenuously	75
strep	38
stress	60
stressful	78
stressfully	74
stressor	76
stretch	34
stretchable	32
stretcher	11
stretchiness	45
stretchy	48
streusel	14
strew	57
strewn	50
stricken	68
strict	57
strictly	73
strictness	77
stride	30
strider	52
strife	70
strike	23
strikeout	29
striker	32
striking	54
strikingly	78
string	6
stringed	44
stringency	88
stringent	84
stringently	81
stringiness	53
stringing	53
strings	6
stringy	38
strip	31
stripe	7
striped	24
striper	28
stripped	32
stripper	5
stripping	29
striptease	32
stripteaser	13
strive	73
strived	72
striving	82
strobe	21
strode	45
stroganoff	9
stroke	23
stroking	20
stroll	26
stroller	1
strong	46
strongbox	5
stronghold	55
strongly	65
strongman	26
strongpoint	65
struck	38
structural	58
structuralize	64
structurally	58
structure	24
structured	59
strudel	22
struggle	55
struggler	33
struggling	55
strum	36
strummer	36
strung	48
strut	26
strutting	36
stub	15
stubbed	42
stubbiness	51
stubble	12
stubbly	24
stubborn	70
stubbornly	77
stubbornness	66
stubby	32
stucco	9
stuck	36
stud	25
student	2
studentship	48
studied	64
studio	11
studious	63
studiously	67
studiousness	72
study	32
stuff	47
stuffed	25
stuffer	43
stuffily	79
stuffiness	67
stuffing	11
stuffy	60
stumble	31
stumbling	32
stumblingly	70
stump	5
stumper	73
stumpy	48
stun	46
stung	41
stunk	38
stunned	65
stunner	44
stunning	70
stunningly	71
stunt	44
stunted	71
stuntman	12
stupefied	88
stupefy	82
stupendous	86
stupendously	88
stupid	81
stupidity	61
stupidly	90
stupor	57
sturdily	61
sturdiness	60
sturdy	54
sturgeon	12
stutter	26
stutterer	21
stuttering	29
stutteringly	62
sty	20
style	58
stylebook	15
styling	49
stylish	72
stylishly	68
stylishness	75
stylist	23
stylistic	78
stylistically	73
stylize	74
stylized	71
stylus	15
suave	88
suavely	76
suaveness	76
sub	38
subarctic	49
subatomic	54
subaverage	88
subbasement	16
subbing	65
subcategory	59
subchapter	54
subclass	72
subcommittee	36
subcompact	52
subconscious	86
subconsciously	89
subcontinent	27
subcontract	63
subcontracted	61
subcontractor	29
subculture	72
subcutaneously	64
subdirectory	44
subdivide	54
subdividing	56
subdivision	28
subdominant	79
subdue	69
subdued	76
subduing	68
subfloor	29
subflooring	23
subfreezing	52
subgroup	72
subheader	40
subheading	35
subhuman	60
subinterval	61
subject	46
subjected	76
subjection	82
subjective	89
subjectively	90
subjectivism	89
subjectivist	88
subjectivity	92
subjugate	83
subjugation	77
subjugator	50
subjunctive	82
sublanguage	66
sublease	60
sublet	49
sublevel	46
sublimation	75
sublime	69
sublimely	84
subliminal	77
subliminally	86
sublimity	90
submarine	5
submariner	16
submerge	40
submerged	46
submergence	65
submergible	50
submerse	44
submersed	47
submersible	49
submersion	58
submicroscopic	55
submission	50
submissive	82
submissively	70
submissiveness	82
submit	58
submitter	43
suboptimal	86
suborbital	47
subordinate	57
subordinately	78
subordinating	76
subordination	72
subpanel	27
subpar	76
subparagraph	44
subpart	66
subplot	61
subpoena	38
subprime	80
subroutine	50
subscribe	70
subscriber	42
subscribership	67
subscript	36
subscription	44
subsection	60
subsector	56
subsequence	82
subsequent	72
subsequently	88
subseries	66
subservience	86
subservient	72
subserviently	81
subset	65
subside	68
subsidiary	51
subsiding	75
subsidization	75
subsidize	82
subsidized	69
subsidy	71
subsistence	68
subsoil	18
subsonic	76
subspecialist	67
subspecialty	75
subspecies	47
substance	39
substandard	69
substantial	74
substantiality	84
substantially	70
substantiate	83
substantiation	75
substantive	75
substantively	84
substation	28
substitutable	75
substitute	55
substituted	70
substituting	68
substitution	62
substitutive	67
substructure	28
subsurface	40
subsystem	45
subterranean	40
subterraneous	53
subtext	60
subtitle	29
subtle	82
subtleness	82
subtlety	86
subtly	86
subtotal	27
subtract	30
subtraction	54
subtractive	75
subtropical	51
subtropics	44
subtype	69
suburb	31
suburban	43
suburbanite	50
suburbanization	65
suburbanize	71
suburbanizing	62
suburbia	42
subversion	71
subversive	85
subvert	79
subway	3
subwoofer	3
subzero	32
subzone	57
succeed	67
succeeding	69
success	70
successful	73
successfully	76
successfulness	71
succession	82
successive	64
successively	65
successor	43
succinct	70
succinctly	81
succulence	64
succulent	56
succulently	80
succumb	74
such	88
suck	38
sucker	30
suckerfish	12
sucking	29
suckle	26
suckling	31
suction	26
sudden	73
suddenly	79
suddenness	71
sudoku	14
suds	10
sudsy	13
sue	48
suede	19
suffer	68
sufferable	79
sufferer	47
suffering	65
suffice	82
sufficiency	80
sufficient	78
sufficiently	82
sufficing	87
suffix	35
suffocate	31
suffocating	45
suffocation	40
suffocative	72
suffrage	66
sugar	3
sugarcane	3
sugarcoat	64
sugared	23
sugarless	28
sugarplum	10
sugary	28
suggest	80
suggestibility	80
suggestible	80
suggesting	72
suggestion	69
suggestive	75
suggestively	85
suggestiveness	80
suicidal	68
suicide	35
suing	62
suit	1
suitability	86
suitable	77
suitableness	82
suitably	78
suitcase	1
suite	21
suiting	55
suitor	31
sulfate	29
sulfide	30
sulfite	23
sulfur	14
sulfuric	59
sulfurous	54
sulk	54
sulkily	65
sulkiness	81
sulky	64
sullen	63
sullenly	70
sullenness	75
sulphate	37
sulphur	19
sulphuric	43
sulphurous	40
sultan	17
sultrily	82
sultriness	76
sultry	72
sum	53
summarily	77
summarization	64
summarize	67
summarizer	66
summary	49
summation	66
summed	77
summer	34
summerhouse	12
summering	76
summerlike	68
summertime	51
summit	20
summon	55
summons	51
sumo	34
sun	4
sunbath	21
sunbathe	32
sunbather	7
sunbeam	13
sunbelt	29
sunbird	15
sunbonnet	8
sunburn	11
sunburned	21
sunburnt	22
sunburst	29
sundae	10
sunday	42
sundeck	10
sundial	7
sundown	21
sundress	8
sundries	42
sundry	68
sunfish	4
sunflower	5
sung	48
sunglass	12
sunglasses	4
sunglow	36
sunk	38
sunken	32
sunlamp	3
sunless	33
sunlight	14
sunlit	17
sunny	20
sunray	19
sunrise	8
sunroof	8
sunroom	7
sunscreen	6
sunset	12
sunshade	10
sunshine	20
sunshiny	48
sunspot	10
sunstroke	31
sunstruck	57
suntan	24
suntanned	35
super	78
superabundance	58
superabundant	66
superb	84
superbly	78
superbowl	34
supercenter	27
supercharge	59
supercharged	68
supercharger	36
supercomputer	25
superconducting	62
superconductive	62
superconductivity	59
superconductor	26
supercontinent	35
supercritical	77
superego	78
superficial	79
superficiality	91
superficially	78
superfine	58
superfluous	79
superfluously	74
supergiant	34
superglue	3
superhard	47
superheat	53
superheated	44
superhero	23
superhighway	17
superhuman	60
superhumanly	66
superimpose	62
superimposed	55
superimposition	68
superintendant	6
superintendent	20
superior	74
superiority	77
superiorly	75
superjet	14
superlative	89
superman	40
supermarket	11
supermodel	17
supermom	54
supernatural	74
supernaturalism	82
supernaturally	85
supernormal	79
supernova	31
superpower	53
supersede	88
supersensitive	69
supersensory	80
supersize	43
supersonic	68
superstar	41
superstition	73
superstitious	86
superstitiously	86
superstore	16
superstructure	32
supertanker	6
supervise	63
supervision	70
supervisor	19
supervisorial	73
supervisory	64
superwoman	23
supper	9
suppertime	34
supple	56
supplement	48
supplemental	64
supplementary	72
supplementation	73
suppleness	54
supplicating	72
supplication	68
supplier	40
supply	39
support	54
supportability	82
supportable	68
supportably	83
supporter	44
supporting	62
supportive	70
supposable	89
suppose	91
supposed	85
supposedly	78
supposing	77
supposition	81
suppositional	83
suppository	16
suppress	70
suppressant	47
suppressed	72
suppresser	52
suppressible	80
suppression	67
suppressive	83
suppressor	52
supremacist	45
supremacy	78
supreme	75
supremely	86
surcharge	55
sure	82
surefire	73
surely	82
sureness	73
surety	71
surf	11
surface	19
surfaced	48
surfacing	46
surfboard	11
surfboarding	20
surfer	7
surge	56
surgeon	12
surgery	17
surgical	53
surgically	45
surging	47
surliness	83
surly	67
surmise	80
surmised	79
surmount	79
surmountable	78
surmounted	83
surname	55
surpass	57
surpassing	78
surpassingly	85
surplus	42
surprise	44
surprised	62
surprising	68
surprisingly	77
surreal	92
surrealism	68
surrealist	64
surrealistic	81
surrealistically	90
surrender	59
surrogacy	66
surrogate	54
surround	55
surrounded	33
surrounding	47
surroundings	28
surveillance	47
survey	23
surveying	52
surveyor	29
survivability	82
survivable	67
survival	66
survivalist	48
survive	61
surviving	49
survivor	42
survivorship	73
susceptibility	85
susceptible	72
susceptibleness	80
susceptibly	81
sushi	1
suspect	60
suspected	69
suspend	56
suspended	68
suspender	12
suspenders	8
suspense	79
suspenseful	78
suspension	46
suspicion	84
suspicious	78
suspiciously	84
suspiciousness	78
sustain	71
sustainability	83
sustainable	70
sustained	76
sustainer	60
sustaining	77
sustainment	77
sustenance	68
suture	21
swab	17
swaddle	36
swaddling	40
swag	46
swagger	58
swaggerer	37
swaggering	77
swallow	28
swallower	40
swam	34
swamp	1
swampland	17
swampy	32
swan	1
swanky	65
swanlike	52
swap	29
swapping	60
swarm	26
swarming	50
swashbuckler	21
swashbuckling	54
swastika	18
swat	18
swatch	9
swatter	24
sway	35
swayable	80
swayed	73
swaying	45
swear	64
swearer	41
swearword	43
sweat	7
sweatband	16
sweatbox	29
sweated	34
sweater	5
sweathouse	16
sweatiness	30
sweating	19
sweatpants	8
sweatshirt	2
sweatshop	23
sweatsuit	3
sweaty	21
sweep	32
sweeper	17
sweeping	42
sweepingly	62
sweepings	26
sweepstake	43
sweet	25
sweetbread	12
sweetcorn	6
sweeten	34
sweetener	13
sweetening	43
sweetheart	55
sweetie	62
sweetly	69
sweetmeat	18
sweetness	54
sweetshop	10
swell	42
swelled	31
swelling	22
swelter	47
sweltering	56
swelteringly	64
swept	50
swerve	25
swift	49
swifter	59
swiftly	68
swiftness	57
swim	14
swimmable	60
swimmer	6
swimming	14
swimmingly	82
swimmingpool	3
swimsuit	5
swimwear	4
swindle	58
swindler	41
swindling	66
swine	12
swing	12
swinger	43
swinging	38
swipe	19
swipes	41
swirl	27
swirly	62
swish	49
swishing	35
swishy	59
switch	23
switchblade	0
switchboard	10
switched	51
switcher	37
switcheroo	71
switching	64
switchover	59
swivel	28
swiveled	39
swollen	35
swollenness	32
swoon	50
swooned	60
swooning	52
swoony	80
swoop	45
swoosh	56
sword	2
swordfish	3
swordplay	23
swordsman	7
swordsmanship	51
swordstick	19
swordswoman	22
swore	54
sworn	78
swung	36
sycamore	13
syllabi	40
syllabic	77
syllabically	82
syllable	44
syllabus	23
symbiosis	63
symbiotic	78
symbiotically	87
symbol	47
symbolic	72
symbolical	82
symbolically	84
symbolism	90
symbolist	78
symbolization	77
symbolize	65
symmetric	52
symmetrical	35
symmetrically	56
symmetry	55
sympathetic	81
sympathetically	86
sympathize	86
sympathizer	50
sympathizing	74
sympathy	78
symphonic	54
symphonist	31
symphonize	72
symphony	20
symposium	36
symptom	45
symptomatic	74
symptomatically	72
symptomless	78
synagogue	12
synapse	35
synaptic	62
sync	66
synch	55
synchronicity	79
synchronism	66
synchronization	60
synchronize	57
synchronized	60
synchronizer	40
synchronously	74
syndicate	67
syndication	65
syndrome	63
synergetic	73
synergism	79
synergize	86
synergy	88
synonym	48
synonymous	70
synonymously	79
synopses	66
synopsis	56
syntax	73
syntheses	64
synthesis	86
synthesize	70
synthesizer	24
synthetic	50
synthetically	64
syphilis	27
syringe	5
syringes	5
syrup	6
syrupy	31
system	52
systematic	75
systematical	66
systematically	64
systematization	71
systematize	55
systemic	80
systemically	77
systemization	75
systemize	72
tab	22
tabasco	10
tabby	35
tabernacle	24
table	2
tablecloth	4
tabled	44
tableful	42
tablemate	29
tables	3
tablespoon	0
tablespoonful	19
tablet	4
tabletop	5
tableware	9
tabloid	23
taboo	83
tabulation	57
tachometer	27
tack	12
tackiness	64
tacking	50
tackle	18
tackled	33
tackler	34
tackling	32
tacky	60
taco	2
tact	81
tactful	70
tactfully	82
tactfulness	81
tactic	72
tactical	73
tactically	75
tactician	32
tactics	63
tactile	49
tactless	79
tactlessly	89
tactlessness	86
tactual	76
tad	73
tadpole	3
taekwondo	22
taffy	5
tag	19
tagalong	40
tagged	42
tail	1
tailbone	6
tailcoat	8
tailed	48
tailfin	9
tailgate	27
tailgater	12
tailing	57
taillight	3
tailor	8
tailoring	32
tailpiece	17
tailpipe	10
tailspin	35
tailwind	48
taint	70
tainted	66
taintless	76
take	48
takeaway	46
takedown	32
taken	58
takeoff	40
takeout	24
takeover	54
taker	68
taking	55
takings	68
talc	17
tale	44
talent	70
talented	74
talentless	70
tales	54
taleteller	35
talisman	21
talk	23
talkative	50
talkatively	62
talkativeness	51
talkback	61
talker	15
talkfest	58
talking	32
tall	41
taller	23
tallish	45
tallness	48
tally	48
talon	5
tamale	3
tambourine	3
tame	74
tamely	73
tameness	71
tamer	59
tamper	49
tamperproof	39
tampon	3
tan	18
tandem	46
tang	15
tangent	73
tangentially	74
tangerine	5
tangibility	77
tangible	56
tangibly	73
tanginess	64
tangle	26
tangling	50
tango	23
tangy	33
tank	5
tanked	50
tanker	8
tanned	22
tanner	34
tannery	21
tanning	46
tantalization	77
tantalize	81
tantalizingly	80
tantamount	85
tantrum	41
tap	18
tape	2
tapeless	45
tapemeasure	5
taper	36
taperecorder	2
tapered	32
tapering	42
tapestry	12
tapeworm	2
tapioca	9
tapper	40
tapping	15
taps	31
tar	5
tarantula	4
tardily	65
tardiness	63
tardy	67
target	22
targeted	60
tariff	40
tarlike	44
tarmac	5
tarnish	43
tarot	40
tarp	4
tarpaper	11
tarred	20
tart	43
tartar	15
tartly	53
tartness	44
task	54
taskmaster	38
taskmistress	43
tassel	7
taste	23
tastebud	6
tasted	39
tasteful	70
tastefully	72
tastefulness	80
tasteless	62
tastelessly	81
tastelessness	84
taster	36
tastily	73
tastiness	60
tasting	35
tasty	54
tater	20
tattered	32
tatters	48
tattle	58
tattler	50
tattletale	37
tattling	60
tattoo	7
tattooer	11
tattooing	23
tattooist	6
taught	70
taunt	52
taunting	56
tauntingly	77
taut	27
tautly	62
tautness	64
tavern	5
tawdry	76
tax	28
taxability	61
taxable	76
taxation	58
taxed	62
taxi	2
taxicab	0
taxidermist	18
taxidermy	33
taxing	64
taxis	18
taxman	23
taxpayer	22
taxpaying	55
tea	8
teabag	4
teacake	4
teacart	10
teach	46
teachable	82
teacher	12
teaching	55
teacup	2
teacupful	30
teahouse	11
teakettle	1
teakwood	9
teal	23
team	30
teaming	72
teammate	21
teamster	28
teamwork	66
teapot	1
tear	11
teardown	30
teardrop	11
tearful	38
tearfully	53
tearfulness	53
teargas	29
tearing	38
tearjerker	51
tearless	54
tearlessly	55
tearoom	10
tearstain	26
teary	37
tease	60
teaser	52
teashop	3
teasing	64
teasingly	72
teaspoon	6
teaspoonful	18
teat	16
teatime	47
tech	49
techie	52
technical	76
technicality	77
technically	78
technician	23
technique	65
techno	51
technologic	70
technological	73
technologically	68
technologist	38
technology	44
tectonic	63
teddy	5
tedious	76
tediously	76
tediousness	75
tee	10
teen	21
teenage	37
teenaged	39
teenager	17
teens	33
teensy	50
teeny	46
teenybopper	51
teepee	10
teeter	52
teeterboard	19
teeth	1
teething	36
teetotaler	49
teflon	6
telecast	23
telecaster	21
telecom	52
telecommunication	50
telecommuter	29
teleconference	35
telegram	9
telegraph	10
telegrapher	21
telegraphic	49
telekinesis	59
telekinetic	62
telemarketer	9
telemarketing	45
telepath	53
telepathic	77
telepathically	79
telepathist	52
telepathy	71
telephone	1
telephonic	66
telephonically	67
telephoto	27
telephotographic	65
telephotography	42
teleport	47
teleportation	48
teleprompter	5
telescope	0
telescopic	43
telescopically	52
telethon	28
teletypewriter	8
televangelism	50
televangelist	24
televise	50
televised	34
television	4
tell	52
teller	16
telling	64
tellingly	78
telltale	67
temp	52
temper	61
temperament	76
temperamental	82
temperamentally	86
temperance	72
temperate	60
temperately	86
temperature	32
tempered	59
temperedness	77
tempest	46
tempestuous	77
template	20
temple	12
tempo	55
temporal	72
temporality	78
temporally	79
temporarily	74
temporary	68
tempt	72
temptation	79
tempting	77
temptingly	86
temptress	48
tempura	22
ten	40
tenacious	67
tenaciously	83
tenaciousness	83
tenacity	90
tenancy	66
tenant	11
tenantless	58
tend	75
tendency	79
tender	60
tenderfoot	56
tenderhearted	75
tenderheartedly	75
tenderheartedness	77
tenderize	56
tenderizer	27
tenderloin	15
tenderly	78
tenderness	74
tending	76
tendon	13
tendonitis	29
tenement	36
tenet	45
tenfold	60
tennis	14
tennisracket	7
tenor	49
tense	66
tenseness	67
tensile	69
tension	60
tensionless	58
tent	1
tentacle	14
tentative	74
tentatively	80
tentativeness	86
tented	48
tenth	48
tentmaker	12
tenuous	78
tenuousness	88
tenure	64
tepee	4
tepid	62
tepidly	84
tepidness	66
tequila	6
terabyte	44
teriyaki	6
term	55
terminable	72
terminal	29
terminally	71
terminate	68
termination	63
terminator	36
terminological	80
terminology	75
termite	7
terrace	8
terracotta	18
terrain	18
terrarium	11
terrestrial	49
terrible	74
terribleness	86
terribly	95
terrier	9
terrific	73
terrifically	76
terrified	64
terrify	57
terrifying	73
terrifyingly	73
territorial	57
territorialism	74
territoriality	85
territorialize	79
territorially	69
territory	40
terror	64
terrorism	55
terrorist	34
terrorize	54
terrycloth	11
terseness	77
test	27
testable	65
testament	57
tested	50
tester	28
testes	12
testicle	10
testicular	32
testifier	40
testify	58
testimonial	52
testimony	45
testiness	73
testing	39
testosterone	30
testy	75
tetanus	20
tether	33
tetherball	6
tetrachloride	28
tetris	29
text	2
textbook	3
textile	19
texting	19
textual	65
textually	69
textural	54
texturally	64
texture	29
textured	38
than	83
thank	50
thankful	83
thankfully	76
thankfulness	82
thankless	78
thanklessly	74
thanklessness	86
thanks	71
thanksgiving	42
thankworthy	83
that	86
thatch	29
thatched	31
thatching	35
thaw	30
the	89
theater	2
theatergoer	27
theatergoing	51
theatric	62
theatrical	70
theatricality	80
theatrically	54
theatricals	52
theatrics	64
thee	62
theft	52
their	42
theirs	65
theism	76
them	49
theme	57
themselves	52
then	89
thence	91
thenceforth	90
thenceforward	80
theologian	31
theological	90
theologically	83
theologize	88
theology	77
theoretic	88
theoretical	91
theoretically	89
theoretician	49
theorist	62
theorization	91
theorize	82
theorizer	62
theory	88
therapeutic	69
therapeutically	79
therapeutics	64
therapist	12
therapy	54
there	70
thereabout	88
thereabouts	81
thereafter	87
thereby	90
therefore	92
therein	84
thereinafter	82
thereof	92
therewith	79
thermal	45
thermally	55
thermo	58
thermodynamic	77
thermodynamically	70
thermodynamics	56
thermoelectric	56
thermoelectrically	56
thermoelectricity	54
thermograph	33
thermometer	1
thermonuclear	58
thermoregulation	58
thermos	8
thermostat	3
thermostatic	65
thermostatically	75
thesaurus	5
these	74
theses	55
thesis	32
thespian	43
they	52
thiamine	32
thick	25
thicken	37
thickener	32
thickening	45
thicket	19
thicketed	44
thickheaded	76
thickly	56
thickness	41
thickskulled	63
thief	16
thieve	48
thievery	46
thieving	65
thievish	77
thievishly	70
thigh	2
thighbone	1
thimble	0
thimbleful	32
thin	29
thing	46
thingamabob	48
thingamajig	63
thingy	62
think	65
thinkable	78
thinker	62
thinking	76
thinktank	59
thinly	57
thinner	57
thinness	56
thinning	40
third	39
thirdly	54
thirst	49
thirstily	64
thirstiness	49
thirsting	58
thirsty	29
thirteen	33
thirteenth	50
thirtieth	28
thirty	31
thirtyfold	56
thirtyish	70
this	72
thistle	14
thong	2
thorax	11
thorn	0
thornily	76
thorniness	54
thorny	19
thorough	84
thoroughbred	41
thoroughfare	38
thoroughly	70
thoroughness	68
those	67
thou	70
though	95
thought	76
thoughtful	76
thoughtfully	75
thoughtfulness	83
thoughtless	83
thoughtlessly	82
thoughtlessness	80
thousand	48
thousandfold	60
thousandth	45
thrash	35
thrasher	44
thrashing	43
thread	4
threaded	31
threader	27
threadlike	46
threat	62
threaten	59
threatening	66
threateningly	74
three	34
threefold	69
threesome	37
thresher	25
threshing	42
threshold	38
threw	36
thrift	66
thriftily	82
thriftiness	78
thriftless	70
thriftlessly	80
thrifty	77
thrill	64
thrilled	67
thriller	70
thrilling	73
thrillingly	82
thrive	70
thriving	72
throat	1
throatily	61
throaty	54
throb	51
throbbing	34
throne	9
throng	46
throttle	19
throttling	45
through	52
throughout	68
throughway	26
throw	24
throwaway	52
throwback	69
thrower	38
throwing	33
thrown	17
thrush	27
thrust	43
thrusting	48
thud	45
thudding	35
thug	18
thuggery	62
thuggish	70
thumb	1
thumbed	32
thumbhole	15
thumbnail	12
thumbprint	8
thumbscrew	17
thumbtack	1
thump	31
thumping	25
thunder	17
thunderbird	19
thunderbolt	18
thunderclap	26
thundercloud	12
thundering	43
thunderous	48
thunderously	75
thundershower	7
thunderstorm	4
thunderstruck	73
thunk	53
thursday	49
thus	91
thusly	94
thwart	66
thwarter	51
thwarting	74
thy	71
thyme	1
thyroid	10
thyroidal	59
thyself	68
tiara	3
tibia	13
tic	31
tick	11
ticked	58
ticker	27
tickertape	7
ticket	7
ticketing	45
ticketless	48
ticking	26
tickle	29
tickled	29
tickler	31
tickling	21
ticklish	44
ticklishness	54
ticktacktoe	17
tidal	46
tidbit	45
tide	23
tidemark	32
tidewater	12
tidily	64
tidiness	55
tiding	68
tidings	55
tidy	49
tie	5
tiebreaker	48
tied	27
tier	33
tiered	45
tiger	0
tigerish	57
tight	28
tighten	42
tightfisted	49
tightlipped	54
tightly	63
tightness	55
tightrope	5
tights	9
tightwad	45
tigress	18
tile	8
tiled	10
tiling	28
till	25
tiller	19
tilt	24
tilting	29
timber	2
timbered	45
timbering	46
timberline	33
timberwork	27
timbre	44
time	48
timecard	6
timed	33
timekeeper	27
timekeeping	52
timeless	86
timelessly	83
timelessness	84
timeline	36
timeliness	72
timely	68
timeout	44
timepiece	16
timer	8
times	73
timesaver	68
timesaving	78
timescale	53
timeshare	31
timestamp	14
timetable	23
timeworn	64
timid	70
timidity	76
timidly	70
timing	54
timothy	38
tin	3
tinder	26
tinderbox	5
tinfoil	1
tinge	59
tinged	67
tingle	46
tingling	52
tingly	62
tinker	45
tinkerer	40
tinkle	37
tinkling	31
tinplate	25
tinsel	4
tinsmith	16
tint	25
tinted	27
tinting	28
tinwork	25
tiny	47
tip	12
tipoff	51
tipped	30
tipper	41
tipping	42
tippy	66
tipsily	69
tipsy	66
tiptoe	28
tiptoeing	16
tiptop	58
tirade	55
tiramisu	0
tire	0
tired	50
tiredly	66
tiredness	58
tireless	66
tirelessly	66
tirelessness	68
tiresome	73
tiresomely	87
tiresomeness	70
tiring	62
tissue	2
tit	9
titan	31
titanic	27
titanium	8
tithing	50
titillate	86
titillating	78
titillation	72
title	42
titled	64
titleholder	31
to	86
toad	0
toadfish	5
toadstool	4
toast	2
toaster	2
toastmaster	28
toasty	40
tobacco	3
toboggan	6
today	61
toddler	18
toddy	42
toe	2
toehold	36
toeless	22
toenail	3
toffee	3
tofu	3
toga	7
together	56
togetherness	60
toggle	38
toil	58
toiled	60
toiler	49
toilet	1
toiletpaper	3
toiletry	12
toilette	26
toiling	64
toke	40
token	18
told	67
tolerability	84
tolerable	74
tolerably	84
tolerance	72
tolerant	73
tolerantly	74
tolerate	80
toleration	70
toll	36
tollbooth	6
tollgate	8
tollhouse	20
tolling	62
tom	26
tomahawk	4
tomato	0
tomb	7
tomblike	49
tomboy	19
tomboyish	67
tombstone	7
tomcat	15
tomfoolery	60
tomorrow	74
ton	21
tonality	66
tone	48
toned	42
toneless	64
tonelessly	71
toner	21
tong	15
tongs	0
tongue	2
tongued	45
tonguing	36
tonic	23
tonight	52
tonsil	7
tonsillectomy	34
tonsillitis	23
tony	42
too	82
took	60
tool	10
toolbar	12
toolbox	6
tooling	49
toolkit	6
toolmaker	33
toolshed	7
toot	36
tooth	3
toothache	40
toothbrush	0
toothed	38
toothless	19
toothlessly	38
toothpaste	1
toothpick	2
toothy	45
toots	46
top	27
topaz	16
topcoat	6
topic	60
topical	56
topically	64
topless	22
topmost	52
topnotch	72
topographer	38
topographic	52
topographical	46
topographically	68
topography	34
topologic	47
topological	57
topologist	33
topped	38
topper	31
topping	25
topple	35
tops	29
topsail	12
topside	24
topsoil	4
torch	6
torchbearer	28
torchlight	18
tore	32
torment	60
tormented	66
tormenting	57
tormentor	43
torn	20
tornado	12
torpedo	1
torque	43
torrent	42
torrential	56
torrentially	70
torrid	71
torridly	76
torso	4
tortellini	3
tortilla	3
tortoise	3
tortoiseshell	9
tortuous	66
tortuously	75
torture	35
tortured	49
torturer	17
torturing	39
torturous	70
torturously	70
toss	26
tossing	20
tossup	74
tostada	12
tot	20
total	55
totalitarian	60
totalitarianism	72
totality	77
totally	80
tote	16
totem	25
toucan	8
touch	29
touchable	42
touchdown	28
touched	47
touchiness	59
touching	39
touchingly	68
touchpad	6
touchscreen	10
touchstone	59
touchup	46
touchy	64
tough	62
toughen	65
toughly	72
toughness	65
toupee	9
tour	40
touring	61
tourism	50
tourist	10
touristy	77
tournament	22
tourniquet	12
tow	30
towable	47
toward	68
towards	55
towboat	3
towel	3
toweling	40
tower	6
towered	48
towering	52
towhead	28
towing	16
towline	12
town	9
townhome	8
townhouse	3
townie	47
townscape	22
townsfolk	30
township	46
townsman	25
townspeople	20
townswoman	19
towrope	6
toxic	47
toxically	80
toxicity	55
toxicological	75
toxicologically	74
toxicologist	33
toxicology	65
toxin	28
toy	2
toying	68
toymaker	14
toyshop	8
trace	34
traceability	67
traceable	72
traceableness	70
traceably	58
traceless	72
tracer	36
trachea	13
tracheotomy	26
tracing	31
track	17
tracked	52
tracker	28
tracklayer	33
trackless	56
trackside	33
tracksuit	7
tract	38
tractability	74
traction	35
tractor	0
trade	48
tradecraft	54
trademark	47
tradeoff	60
trader	28
tradesman	23
tradesperson	16
tradeswoman	12
trading	46
tradition	83
traditional	81
traditionalism	74
traditionalist	64
traditionalistic	85
traditionalize	81
traditionally	90
traffic	8
trafficker	44
trafficking	62
tragedy	73
tragic	75
tragically	81
tragicomedy	68
trail	14
trailblazer	63
trailer	5
trailing	54
trailside	31
train	5
trainable	79
traindriver	12
trained	62
trainee	28
trainer	17
training	43
trainload	21
trait	57
traitor	33
traitorous	82
trajectory	48
tramp	28
trample	43
trampoline	0
trance	50
trancelike	70
tranquil	78
tranquility	67
tranquilization	64
tranquilize	40
tranquilized	42
tranquilizer	11
tranquilizers	19
tranquilizing	64
tranquillity	78
tranquillization	57
tranquillize	62
tranquilly	85
transact	60
transaction	52
transactional	82
transatlantic	53
transceiver	17
transcend	77
transcendence	88
transcendent	84
transcendental	88
transcendentally	86
transcendently	84
transcending	90
transcontinental	45
transcribe	40
transcriber	20
transcript	23
transcription	42
transcriptional	66
transducer	30
transect	61
transfer	49
transferability	82
transferable	68
transference	78
transferral	74
transferred	48
transferring	58
transfiguration	66
transform	65
transformability	79
transformable	67
transformation	52
transformational	79
transformative	86
transformer	31
transforming	67
transfuse	64
transfusion	40
transgender	48
transgendered	49
transgress	71
transgressing	78
transgression	63
transgressor	45
transiency	92
transient	58
transistor	22
transit	35
transition	70
transitional	78
transitionally	78
transitive	88
transitiveness	86
transitory	84
translatable	71
translate	58
translation	51
translational	79
translator	29
translucence	45
translucency	54
translucent	46
translucently	50
transmigration	74
transmissibility	75
transmissible	69
transmission	25
transmit	42
transmittable	68
transmittal	72
transmittance	76
transmitter	16
transnational	72
transoceanic	50
transparence	57
transparency	49
transparent	45
transparently	54
transpire	68
transplant	31
transplantable	57
transplantation	38
transponder	12
transport	38
transportability	55
transportable	49
transportation	28
transported	51
transporter	26
transporting	45
transposable	71
transpose	63
transposition	67
transsexual	39
transversally	77
transverse	70
transvestite	29
trap	18
trapdoor	11
trapeze	11
trapezoid	14
trapezoidal	34
trapped	42
trapper	35
trapping	40
traps	21
trapshooting	14
trash	7
trashcan	3
trashiness	68
trashy	55
trauma	57
traumatic	66
traumatically	66
traumatize	70
travel	33
traveled	62
traveler	23
traveling	38
travelled	48
traveller	11
traversable	68
traversal	65
traverse	53
traversed	54
traversing	44
travesty	73
tray	6
treacherous	70
treacherously	69
treacherousness	64
treachery	83
tread	36
treading	44
treadmill	2
treason	74
treasonable	80
treasonous	88
treasonously	94
treasure	17
treasured	62
treasurer	32
treasury	42
treat	30
treatable	61
treating	72
treatment	52
treaty	48
treble	57
tree	0
treehouse	3
treeless	19
treelike	50
treeline	4
treetop	6
trek	42
trekker	25
trelliswork	24
tremble	35
trembling	40
tremblingly	58
tremendous	72
tremendously	86
tremendousness	86
tremor	28
trench	14
trenchcoat	2
trenched	47
trencher	34
trend	64
trendiness	77
trendsetter	60
trendsetting	84
trendy	67
trepidation	83
trespass	39
trespasser	22
tresses	27
trestle	38
triage	46
trial	48
triangle	12
triangular	23
triangularly	62
triangulate	55
triangulation	65
triathlete	17
triathlon	44
tribal	62
tribalism	59
tribally	69
tribe	22
tribesman	10
tribeswoman	20
tribulation	71
tribunal	57
tribune	52
tributary	33
tribute	58
triceps	14
triceratops	22
trick	41
trickery	78
trickily	68
trickiness	83
tricking	66
trickle	35
trickling	38
trickster	45
tricky	74
tricolor	38
tricolored	34
tricycle	8
trident	12
tridimensional	52
tried	73
trifle	58
trifling	84
trifocals	14
trigger	17
triggered	60
triggerman	20
triglyceride	28
trigonometric	64
trigonometry	36
trilingual	55
trillion	57
trillionth	55
trilogy	38
trim	27
trimester	56
trimmer	40
trimming	29
trimness	66
trinity	52
trinket	13
trio	26
trip	32
tripe	36
triple	35
triplet	16
triplex	33
triplicate	51
tripod	7
tripper	24
tripping	42
tripwire	22
trisected	38
trisection	40
trite	73
tritely	83
triteness	79
triumph	71
triumphant	75
triumphantly	74
triumphing	77
trivia	59
trivial	72
trivialize	75
trivially	83
trivialness	84
trod	48
trodden	48
troll	18
trolley	7
trolling	49
trombone	2
trombonist	20
troop	17
trooper	25
troops	20
trophy	3
tropic	46
tropical	44
tropically	56
tropics	23
trot	22
trotter	39
trouble	69
troubled	80
troublemaker	51
troublemaking	64
troubleshoot	63
troubleshooter	37
troublesome	74
troublesomely	83
troublesomeness	83
troubling	75
troublingly	62
trough	21
trounce	49
troupe	25
trouser	3
trousers	2
trout	7
trowel	21
truant	52
truce	63
truck	4
trucker	11
trucking	32
truckload	20
trucks	3
truculent	76
trudge	45
true	82
truehearted	86
truelove	64
trueness	88
truffle	10
truly	84
trump	61
trumpet	3
trumpeter	11
trumpeting	54
truncate	60
trundling	60
trunk	7
trunks	6
trust	74
trustable	89
trustee	43
trusteeship	67
trustful	81
trustfully	69
trustfulness	79
trustily	78
trustiness	78
trusting	90
trustingly	86
trustless	86
trustworthily	76
trustworthiness	78
trustworthy	65
trusty	69
truth	76
truthful	78
truthfully	82
truthfulness	80
truthiness	83
try	70
trying	72
tryout	59
tryst	74
tsar	27
tsunami	17
tub	9
tuba	3
tubbiness	59
tubby	48
tube	4
tubeless	39
tuberculosis	34
tubful	27
tubing	16
tubular	56
tuck	29
tucking	23
tuesday	43
tuft	29
tug	38
tugboat	5
tugging	48
tuition	37
tulip	0
tumble	28
tumbled	41
tumbler	23
tumbleweed	4
tumbling	31
tummy	8
tumor	11
tumultuously	86
tumultuousness	79
tuna	3
tunable	60
tundra	20
tune	38
tuneable	57
tuned	65
tuneful	73
tuneless	73
tunelessly	56
tuner	32
tungsten	16
tunic	31
tuning	53
tunnel	4
tunneled	37
tunneling	50
tupperware	4
turban	6
turbine	10
turbines	14
turbo	46
turbocharger	23
turbofan	10
turbojet	14
turbulence	36
turbulent	58
turbulently	62
turd	25
turf	23
turkey	3
turmoil	72
turn	39
turnabout	55
turnaround	51
turncoat	22
turned	40
turner	41
turning	45
turnip	5
turnoff	66
turnout	48
turnover	39
turnpike	16
turns	40
turnstile	16
turntable	11
turpentine	3
turquoise	15
turret	10
turtle	0
turtledove	10
turtlehead	23
turtleneck	7
tush	14
tusk	6
tusked	41
tussle	57
tutor	18
tutorial	48
tutoring	37
tutorship	62
tutu	8
tux	1
tuxedo	3
tv	0
twain	52
twang	51
twat	43
tweak	55
tweaker	60
tweed	5
tween	41
tweet	37
tweeter	36
tweeting	38
tweeze	36
tweezer	3
tweezers	1
twelfth	48
twelve	35
twelvefold	54
twentieth	36
twenty	33
twentyfold	36
twerp	64
twice	52
twiddle	51
twiddling	48
twig	6
twiggy	42
twilight	22
twin	21
twine	24
twinge	61
twinkle	45
twinkles	41
twinkling	34
twinkly	46
twins	11
twirl	27
twirler	35
twist	28
twistable	45
twisted	44
twister	14
twisting	39
twistingly	63
twisty	48
twit	58
twitch	30
twitchily	51
twitchiness	47
twitchingly	69
twitchy	42
twitter	23
two	21
twofaced	74
twofold	62
twosome	43
tycoon	33
tying	36
tyke	25
type	43
typecast	56
typeface	20
typescript	16
typeset	22
typesetter	30
typesetting	40
typewrite	26
typewriter	3
typewriting	14
typewritten	25
typhoid	40
typhoon	11
typhus	54
typical	87
typicality	87
typically	83
typist	15
typo	34
typographer	14
typographic	47
typographical	66
typographically	70
typography	42
typological	72
tyrannical	70
tyrannically	81
tyrannize	81
tyrannizing	71
tyrannosaurus	9
tyrannously	84
tyranny	83
tyrant	30
ubiquitous	74
udder	0
ugh	82
ugliness	44
ugly	44
ukulele	9
ulcer	8
ulcerated	54
ulcerative	65
ulterior	89
ultimate	82
ultimately	94
ultimatum	73
ultra	86
ultraconservatism	85
ultraconservative	70
ultrafashionable	63
ultrafast	55
ultraliberal	74
ultralight	47
ultralow	72
ultramicroscopic	55
ultramodern	58
ultraorthodox	85
ultrashort	49
ultrasonic	54
ultrasound	26
ultraviolent	58
ultraviolet	44
umbilical	28
umbrella	0
umpire	18
unabashed	78
unabashedly	88
unabated	79
unabatedly	77
unabbreviated	77
unable	81
unabridged	72
unabsorbed	47
unaccented	64
unacceptability	76
unacceptable	82
unacceptably	83
unaccepted	72
unaccommodating	83
unaccompanied	56
unaccomplished	75
unaccountability	85
unaccountable	80
unaccountably	84
unaccounted	78
unaccredited	76
unaccustomed	80
unachievable	87
unachieved	77
unacknowledged	80
unacquainted	76
unaddressed	77
unadjusted	78
unadoptable	80
unadorned	58
unadulterated	73
unadventurous	74
unadventurously	83
unadvertised	67
unadvisable	83
unadvised	82
unadvisedly	92
unaesthetic	62
unaffected	81
unaffectedly	87
unaffectedness	81
unaffecting	76
unaffectionate	65
unaffiliated	70
unaffordable	60
unafraid	79
unaggressive	68
unaided	78
unaired	82
unalarmed	72
unalienable	74
unaligned	62
unalike	77
unallied	83
unallowable	80
unalterable	80
unalterably	77
unaltered	82
unambiguous	90
unambiguously	83
unambiguousness	85
unanalyzed	88
unanchored	50
unanimated	69
unanimous	57
unanimously	53
unannounced	65
unanswerable	78
unanswerably	89
unanswered	58
unanticipated	89
unapologetic	77
unapparent	89
unappealing	72
unappeasable	85
unappeasably	82
unappeased	85
unappetizing	82
unapplied	83
unappreciable	82
unappreciated	83
unappreciative	77
unappreciatively	82
unapproachable	90
unappropriate	86
unapproved	75
unarguable	82
unarguably	86
unarm	47
unarmed	36
unarmored	31
unarranged	67
unarticulated	75
unascertainable	84
unascertained	92
unashamed	83
unashamedly	78
unassailable	81
unassailably	83
unassembled	38
unasserted	86
unassertive	80
unassertiveness	80
unassigned	75
unassimilated	81
unassisted	82
unassociated	85
unassuming	79
unassumingly	80
unattached	63
unattainable	82
unattainably	82
unattained	76
unattended	52
unattested	84
unattractive	74
unattractively	78
unattractiveness	70
unattributed	72
unaudited	80
unauthentic	79
unauthenticated	75
unauthorized	63
unavailability	73
unavailable	77
unavailing	83
unavoidable	84
unavoidably	71
unawake	45
unaware	81
unawareness	82
unawares	78
unbaked	31
unbalance	64
unbalanced	70
unbalancing	66
unbarred	60
unbearable	75
unbearably	69
unbeatable	82
unbeatably	82
unbeaten	64
unbeautiful	80
unbecoming	68
unbecomingly	75
unbecomingness	87
unbefitting	88
unbeknown	76
unbeknownst	88
unbelief	86
unbelievable	86
unbelievably	84
unbeliever	78
unbelieving	83
unbelievingly	76
unbend	43
unbendable	55
unbending	66
unbendingly	70
unbeneficial	89
unbent	52
unbiased	73
unbigoted	87
unbilled	66
unbind	34
unbinding	73
unbitten	58
unbleached	30
unblemished	50
unblended	61
unblessed	91
unblinking	49
unblinkingly	58
unblock	50
unblocked	52
unblushing	69
unblushingly	74
unbolt	28
unbolted	42
unborn	60
unbothered	85
unbound	59
unbounded	67
unbowed	60
unboxed	46
unbraid	28
unbraided	44
unbranded	59
unbreakable	55
unbridle	66
unbridled	91
unbroken	41
unbuckle	35
unbuckled	26
unbudgeted	57
unbundle	39
unbundled	54
unburden	75
unburdened	71
unburied	39
unburnable	58
unburned	40
unbury	51
unbutton	27
unbuttoned	17
uncalculated	76
uncalculating	88
uncalled	68
uncannily	77
uncanny	84
uncanvassed	50
uncap	42
uncapped	44
uncapsizable	49
uncaptioned	64
uncaring	78
uncarpeted	29
uncased	48
uncatchable	70
uncategorized	76
unceasing	67
unceasingly	86
uncelebrated	77
uncensored	72
unceremonious	81
unceremoniously	83
uncertain	78
uncertainly	76
uncertainness	81
uncertainty	81
uncertified	71
unchain	43
unchained	40
unchallengeable	80
unchallenged	72
unchallenging	73
unchangeable	72
unchangeableness	82
unchangeably	82
unchanged	68
unchanging	72
unchangingly	77
uncharacteristic	79
uncharacteristically	77
uncharacterized	76
uncharged	70
uncharitable	72
uncharitably	88
uncharted	58
unchartered	66
unchaste	70
uncheck	46
unchecked	72
unchristian	86
uncirculated	68
uncircumcised	17
uncivil	82
uncivilized	68
uncivilly	80
unclad	49
unclaimed	60
unclamp	41
unclamped	43
unclasp	44
unclasped	46
unclassifiable	79
unclassified	65
uncle	19
unclean	45
uncleanly	61
uncleanness	62
unclear	65
unclench	51
unclick	54
unclip	35
unclipped	55
uncloak	49
uncloaked	48
unclog	33
unclogged	40
unclosed	45
unclothe	41
unclothed	27
unclouded	72
uncluttered	52
uncoated	43
uncoil	30
uncoiled	51
uncollected	66
uncollectible	71
uncolored	33
uncombed	44
uncombined	55
uncomely	77
uncomfortable	73
uncomfortably	62
uncomforted	72
uncomforting	77
uncommented	68
uncommitted	79
uncommon	66
uncommonly	80
uncommonness	88
uncommunicative	73
uncommunicatively	78
uncommunicativeness	80
uncompassionate	87
uncompelled	85
uncompensated	66
uncompetitive	78
uncompleted	45
uncomplicated	76
uncomplimentary	77
uncompounded	76
uncomprehending	81
uncomprehendingly	83
uncompressed	52
uncompressible	80
uncompromised	77
uncompromising	77
uncompromisingly	89
unconcealed	51
unconceivable	76
unconcern	76
unconcerned	73
unconcernedly	85
unconcluded	79
uncondensed	58
unconditional	81
unconditionally	76
unconditioned	77
unconfident	83
unconfidently	74
unconfined	51
unconfirmed	69
unconformable	72
unconformity	78
unconfused	78
uncongested	55
unconnected	57
unconnectedly	81
unconquerable	72
unconquered	69
unconscientiously	80
unconscionable	83
unconscionably	83
unconscious	64
unconsciously	86
unconsciousness	52
unconsidered	79
unconsolidated	66
unconstitutional	55
unconstitutionality	79
unconstitutionally	87
unconstrained	78
unconstructed	63
unconstructive	76
unconsumed	68
unconsummated	65
uncontainable	70
uncontained	77
uncontaminated	51
uncontestable	79
uncontested	66
uncontrived	74
uncontrollability	79
uncontrollable	72
uncontrollably	75
uncontrolled	82
uncontroversial	77
unconventional	76
unconventionality	90
unconventionally	90
unconverted	72
unconvertible	72
unconvinced	82
unconvincing	77
unconvincingly	79
uncooked	29
uncooperative	79
uncoordinated	59
uncork	35
uncorked	44
uncorking	31
uncorrectable	73
uncorrected	70
uncorrelated	82
uncorrupt	75
uncorrupted	78
uncorrupting	86
uncountable	82
uncounted	70
uncouple	45
uncoupled	52
uncourageous	87
uncouth	78
uncouthly	74
uncouthness	78
uncover	40
uncovered	40
uncreated	84
uncreative	73
uncritical	85
uncritically	85
uncross	51
uncrossed	56
uncrown	48
uncrowned	56
uncrowning	54
uncrushable	45
uncrushed	44
uncultivated	62
uncultured	80
uncured	51
uncurious	84
uncurl	40
uncurled	49
uncurling	47
uncustomary	78
uncut	47
undamaged	58
undamaging	72
undammed	73
undated	72
undaunted	76
undauntedly	90
undead	42
undeceive	77
undeceived	75
undeceiving	83
undecided	79
undecidedly	86
undecipherable	75
undeclared	80
undecorated	52
undedicated	82
undefeatable	73
undefeated	66
undefended	79
undefiled	81
undefined	90
undeleted	66
undeliverable	72
undelivered	68
undemanding	80
undemocratic	83
undemocratically	76
undemonstrated	75
undemonstrative	82
undemonstratively	80
undeniable	66
undeniably	88
undenominational	82
undependable	70
undependably	84
under	39
underachieve	73
underachievement	82
underachiever	70
underage	46
underappreciated	90
underarm	9
underbelly	24
underbid	77
underbody	25
underbred	73
underbrush	14
undercapitalization	75
undercarriage	12
undercharge	68
undercharged	74
underclass	57
underclassman	28
underclothes	8
underclothing	18
undercoat	12
undercoated	43
undercoating	25
undercook	35
undercooked	16
undercover	64
undercurrent	51
undercut	73
undercutting	73
underdevelop	66
underdeveloped	67
underdevelopment	62
underdog	57
underdone	58
underdressed	56
undereducated	72
underemployment	70
underestimate	74
underestimation	81
underexpose	59
underexposed	71
underexposure	62
underfed	53
underfeed	48
underfoot	53
underfund	74
underfunded	69
undergarment	13
undergo	65
undergoing	83
undergrad	45
undergraduate	45
underground	23
undergrowth	35
underhand	66
underhanded	64
underhandedly	78
underhandedness	77
underinsured	69
underlay	50
underlie	76
underline	26
underling	54
underlining	44
underlying	67
undermanned	60
undermine	78
undermining	81
undermost	68
underneath	32
undernourished	51
undernourishment	57
undernutrition	50
underpaid	62
underpants	3
underpass	20
underpay	62
underpayment	48
underperform	68
underperformance	80
underpinning	50
underpowered	70
underprepared	81
underprivileged	79
underproduction	68
underproductive	71
underrate	68
underrated	77
underrating	77
underrepresentation	68
underrepresented	86
underscore	41
undersea	29
undersell	70
underselling	67
undersexed	84
undershirt	0
undershorts	15
undershot	62
underside	30
undersign	50
undersigned	60
undersize	55
undersized	59
underskirt	18
underspecified	86
understaffed	62
understand	68
understandability	76
understandable	79
understandably	78
understanding	77
understandingly	83
understate	73
understatement	80
understood	68
understudy	38
undersupply	68
undersurface	32
undertake	82
undertaker	23
undertaking	70
undertone	65
undertook	86
undertow	32
undertrained	80
underuse	72
underutilized	77
undervaluation	76
undervalue	72
undervaluing	87
underwater	31
underway	60
underwear	1
underweight	55
underweighted	63
underwent	73
underwhelmed	81
underwire	4
underworld	51
underwrite	70
underwriter	44
underwriting	57
undeserved	73
undeservedly	82
undeserving	79
undeservingly	80
undesignated	80
undesirability	82
undesirable	70
undesirably	84
undesired	70
undestroyed	56
undetached	52
undetectable	82
undetected	64
undeterminable	75
undetermined	85
undeterred	81
undevelopable	78
undeveloped	64
undeviating	75
undiagnosed	82
undid	60
undifferentiated	89
undiffused	51
undigested	51
undignified	76
undiluted	42
undiminished	70
undimmed	66
undiplomatic	90
undirected	79
undisbursed	66
undiscernibly	83
undiscerning	86
undisciplined	75
undisclosed	82
undiscounted	77
undiscouraged	78
undiscoverable	80
undiscovered	72
undiscriminating	83
undisguised	62
undismayed	76
undisputable	83
undisputed	88
undisputedly	93
undisrupted	73
undistinguishable	82
undistinguished	76
undistinguishing	67
undistorted	64
undistracted	77
undistributed	68
undisturbed	66
undiversified	78
undividable	65
undivided	57
undo	61
undoable	77
undock	43
undocked	44
undocumented	64
undoing	65
undomesticated	85
undone	57
undoubted	80
undoubtedly	78
undoubting	88
undrafted	59
undraped	66
undreamt	86
undress	26
undressed	42
undrilled	48
undrinkable	63
undue	83
undulate	46
undulated	58
undulating	68
undulation	57
unduly	81
undusted	45
undutiful	82
undying	78
undyingly	88
uneager	77
unearned	86
unearth	46
unearthed	46
unearthliness	88
unearthly	79
unease	77
uneasily	89
uneasiness	80
uneasy	78
uneatable	53
uneaten	45
uneconomic	75
uneconomical	72
uneconomically	81
unedited	65
uneducated	71
unelaborated	86
unelected	66
unembarrassed	83
unembroidered	38
unemotional	78
unemotionally	84
unempirical	82
unemployable	78
unemployed	61
unemployment	47
unenclosed	59
unencumbered	79
unending	77
unendingly	93
unendorsed	79
unendurable	79
unendurably	84
unenergetic	64
unenforceable	74
unenforced	81
unengaged	62
unenhanced	78
unenlightened	79
unenlightening	86
unentertaining	72
unenthused	70
unenthusiastic	60
unenthusiastically	69
unenviable	85
unenvied	95
unequal	57
unequaled	78
unequally	67
unequipped	58
unequivocal	74
unequivocally	84
unescorted	49
unessential	82
unethical	84
unethically	88
unevaluated	82
uneven	48
unevenly	57
unevenness	43
uneventful	82
uneventfully	80
unexacting	80
unexaggerated	83
unexamined	72
unexcavated	46
unexcelled	83
unexceptionable	83
unexceptionably	93
unexceptional	84
unexceptionally	83
unexcitable	65
unexcited	75
unexciting	84
unexcused	82
unexecuted	72
unexercised	60
unexhausted	64
unexpected	69
unexpectedly	74
unexpectedness	85
unexpired	51
unexplainable	89
unexplainably	74
unexplained	80
unexploded	59
unexploited	80
unexplored	80
unexposed	66
unexpressed	85
unexpressive	79
unfading	76
unfailing	64
unfailingly	89
unfair	84
unfairly	86
unfairness	83
unfaithful	77
unfaithfully	88
unfaithfulness	82
unfaltering	73
unfalteringly	83
unfamiliar	79
unfamiliarity	70
unfamiliarly	84
unfarmed	48
unfashionable	80
unfashionably	75
unfasten	39
unfastened	41
unfatherly	80
unfathomable	87
unfathomably	93
unfathomed	86
unfavorable	77
unfavorably	76
unfazed	81
unfeasibility	78
unfeasible	89
unfeasibly	89
unfed	58
unfeeling	71
unfeelingly	86
unfeminine	68
unfenced	44
unfermented	45
unfertile	66
unfertilized	55
unfiled	58
unfilled	48
unfiltered	58
unfinished	66
unfired	65
unfishable	76
unfit	78
unfitness	61
unfitted	48
unfitting	70
unfittingly	88
unfixable	70
unfixed	56
unfixing	66
unflagging	64
unflaggingly	79
unflappable	78
unflattering	78
unflatteringly	86
unflavored	36
unflawed	75
unflinching	72
unflinchingly	76
unflustered	75
unfocused	72
unfold	36
unfolded	48
unfolding	49
unforced	74
unforeseeable	90
unforeseeably	90
unforeseen	79
unforgettable	85
unforgettably	86
unforgivable	92
unforgivably	92
unforgiven	82
unforgiving	90
unforgotten	86
unformatted	72
unformed	73
unformulated	78
unfortified	78
unfortunate	80
unfortunately	84
unfound	70
unfounded	78
unfoundedly	82
unframed	38
unfreeze	53
unfreezing	42
unfrequented	70
unfriendliness	75
unfriendly	72
unfrosted	33
unfroze	44
unfrozen	46
unfruitful	72
unfruitfulness	78
unfulfilled	84
unfulfilling	89
unfunded	70
unfunny	76
unfurl	31
unfurnished	46
unfussy	79
ungainly	74
ungallantly	82
ungenerous	84
ungenerously	79
ungentle	69
ungentlemanly	74
ungifted	79
unglamorous	72
unglazed	42
ungloved	35
unglue	55
unglued	58
ungodliness	91
ungodly	86
ungovernable	80
ungoverned	70
ungraceful	79
ungracefully	77
ungracious	73
ungraciously	76
ungraciousness	75
ungraded	45
ungrammatical	67
ungrammatically	72
ungraspable	73
ungrateful	84
ungratefully	86
ungratefulness	84
ungratified	76
ungreased	40
ungrounded	70
ungrouped	68
ungrudging	74
unguaranteed	82
unguarded	73
unguardedly	70
unguided	66
unhallowed	79
unhampered	64
unhand	58
unhandled	64
unhandsomely	74
unhandy	76
unhappily	62
unhappiness	87
unhappy	74
unhardened	53
unharmed	66
unharmonious	80
unharnessed	73
unhealed	48
unhealthful	71
unhealthily	48
unhealthiness	64
unhealthy	57
unheard	70
unhearing	75
unheated	51
unheeded	73
unheeding	70
unheedingly	82
unhelpful	86
unhelpfully	74
unhelpfulness	82
unheralded	88
unhesitant	75
unhesitating	78
unhesitatingly	82
unhidden	66
unhindered	79
unhinge	41
unhistorical	85
unhitch	47
unhitched	52
unhittable	78
unholy	87
unhook	42
unhooked	42
unhopeful	82
unhopefully	83
unhurried	60
unhurriedly	78
unhurriedness	70
unhurt	71
unhygienic	43
unhyphenated	40
unicellular	39
unicorn	34
unicycle	0
unicyclist	22
unidentifiable	75
unidentifiably	88
unidentified	76
unidimensional	69
unidirectional	56
unification	77
unified	73
unifier	72
uniform	8
uniformed	38
uniformity	64
uniformly	61
unify	67
unifying	76
unilateral	58
unilateralism	88
unilateralist	70
unilaterally	66
unilingual	72
unimaginable	91
unimaginably	91
unimaginative	75
unimaginatively	92
unimaginativeness	74
unimagined	88
unimpaired	66
unimpassioned	77
unimpeachable	88
unimpeded	78
unimportance	72
unimportant	79
unimportantly	78
unimposing	72
unimpressed	83
unimpressionable	84
unimpressive	76
unimpressively	78
unimproved	68
unincorporated	68
unindicted	74
unindustrialized	51
uninfected	56
uninfluenced	76
uninformed	75
uninhabitable	68
uninhabited	32
uninhibited	83
uninitiated	85
uninjured	57
uninspected	67
uninspired	92
uninspiring	85
uninstall	40
uninstalled	49
uninstructed	72
uninsurable	75
uninsured	68
unintelligence	76
unintelligent	84
unintelligently	71
unintelligibility	72
unintelligible	73
unintelligibly	80
unintended	78
unintentional	80
unintentionally	67
uninterested	82
uninterestedly	78
uninteresting	90
uninterestingly	79
uninterrupted	64
uninterruptible	80
unintuitive	86
uninventive	86
uninvestigated	76
uninvited	65
uninviting	70
uninvolved	80
union	40
unionism	72
unionization	68
unionize	69
unique	78
uniquely	74
uniqueness	78
unisex	45
unisexual	48
unison	51
unissued	77
unit	31
unitary	79
unite	60
united	60
uniting	72
unity	69
universal	78
universalism	84
universalist	74
universalistic	88
universality	91
universalize	82
universally	82
universe	29
university	9
unjacketed	43
unjust	92
unjustifiable	84
unjustifiably	79
unjustified	86
unjustly	78
unjustness	86
unkempt	55
unkemptness	66
unkind	70
unkindly	80
unkindness	76
unknot	40
unknotted	28
unknowable	90
unknowably	79
unknowing	89
unknowingly	84
unknowingness	86
unknowledgeable	75
unknown	88
unlabeled	43
unlabored	65
unlace	36
unlaced	34
unladylike	82
unlashed	54
unlatch	36
unlaundered	40
unlawful	71
unlawfully	81
unlawfulness	83
unleaded	54
unlearn	78
unlearned	80
unleash	36
unleashed	69
unleavened	42
unless	86
unlettered	68
unlevel	51
unleveled	56
unlicensed	75
unlighted	60
unlikable	80
unlike	58
unlikeable	70
unlikelihood	84
unlikely	77
unlikeness	81
unlimited	78
unlimitedly	88
unlined	38
unlink	44
unlinked	54
unlisted	64
unlit	40
unlivable	64
unload	45
unloaded	42
unloader	36
unlock	22
unlocked	38
unlocking	18
unlogged	71
unlooked	68
unloose	64
unloosen	67
unloosening	51
unlovable	82
unloved	78
unlovely	69
unloving	64
unluckily	80
unluckiness	84
unlucky	80
unmade	71
unmagnified	60
unmaintained	71
unmake	70
unmanageable	68
unmanageably	73
unmanaged	77
unmanliness	78
unmanly	66
unmanned	54
unmannered	79
unmannerly	76
unmanufactured	78
unmapped	59
unmarked	42
unmarketable	75
unmarred	50
unmarried	55
unmask	50
unmasked	46
unmasking	56
unmatchable	68
unmatched	67
unmeaning	84
unmeant	93
unmeasured	75
unmediated	83
unmelodic	60
unmemorable	83
unmentionable	74
unmentionables	43
unmentionably	80
unmentioned	85
unmerciful	83
unmercifully	88
unmerge	62
unmerged	63
unmerited	85
unmetered	69
unmethodical	66
unmethodically	82
unmilitary	58
unmindful	86
unmingled	72
unmissed	85
unmistakable	82
unmistakably	80
unmistaken	75
unmitigated	75
unmixable	68
unmixed	47
unmodified	76
unmold	56
unmolded	56
unmolested	78
unmonitored	62
unmoral	83
unmorally	92
unmotivated	70
unmovable	56
unmoved	75
unmoving	67
unmusical	79
unmusically	77
unnamable	84
unnamed	65
unnatural	90
unnaturally	80
unnaturalness	71
unnecessarily	87
unnecessary	86
unneeded	82
unnerve	72
unnerved	84
unnerving	76
unnoted	77
unnoticeable	76
unnoticeably	79
unnoticed	69
unnoticing	73
unnourished	59
unnumbered	72
unobedient	65
unobjectionable	86
unobjectionably	90
unobligated	76
unobservable	81
unobservant	74
unobserved	73
unobserving	81
unobstructed	56
unobtainable	78
unobtrusive	72
unobtrusively	84
unobtrusiveness	82
unobvious	90
unoccupied	59
unoffending	76
unofficial	85
unofficially	77
unopened	43
unopposed	69
unordered	59
unordinary	82
unorganized	48
unoriginal	71
unoriginality	87
unoriginally	89
unornamented	55
unorthodox	88
unostentatiously	82
unpack	30
unpacked	48
unpadded	31
unpaid	62
unpainted	50
unpaired	46
unpalatable	60
unparallel	66
unparalleled	84
unpardonable	76
unpardoned	73
unparticular	84
unpartisan	89
unpasteurized	52
unpatented	70
unpatriotic	90
unpatriotically	84
unpatrolled	66
unpaved	22
unpayable	80
unpeeled	25
unpeg	57
unperceived	81
unperceptive	82
unperfected	83
unperformed	73
unpermitted	72
unpersuasive	78
unpersuasively	91
unperturbed	84
unperturbedly	82
unphysical	71
unpick	65
unpicked	54
unpiloted	67
unpin	47
unpinned	46
unpitying	79
unplaced	84
unplanned	87
unplanted	43
unplayable	80
unpleasant	77
unpleasantly	76
unpleasantness	75
unpleased	72
unpleasing	79
unpledged	85
unplowed	50
unplug	20
unplugged	30
unplugging	38
unplumbed	52
unpolished	39
unpolluted	58
unpopular	73
unpopularity	80
unpopulated	51
unpractical	85
unpracticed	75
unprecedented	85
unprecedentedly	88
unpredictability	78
unpredictable	74
unpredictably	72
unpredicted	82
unprejudiced	78
unpremeditated	80
unpremeditatedly	92
unprepared	73
unpreparedness	75
unpreserved	72
unpresuming	74
unpresumptuous	83
unpretending	83
unpretentious	81
unpretentiously	90
unpretentiousness	88
unpreventable	80
unprimed	58
unprincipled	88
unprintable	66
unprinted	52
unprivileged	70
unproblematic	79
unprocessed	64
unproduced	62
unproductive	67
unproductively	82
unproductiveness	88
unprofessed	80
unprofessional	79
unprofessionalism	78
unprofessionally	88
unprofitable	72
unprofitably	75
unprogressive	73
unprolific	78
unpromising	93
unpromisingly	88
unprompted	75
unpronounceable	80
unpronounced	74
unprosecuted	74
unprotected	67
unproved	76
unproven	82
unprovoked	82
unpublished	57
unpunctual	79
unpunctually	72
unpunctuated	65
unpunished	68
unpurified	73
unqualified	76
unquenchable	66
unquenched	68
unquestionable	86
unquestionably	82
unquestioned	82
unquestioning	86
unquestioningly	85
unquotable	87
unquote	70
unquoted	68
unraced	82
unranked	75
unrated	71
unravel	60
unraveled	47
unraveling	55
unreachable	73
unreachably	72
unreached	58
unread	74
unreadable	68
unready	68
unreal	87
unrealism	85
unrealistic	78
unreality	87
unrealizable	84
unrealized	84
unreason	68
unreasonable	85
unreasonableness	79
unreasonably	85
unreasoned	82
unreasoning	80
unreasoningly	75
unrecalled	86
unreceptive	68
unreciprocated	70
unrecognizable	72
unrecognizably	90
unrecognized	69
unrecognizing	67
unrecorded	70
unrecoverable	80
unrecovered	70
unredeemable	89
unredeemed	86
unreduced	70
unreeled	60
unreeling	77
unreferenced	64
unrefined	62
unreflecting	75
unreflective	62
unreflectively	62
unreformed	79
unrefrigerated	54
unregistered	68
unregretful	75
unregulated	84
unrehearsed	70
unreinforced	64
unrelated	82
unreleased	62
unrelenting	74
unrelentingly	78
unreliability	77
unreliable	79
unreliably	71
unrelieved	80
unreligious	83
unremarkable	80
unremarked	74
unremembered	86
unremitting	79
unremorseful	78
unremorsefully	82
unrenowned	83
unrented	47
unrepaired	50
unrepeatable	64
unrepeated	65
unrepentant	76
unrepentantly	90
unreported	73
unrepresentative	86
unrepresented	77
unrepressed	90
unrequested	77
unrequited	75
unreserved	86
unreservedly	85
unreservedness	70
unresisting	79
unresistingly	74
unresolved	78
unrespectable	88
unresponsive	59
unresponsively	82
unresponsiveness	68
unrest	69
unrestrained	56
unrestrainedly	76
unrestraint	77
unrestricted	74
unrestrictedly	67
unrestrictive	61
unretired	63
unreturned	57
unrevealed	67
unrevealing	73
unrevealingly	77
unreviewable	75
unrevised	64
unrevoked	86
unrewarded	82
unrewarding	92
unrigged	43
unrigging	58
unrighteous	74
unrighteousness	90
unrightfully	87
unripe	42
unrivaled	81
unrivalled	84
unroasted	36
unrobed	34
unroll	39
unrolled	40
unrolling	51
unromantic	78
unromantically	78
unroofed	42
unrounded	62
unruffled	50
unruliness	72
unruly	68
unrushed	82
unsacred	90
unsaddle	30
unsaddled	44
unsaddling	46
unsafe	78
unsafeguarded	82
unsafely	84
unsaid	72
unsalaried	69
unsalted	28
unsalvageable	66
unsanctified	86
unsanctioned	84
unsanitary	54
unsatisfactorily	68
unsatisfactory	72
unsatisfied	78
unsatisfying	84
unsaturated	62
unsaved	78
unsavorily	83
unsavory	81
unscarred	62
unscathed	55
unscented	50
unscheduled	70
unscholarly	76
unschooled	74
unscientific	76
unscientifically	79
unscramble	53
unscrambled	54
unscrambling	60
unscratched	48
unscreened	52
unscrew	27
unscrewed	34
unscrewing	26
unscripted	60
unscrupulous	84
unscrupulously	88
unscrupulousness	89
unseal	49
unsealed	33
unsealing	51
unsearchable	81
unsearchableness	75
unsearched	83
unseasonable	73
unseasonably	83
unseasoned	52
unseat	48
unseated	55
unseaworthy	57
unsecure	62
unsecured	54
unseeing	67
unseeingly	72
unseemliness	79
unseemly	83
unseen	83
unselect	56
unselected	64
unselective	74
unselfconscious	81
unselfish	88
unselfishly	80
unselfishness	82
unsent	62
unsentimental	77
unsentimentally	77
unserious	77
unserviceable	80
unset	75
unsettle	71
unsettled	69
unsettledness	90
unsettlement	80
unsettling	90
unsexed	60
unshackle	46
unshackled	40
unshackling	46
unshakable	73
unshakably	84
unshakeable	70
unshaken	70
unshaped	54
unshapely	75
unshared	78
unsharpened	36
unshaved	19
unshaven	19
unsheathe	31
unsheathed	40
unsheathing	47
unshelled	21
unsheltered	62
unshielded	60
unshipped	59
unshrinking	64
unsighted	74
unsightliness	64
unsightly	72
unsigned	37
unsinkable	60
unskilled	76
unskillful	76
unskillfully	72
unsliced	46
unsmiling	56
unsmilingly	58
unsmooth	38
unsmoothed	56
unsnap	51
unsnapped	44
unsnarl	57
unsociability	84
unsociable	79
unsociably	83
unsocial	75
unsoiled	55
unsold	56
unsolicited	72
unsolvable	77
unsolved	75
unsophisticated	72
unsorted	55
unsought	80
unsound	82
unsoundly	69
unsoundness	77
unsown	60
unsparingly	81
unspeakable	87
unspeakably	78
unspeaking	72
unspecialized	69
unspecific	90
unspecified	89
unspectacular	90
unspectacularly	75
unspent	80
unspiritual	92
unspoiled	67
unspoken	70
unsponsored	68
unsporting	80
unsportsmanlike	75
unspotted	55
unstable	62
unstableness	83
unstably	83
unstaffed	57
unstained	45
unstamped	44
unstated	77
unstaunched	72
unsteadied	62
unsteadily	55
unsteadiness	64
unsteady	56
unsteadying	84
unsterile	65
unsterilized	54
unstilted	81
unstipulated	75
unstirred	47
unstitch	41
unstitched	36
unstitching	46
unstoppable	66
unstopped	68
unstrained	68
unstrapped	42
unstressed	80
unstring	45
unstructured	74
unstrung	61
unstuck	57
unstudied	83
unstuffed	59
unstylish	72
unsubscribed	58
unsubscribing	59
unsubsidized	79
unsubstantial	82
unsubstantially	87
unsubstantiated	80
unsubtle	73
unsubtly	78
unsuccessful	69
unsuccessfully	83
unsuccessfulness	79
unsuitability	75
unsuitable	87
unsuitableness	77
unsuitably	92
unsuited	67
unsung	81
unsupervised	60
unsupplied	56
unsupportable	79
unsupported	74
unsuppressed	78
unsure	75
unsurpassable	72
unsurpassed	70
unsurprised	71
unsurprising	75
unsusceptible	74
unsuspected	84
unsuspecting	82
unsuspectingly	81
unsuspended	72
unsuspicious	83
unsustainable	88
unswayable	75
unsweetened	34
unswerving	68
unswervingly	78
unsworn	80
unsymmetrical	62
unsympathetic	89
unsympathetically	88
unsynchronized	53
unsystematic	81
unsystematically	72
untactful	78
untagged	31
untainted	76
untaken	74
untalented	70
untamable	82
untamed	73
untangle	48
untangled	43
untangling	44
untapped	70
untarnished	61
untaught	76
untaxed	68
untelevised	72
untellable	90
untended	68
untendered	69
untested	74
unthankful	72
unthankfully	73
unthawed	30
unthinkable	89
unthinkably	82
unthinking	76
unthinkingly	80
unthread	39
unthreaded	42
unthreatened	71
unthreatening	68
unthrifty	76
untidily	61
untidiness	51
untidy	48
untie	28
untied	28
until	92
untimed	56
untimely	75
untiring	74
untiringly	68
untitled	75
unto	84
untoasted	34
untold	81
untouchable	68
untouchably	79
untouched	57
untowardly	92
untraceable	69
untraced	79
untracked	76
untradeable	79
untraded	70
untraditional	78
untrained	65
untransformed	76
untranslatable	80
untraveled	74
untreatable	62
untreated	58
untried	78
untrimmed	51
untroubled	82
untrue	72
untruly	82
untrusting	90
untrustworthiness	77
untrustworthy	75
untruth	70
untruthful	81
untruthfully	74
untruthfulness	82
unturned	64
untutored	73
untwine	58
untwined	67
untwist	39
untwisted	54
untwisting	33
untying	51
untypical	73
untypically	85
unusable	78
unused	59
unusual	70
unusually	80
unusualness	81
unutterable	75
unutterably	78
unvaccinated	69
unvalued	84
unvanquished	77
unvaried	70
unvarnished	38
unvarying	83
unvaryingly	80
unveil	51
unveiled	35
unveiling	63
unvented	63
unventilated	49
unverifiable	88
unverified	70
unversed	77
unviable	76
unvisited	77
unvocal	61
unwaged	76
unwanted	75
unwariness	91
unwarlike	89
unwarned	86
unwarrantable	81
unwarranted	77
unwarrantedly	88
unwary	76
unwashed	46
unwatchable	64
unwatched	74
unwatchful	73
unwavering	79
unwaveringly	84
unwearied	67
unweave	53
unwed	60
unwedded	73
unwelcome	75
unwelcomed	76
unwelcoming	82
unwell	61
unwholesome	84
unwholesomely	88
unwholesomeness	86
unwieldiness	80
unwieldy	70
unwilling	85
unwillingly	84
unwillingness	80
unwind	62
unwinding	60
unwinnable	74
unwire	44
unwired	46
unwise	83
unwisely	78
unwished	84
unwitting	85
unwittingly	75
unwomanly	83
unworkable	77
unworldly	73
unworn	49
unworried	84
unworriedly	84
unworthily	89
unworthiness	82
unworthy	77
unwound	47
unwounded	56
unwoven	36
unwrap	46
unwrapped	42
unwrapping	38
unwrinkled	34
unwritten	72
unyielding	57
unyieldingly	81
unyieldingness	78
unyoked	36
unzip	26
up	29
upbeat	77
upbringing	75
upchuck	38
upcoming	76
upcountry	62
update	55
updraft	55
upend	57
upfront	68
upgrade	66
upheaval	63
upheld	74
uphill	35
uphold	54
upholder	67
upholster	19
upholstered	30
upholsterer	23
upholstery	9
upkeep	64
uplift	66
uplifted	60
uplifting	76
upload	47
upon	54
upper	41
uppercase	34
upperclassman	27
uppercut	24
uppermost	57
uppers	58
uppity	68
upright	35
uprightly	60
uprightness	67
uprights	45
uprise	65
uprising	65
upriver	40
uproar	50
uproariously	73
uproot	44
uprooted	53
upscale	60
upset	65
upsetting	78
upsettingly	76
upside	60
upsides	64
upslope	27
upspring	57
upstage	61
upstairs	17
upstanding	74
upstart	59
upstate	44
upstream	31
upstroke	42
upsurge	71
upswing	51
uptake	56
uptempo	57
uptight	78
uptown	43
uptowner	50
upturn	60
upturned	42
upward	36
upwardly	59
upwards	59
upwind	27
uranium	18
urban	39
urbane	88
urbaneness	68
urbanism	74
urbanization	60
urbanize	74
urchin	19
urethane	32
urethra	16
urge	77
urgency	74
urgent	66
urgently	72
urging	72
urinal	10
urinalysis	47
urinary	44
urinate	14
urination	17
urine	2
urn	10
urological	69
urologist	9
urology	48
us	35
usability	88
usable	75
usage	73
use	56
useable	72
used	59
useful	72
usefully	74
usefulness	78
useless	80
uselessly	78
uselessness	89
user	46
usergroup	61
username	24
usher	16
usual	78
usually	74
usualness	81
usurp	67
usurper	62
usurping	72
utensil	11
uterine	40
uterus	7
utilitarian	67
utilitarianism	84
utility	48
utilizable	85
utilization	70
utilize	76
utmost	84
utopia	82
utopian	78
utopianism	91
utter	49
utterance	57
utterly	83
uttermost	88
vacancy	43
vacant	38
vacantly	64
vacate	40
vacation	46
vacationer	23
vaccinate	41
vaccination	19
vaccine	8
vacillation	64
vacuously	74
vacuum	20
vacuumcleaner	6
vagabond	30
vagabondism	78
vagina	4
vaginal	34
vagrancy	57
vagrant	38
vagrantly	78
vague	86
vaguely	82
vagueness	80
vain	77
vainly	84
vainness	81
valance	29
valedictorian	27
valentine	55
valet	19
valiance	75
valiant	85
valiantly	85
valid	68
validate	70
validation	69
validity	78
validly	81
validness	86
valium	4
valley	7
valor	79
valorously	90
valuable	70
valuables	48
valuably	84
valuation	73
value	84
valued	86
valueless	85
valve	4
vamp	49
vamped	77
vampire	21
vampirism	57
van	7
vandal	27
vandalism	38
vandalize	56
vane	29
vanilla	8
vanish	56
vanishing	66
vanishingly	77
vanity	71
vanload	29
vanquish	70
vanquished	67
vanquisher	53
vanquishing	77
vantage	77
vapidly	73
vapor	21
vaporizable	69
vaporization	40
vaporize	44
vaporizer	20
vaporous	64
vapory	60
variability	78
variable	69
variableness	77
variably	73
variance	79
variant	72
variation	64
varicolored	50
varicose	29
varied	50
variety	72
various	66
variously	80
varmint	24
varnish	22
varnished	35
varnisher	46
varnishing	25
varsity	52
vary	77
varying	72
varyingly	81
vascular	46
vase	0
vasectomy	14
vaseline	2
vast	72
vastly	77
vastness	70
vat	10
vault	9
vaulted	44
vaulting	36
veal	6
veer	45
vegan	30
veganism	85
vegetable	3
vegetarian	31
vegetarianism	57
vegetate	51
vegetation	14
vegetative	64
veggie	5
vehement	77
vehemently	82
vehicle	9
vehicular	58
veil	14
veiled	44
veiling	40
vein	9
veined	42
velcro	2
velocity	68
velvet	14
velvetiness	52
velvety	28
vend	49
vendetta	73
vending	44
vendingmachine	4
vendor	12
veneer	24
veneering	46
venerability	86
venerable	82
venerably	83
veneration	84
venetian	47
vengeance	74
vengeful	70
vengefully	86
vengefulness	80
venison	14
venom	9
venomous	40
venomousness	60
vent	11
ventilate	56
ventilating	49
ventilation	38
ventilator	24
ventricle	16
ventricular	53
ventriloquism	36
ventriloquist	14
venture	60
venturer	43
venue	36
venus	12
veracious	76
veraciously	80
veraciousness	82
veracity	88
veranda	12
verb	54
verbal	62
verbalism	86
verbalization	53
verbalize	51
verbally	66
verbatim	80
verbiage	62
verbose	78
verbosely	83
verboseness	84
verdict	70
verge	67
verifiability	84
verifiable	81
verifiably	79
verification	64
verifier	64
verify	72
veritable	80
vermicelli	12
vermin	13
verminous	62
vermouth	21
vernacular	64
versatile	74
versatility	83
verse	45
versed	76
version	82
versus	78
vertebra	14
vertebrae	9
vertebrata	32
vertebrate	16
vertex	47
vertical	38
vertically	34
verticalness	46
vertices	32
vertigo	55
very	89
vessel	8
vest	12
vestibule	16
vestige	68
vesting	70
vet	11
veteran	10
veterinarian	14
veterinary	37
veto	52
vex	75
vexed	74
vexingly	82
via	80
viability	77
viable	84
vial	22
vibe	78
vibes	63
vibrancy	64
vibrant	66
vibrantly	66
vibrate	25
vibrating	35
vibration	35
vibrator	9
vicarious	92
vicariously	88
vicariousness	80
vice	64
viceroy	42
vicinity	66
vicious	74
viciously	67
viciousness	80
victim	35
victimhood	73
victimization	78
victimize	64
victimizer	59
victimless	80
victor	53
victorious	69
victoriously	76
victory	61
video	8
videocassette	0
videoconference	19
videogame	2
videographer	21
videophone	10
videotape	2
view	45
viewable	55
viewer	22
viewership	63
viewfinder	14
viewing	54
viewless	68
viewpoint	69
vigil	60
vigilance	66
vigilant	70
vigilante	41
vigilantism	91
vigilantly	84
vignette	37
vigor	68
vigorous	68
vigorously	63
vigorousness	72
vile	72
vileness	85
villa	5
village	3
villager	19
villain	30
villainous	62
villainously	81
villainy	75
vinaigrette	12
vindicate	82
vindication	85
vindicator	64
vindictive	70
vindictively	75
vindictiveness	83
vine	3
vinegar	3
vinegary	45
vinery	32
vineyard	5
vintage	57
vinyl	12
viola	12
violate	78
violation	58
violator	38
violence	48
violent	48
violently	78
violet	13
violin	1
violinist	4
violinmaker	6
violinmaking	21
viper	8
viperfish	8
viral	51
virgin	42
virginal	66
virginally	77
virginity	55
virile	70
virility	79
virologist	30
virtual	71
virtually	75
virtue	84
virtuosity	82
virtuoso	54
virtuous	83
virtuously	89
virtuousness	83
virulently	78
virus	38
visa	16
visceral	66
viscerally	79
viscosity	51
viscous	43
viscously	65
vise	25
viselike	46
visibility	49
visible	48
visibly	64
vision	40
visionary	63
visionless	62
visit	27
visitation	48
visiting	56
visitor	19
visor	8
vista	38
visual	51
visualization	54
visualize	64
visualizer	66
visually	62
vital	77
vitalism	87
vitality	80
vitalization	88
vitalize	77
vitalizing	76
vitally	92
vitals	49
vitamin	13
vitamins	12
vivacious	70
vivaciously	68
vivaciousness	70
vivid	74
vividity	61
vividly	76
vividness	71
vixen	30
vocabulary	49
vocal	52
vocalism	57
vocalist	20
vocalization	58
vocalize	54
vocally	44
vocation	57
vocational	62
vocationally	68
vodka	1
vogue	71
voguish	79
voice	22
voiced	44
voiceless	54
voicelessly	62
voicemail	24
voiceover	31
voicing	58
void	60
voidable	84
voided	67
voiding	70
volatile	66
volatility	70
volcanic	27
volcanically	59
volcano	6
volcanologist	36
volition	83
volley	35
volleyball	2
volleying	36
volt	39
voltage	38
volume	48
volumes	49
volumetric	64
voluminous	61
voluminously	77
voluntarily	79
voluntariness	77
voluntarism	68
voluntary	70
volunteer	31
volunteerism	65
voluptuous	53
voluptuously	68
voluptuousness	57
vomit	6
vomiter	33
vomiting	17
voodoo	60
voodooist	45
voracious	82
voraciousness	71
vortex	43
vote	29
voter	27
voting	43
vouch	65
voucher	30
vow	64
vowed	74
vowel	30
voyage	39
voyager	48
voyageur	45
voyeur	43
voyeurism	72
voyeuristic	70
vulgar	76
vulgarism	68
vulgarity	73
vulgarization	78
vulgarize	75
vulgarizer	80
vulgarly	75
vulnerability	66
vulnerable	75
vulnerably	78
vulture	7
vulva	12
wackiness	75
wacko	68
wacky	75
wad	27
wadding	35
waddle	35
waddling	35
wade	38
wader	31
wading	46
wafer	11
waffle	7
waft	50
wag	28
wage	30
waged	68
wager	52
wagerer	50
wagering	55
wages	26
wageworker	25
waggle	42
wagon	3
wagonload	20
wail	27
wailer	45
waist	7
waistband	5
waistcoat	9
waistline	17
wait	58
waiter	8
waiting	57
waitlist	36
waitperson	28
waitress	11
waive	51
waiver	34
wake	47
wakeful	57
wakefulness	75
waken	51
wakening	64
wakes	42
wakeup	47
waking	41
walk	23
walkabout	43
walker	15
walking	18
walkman	12
walkout	32
walkover	42
walkthrough	26
walkup	36
walkway	17
wall	3
wallboard	12
walled	28
wallet	5
wallflower	38
wallop	39
walloping	60
wallow	47
wallpaper	9
wallpapering	35
walmart	8
walnut	1
walrus	0
waltz	12
wand	7
wander	68
wanderer	45
wandering	62
wane	62
waned	70
waning	72
wanker	48
wannabe	79
want	77
wanting	75
wanton	52
wantonly	90
war	34
warbler	21
ward	35
warden	18
wardrobe	8
ware	36
warehouse	8
warehoused	50
warehouseman	8
warehousing	43
warfare	49
warhead	23
warhorse	20
warily	72
wariness	82
warlike	64
warlock	28
warlord	15
warm	36
warmed	54
warmer	43
warmhearted	78
warmheartedly	76
warming	42
warmish	50
warmly	72
warmness	48
warmonger	30
warmth	40
warn	53
warning	45
warp	48
warpath	56
warped	55
warping	49
warplane	6
warrant	32
warrantable	75
warranted	77
warrantee	53
warrantless	73
warranty	45
warrior	21
warship	3
wart	3
warthog	0
wartime	59
warty	36
wary	80
was	83
wasabi	8
wash	16
washable	55
washbasin	6
washboard	3
washbowl	6
washcloth	2
washday	52
washed	25
washer	7
washerwoman	27
washhouse	12
washing	14
washingmachine	4
washout	56
washrag	5
washroom	6
washstand	4
washtub	1
washwoman	25
wasp	1
waste	44
wastebasket	9
wasted	57
wasteful	76
wastefully	70
wastefulness	67
wasteland	25
wastepaper	12
waster	66
wastewater	22
wasting	72
watch	10
watchable	62
watchband	0
watchcase	14
watchdog	18
watched	46
watcher	21
watchful	70
watchfully	69
watchfulness	72
watching	36
watchmaker	16
watchman	8
watchtower	14
water	0
waterbed	2
waterbird	2
watercolor	17
watercolorist	22
watercress	17
watered	28
waterfall	2
waterfinder	42
waterfowl	14
waterfront	8
waterhole	9
wateriness	46
watering	19
wateringcan	2
waterish	62
waterless	43
waterlessness	50
waterline	15
waterlog	25
waterlogged	36
watermark	11
watermarked	27
watermelon	3
watermill	8
waterpolo	9
waterproof	35
waterproofing	43
waterscape	23
watershed	23
waterskiing	20
waterspout	5
watertight	50
waterway	15
waterweed	18
waterwheel	14
waterworks	23
watery	27
watt	48
wattage	49
wave	11
waved	33
waveform	45
wavelength	41
wavelike	56
waver	61
wavering	68
waveringly	76
waviness	46
waving	37
wavy	38
wax	1
waxed	28
waxing	32
waxwork	26
waxy	23
way	66
wayfaring	70
waypoint	49
ways	75
wayside	56
wayward	70
waywardly	80
waywardness	61
we	48
weak	55
weaken	66
weakening	71
weakling	46
weakly	71
weakness	60
wealth	59
wealthily	62
wealthy	57
wean	60
weapon	6
weaponless	46
weaponry	36
wear	35
wearable	60
wearer	31
wearied	70
wearier	65
wearily	75
weariness	64
wearing	35
wearisome	76
weary	50
wearying	78
weasel	6
weather	29
weathered	48
weatherglass	23
weathering	53
weatherman	7
weatherproof	47
weatherproofed	43
weatherproofing	22
weathertight	40
weathervane	13
weatherworn	45
weave	20
weaved	40
weaver	18
weaving	41
web	16
webbed	29
webbing	24
webbrowser	18
webby	35
webcam	3
webcast	29
webcasting	44
webdesign	38
webdeveloper	20
webfoot	15
weblog	28
webmanager	18
webmaster	40
webpage	6
webserver	28
website	12
wed	47
wedded	46
wedding	27
wedge	15
wedged	38
wedgie	23
wedging	50
wedlock	68
wednesday	46
wee	46
weed	2
weeded	40
weeder	23
weedkiller	8
weeds	4
weedy	33
week	38
weekday	45
weekend	29
weekender	61
weeklong	50
weekly	43
weeknight	44
weenie	20
weep	12
weeper	37
weeping	21
weeps	30
weepy	57
weigh	30
weighable	57
weighed	51
weighing	43
weight	26
weighted	54
weightily	81
weightiness	59
weighting	60
weightless	42
weightlessly	53
weightlessness	58
weightlifter	7
weightlifting	17
weighty	56
weird	85
weirdly	76
weirdness	77
weirdo	55
welcome	73
welcomer	48
welcoming	74
welcomingly	85
weld	21
welder	4
welding	21
welfare	61
well	42
wellbeing	68
wellmannered	69
wellness	75
welt	14
welted	43
welting	36
wench	29
went	69
wept	20
were	88
werewolf	21
west	39
westbound	54
westcoast	32
western	55
westerner	43
westernization	73
westernize	76
westernmost	44
westward	33
westwards	38
wet	14
wetback	51
wetland	18
wetly	50
wetness	30
wetsuit	9
wetted	36
wetter	31
wetting	41
whack	38
whacker	46
whacking	38
whacky	74
whale	1
whaleboat	3
whalebone	14
whaler	17
whaling	33
wham	58
whammy	71
wharf	10
what	75
whatever	88
whatnot	77
whatsoever	96
wheat	3
wheatgrass	8
wheel	3
wheelbarrow	5
wheelbase	22
wheelchair	2
wheeled	31
wheeler	40
wheelhouse	11
wheelie	16
wheelman	34
wheeze	18
wheezy	35
whelp	40
when	85
whence	78
whenever	80
where	84
whereabouts	65
whereas	88
whereby	90
wherefore	89
wherein	83
whereof	92
whereto	83
whereupon	87
wherever	94
whether	85
whetstone	8
whey	7
which	86
whichever	92
whiff	56
while	86
whilst	79
whim	83
whimper	16
whimperer	38
whimpering	37
whimsical	77
whimsicality	84
whimsically	69
whimsicalness	80
whimsy	79
whine	40
whiner	34
whiney	52
whininess	69
whinny	32
whiny	67
whip	8
whiplash	38
whipped	43
whippersnapper	62
whipping	28
whir	60
whirl	41
whirled	54
whirling	39
whirlpool	9
whirlwind	23
whirly	52
whirlybird	17
whisk	17
whiskbroom	9
whisker	7
whiskered	22
whiskerless	35
whiskers	3
whiskey	6
whisking	34
whisky	0
whisper	17
whispered	22
whisperer	30
whispering	41
whisperingly	59
whispery	55
whistle	15
whistleblower	38
whistler	36
whistling	20
white	28
whitebeard	20
whiteboard	5
whitecap	10
whitefish	13
whitehead	12
whiten	36
whitener	31
whiteness	33
whitening	29
whiteout	18
whites	27
whitetail	12
whitewall	20
whitewash	32
whitewater	14
whither	48
whitish	43
whittle	21
whittler	24
whittling	27
whiz	60
whizzing	43
whizzkid	49
who	82
whoa	79
whodunit	68
whoever	77
whole	44
wholegrain	20
wholehearted	72
wholeheartedly	86
wholeheartedness	86
wholeness	62
wholesale	48
wholesaler	29
wholesome	71
wholesomely	84
wholesomeness	83
wholly	70
whom	77
whomever	79
whomsoever	62
whoop	47
whoopee	65
whooping	41
whoops	66
whoosh	59
whopper	57
whopping	66
whore	21
whorehouse	10
whoremonger	52
whorish	80
whorishly	68
whorishness	68
whose	83
whosesoever	74
whosoever	73
why	78
wick	8
wicked	72
wickedly	88
wickedness	82
wicker	18
wickerwork	23
wicking	49
wide	48
widely	70
widen	45
wideness	48
widescreen	14
widespread	69
widget	32
widow	17
widowed	44
widower	26
widowhood	50
width	34
widthwise	55
wield	48
wieldable	58
wielder	32
wieldy	83
wiener	5
wienie	12
wife	22
wifehood	62
wifeless	60
wifelessness	63
wifely	86
wifi	51
wig	7
wigged	49
wiggle	27
wiggler	39
wiggly	43
wigless	28
wigmaker	22
wigwam	13
wikipedia	26
wild	65
wildcard	47
wildcat	5
wilder	72
wilderness	30
wildfire	10
wildflower	8
wildfowl	19
wildish	68
wildland	26
wildlife	19
wildly	77
wildness	65
will	59
willable	76
willed	68
willful	80
willfully	77
willfulness	82
willing	73
willingly	74
willingness	80
willow	16
willowy	72
willpower	88
wilt	52
wimp	52
wimpy	70
win	58
wince	21
winch	15
wincing	40
wincingly	69
wind	27
windbag	42
windblown	44
windbreak	26
windbreaker	22
windburn	29
winded	56
windfall	62
windflower	22
windily	64
windiness	44
winding	34
windless	56
windmill	3
window	3
windowless	29
windowpane	3
windowsill	7
windpipe	6
windproof	36
windscreen	10
windshield	3
windsock	15
windstorm	15
windsurf	24
windsurfer	9
windsurfing	22
windswept	43
windward	65
windy	29
wine	5
wineglass	2
winegrower	33
winegrowing	35
winemaker	17
winemaking	28
winery	16
wineshop	1
wing	3
wingback	43
winged	33
wingless	32
wingman	35
wingspan	25
wingtip	8
wink	19
winker	27
winking	17
winnable	86
winner	45
winning	55
winningly	73
winnings	51
winter	29
winterberry	9
wintered	52
wintergreen	24
wintering	51
winterish	62
winterization	59
winterize	65
winterless	48
wintertime	33
wintery	42
wintry	42
wipe	25
wipeout	41
wiper	11
wire	7
wired	23
wireless	36
wirelessly	60
wirepuller	32
wirer	46
wiretap	19
wirework	32
wireworker	14
wiring	9
wiry	55
wisdom	87
wise	76
wiseass	62
wisecrack	52
wisecracker	44
wiseguy	48
wisely	73
wisenheimer	74
wiser	81
wish	81
wishbone	8
wished	77
wisher	40
wishful	66
wishfully	82
wishing	74
wisp	53
wisplike	70
wispy	45
wistful	73
wistfully	86
wistfulness	77
wit	77
witch	21
witchcraft	51
witchery	71
witching	74
witchlike	60
witchy	64
with	75
withdraw	49
withdrawal	67
withdrawer	60
withdrawing	60
withdrawn	70
withdrawnness	81
wither	57
withered	38
withering	45
witheringly	82
withers	38
withheld	74
withhold	58
withholder	59
withholding	71
within	55
without	71
withstand	68
withstood	67
witless	80
witlessly	84
witness	23
wits	81
wittily	80
wittiness	72
wittingly	83
witty	70
wiz	48
wizard	14
wizardly	70
wizardry	60
wobble	35
wobbliness	39
wobbling	35
wobblingly	55
wobbly	46
woe	76
woeful	83
woefully	78
woefulness	77
wok	11
woke	46
wolf	5
wolfhound	5
wolfish	62
wolfishly	66
wolfishness	72
wolverine	6
woman	14
womanhood	61
womanish	58
womanishness	80
womanize	55
womanizer	40
womankind	40
womanless	57
womanlike	46
womanliness	69
womanly	63
womb	16
wombat	13
womenfolk	38
won	51
wonder	80
wonderer	68
wonderful	80
wonderfully	88
wonderfulness	85
wondering	73
wonderingly	82
wonderland	65
wonderment	74
wondrous	88
wondrously	81
wondrousness	86
wont	85
woo	70
wood	4
woodbin	15
woodblock	10
woodcarver	10
woodcarving	21
woodchopper	7
woodchuck	3
woodcraft	21
woodcrafter	23
woodcraftsman	14
woodcut	28
woodcutter	12
woodcutting	15
wooded	14
wooden	10
woodenly	60
woodenness	47
woodenware	18
woodhouse	15
woodiness	40
woodland	31
woodlander	40
woodless	40
woodman	25
woodpecker	2
woodpile	0
woods	3
woodshed	8
woodshop	16
woodsman	10
woodstove	4
woodsy	48
woodwind	14
woodwork	14
woodworker	16
woodworking	22
woodworm	5
woody	47
woof	28
woofer	12
wooing	60
wooingly	80
wool	3
woolen	29
woolgatherer	36
woolgathering	46
wooliness	27
woolly	26
woolworker	20
woozy	48
word	36
worded	71
wordily	76
wordiness	54
wording	64
wordless	67
wordlessly	62
wordlessness	78
wordplay	78
wordsmith	32
wordy	45
wore	50
work	38
workability	77
workable	70
workableness	79
workaholic	64
workbag	12
workbasket	8
workbench	9
workboat	12
workbook	11
workbox	23
workday	33
worked	54
worker	10
workfellow	38
workflow	57
workfolk	44
workforce	34
workgroup	26
workhorse	30
workhouse	19
working	38
workingman	20
workings	60
workingwoman	27
workless	75
workload	37
workman	22
workmanlike	71
workmanship	67
workmate	23
workout	28
workpeople	15
workplace	13
workroom	8
works	30
worksheet	8
workshop	12
worksite	13
workspace	19
workstation	9
worktable	11
worktop	11
workup	51
workweek	44
workwoman	15
world	16
worldliness	80
worldly	78
worldview	67
worldwide	62
worm	2
wormed	56
wormhole	28
worming	57
wormlike	46
wormwood	14
wormy	46
worn	33
wornness	54
worried	70
worriedly	67
worrier	45
worrisome	69
worrisomely	80
worry	61
worrying	70
worryingly	78
worrywart	59
worse	85
worsen	82
worseness	78
worsening	76
worship	60
worshiper	33
worshipful	72
worshipfully	72
worshipfulness	84
worshipper	40
worst	86
wort	9
worth	78
worthiest	86
worthiness	80
worthless	76
worthlessly	81
worthlessness	85
worthwhile	75
worthy	75
would	97
wound	19
woundable	57
wounded	34
wounding	48
woundingly	71
woundless	55
wounds	20
wove	40
woven	46
wow	88
wraithlike	56
wrangle	34
wrangler	36
wrap	22
wraparound	35
wrapped	19
wrapper	15
wrapping	26
wrath	64
wrathful	78
wrathfully	75
wrathfulness	79
wreak	54
wreath	2
wreathe	26
wreathed	38
wreathless	53
wreathlike	51
wreck	23
wreckage	14
wrecker	18
wrecking	40
wren	30
wrench	2
wrenched	57
wrenchingly	71
wrestle	17
wrestler	15
wrestling	16
wretch	49
wretched	74
wretchedly	82
wretchedness	73
wriggle	34
wriggly	46
wring	25
wrinkle	18
wrinkled	18
wrinkleless	33
wrinkly	37
wrist	2
wristband	5
wristlet	16
wristwatch	4
writable	61
write	20
writeable	55
writer	17
writhe	56
writhed	52
writhing	45
writing	32
written	24
wrong	79
wrongdoer	38
wrongdoing	64
wronged	75
wrongful	88
wrongfully	77
wrongfulness	82
wrongheaded	85
wrongheadedness	89
wrongly	79
wrongness	90
wrote	36
wrought	64
wrung	43
wry	85
wryness	77
xbox	3
xenophobia	72
xenophobic	70
xerox	26
xylophone	6
xylophonist	18
yacht	1
yachter	25
yachting	24
yachtsman	16
yachtsmanship	64
yahoo	60
yak	9
yam	2
yank	23
yankee	37
yanking	32
yap	51
yapped	44
yapping	38
yappy	63
yard	4
yardage	50
yardman	15
yardmaster	30
yardstick	8
yarn	2
yawn	14
yawner	41
yawning	21
yeah	78
year	44
yearbook	10
yearling	27
yearlong	58
yearly	46
yearn	81
yearning	75
yeast	7
yeasty	51
yell	29
yelling	23
yellow	18
yellowbelly	68
yellowbird	9
yellowcake	6
yellowing	39
yellowish	38
yellowness	41
yellowpages	5
yellows	29
yellowtail	14
yellowy	52
yelp	36
yelper	28
yen	24
yes	72
yesterday	50
yesteryear	78
yet	90
yeti	26
yiddish	46
yield	52
yieldable	72
yielder	68
yielding	55
yieldingly	77
yieldingness	83
yin	63
yippee	70
yodel	20
yodeler	23
yoga	12
yogi	29
yogurt	2
yoke	4
yokeless	38
yolk	5
yolkless	34
yonder	60
you	22
young	46
younger	55
youngish	73
youngling	44
youngness	62
youngster	31
your	66
yours	72
yourself	15
yourselves	41
youth	43
youthful	52
youthfully	70
youthfulness	54
youtube	16
yoyo	7
yuck	79
yucky	78
yuletide	61
yummy	54
yuppie	58
zany	86
zap	54
zeal	67
zealot	61
zealous	75
zealously	89
zealousness	75
zebra	3
zen	86
zenith	54
zeppelin	14
zero	54
zest	68
zestful	75
zestfully	66
zestfulness	71
zesty	45
zigzag	37
zigzagged	25
zigzaggy	41
zillion	67
zillionth	77
zinc	15
zinfandel	19
zing	94
zinger	70
zip	38
zipfile	25
zipper	4
zippered	22
zipping	40
zippy	65
zips	33
zirconium	18
zit	4
zodiac	48
zodiacal	71
zombie	21
zone	48
zoned	56
zoning	64
zoo	5
zookeeper	7
zoological	65
zoologically	67
zoologist	18
zoology	41
zoom	48
zoophobia	74
zucchini	3
